"source_path","file_name","extension","size_bytes","corpus","layer","lane_id","chapter","last_write_utc"
".gitattributes",".gitattributes",".gitattributes","146","root_guidance","supporting_file","","","2026-05-21T09:06:49.4138831Z"
".gitignore",".gitignore",".gitignore","432","root_guidance","supporting_file","","","2026-05-21T09:23:07.1411587Z"
"AIWF_Atlas_VOL1_machine_facing_v3_3_api_cli_guide/00_AI_READ_FIRST/00_LOAD_ORDER.md","00_LOAD_ORDER.md",".md","1414","aiwf_atlas","read_first","","","2026-05-21T09:20:40.0287392Z"
"AIWF_Atlas_VOL1_machine_facing_v3_3_api_cli_guide/00_AI_READ_FIRST/AIWF_BRAND_ROLE_MAP.md","AIWF_BRAND_ROLE_MAP.md",".md","3891","aiwf_atlas","read_first","","","2026-05-21T07:12:10.0000000Z"
"AIWF_Atlas_VOL1_machine_facing_v3_3_api_cli_guide/00_AI_READ_FIRST/AIWF_BRAND_VOICE_AND_POSITIONING.md","AIWF_BRAND_VOICE_AND_POSITIONING.md",".md","5103","aiwf_atlas","read_first","","","2026-05-21T07:12:10.0000000Z"
"AIWF_Atlas_VOL1_machine_facing_v3_3_api_cli_guide/00_AI_READ_FIRST/AIWF_FORCE_MULTIPLIER_POSITIONING.md","AIWF_FORCE_MULTIPLIER_POSITIONING.md",".md","1238","aiwf_atlas","read_first","","","2026-05-21T07:12:10.0000000Z"
"AIWF_Atlas_VOL1_machine_facing_v3_3_api_cli_guide/00_AI_READ_FIRST/AIWF_HUMOR_AND_STYLE_GUIDE.md","AIWF_HUMOR_AND_STYLE_GUIDE.md",".md","2863","aiwf_atlas","read_first","","","2026-05-21T07:12:10.0000000Z"
"AIWF_Atlas_VOL1_machine_facing_v3_3_api_cli_guide/00_AI_READ_FIRST/ANSWER_STYLE_AND_CITATION_RULES.md","ANSWER_STYLE_AND_CITATION_RULES.md",".md","1043","aiwf_atlas","read_first","","","2026-05-21T07:12:10.0000000Z"
"AIWF_Atlas_VOL1_machine_facing_v3_3_api_cli_guide/00_AI_READ_FIRST/ANTI_AI_SLOP_RESEARCH_POLICY.md","ANTI_AI_SLOP_RESEARCH_POLICY.md",".md","1553","aiwf_atlas","read_first","","","2026-05-21T07:12:10.0000000Z"
"AIWF_Atlas_VOL1_machine_facing_v3_3_api_cli_guide/00_AI_READ_FIRST/ATLAS_BUILD_SESSION_COMMANDS.md","ATLAS_BUILD_SESSION_COMMANDS.md",".md","730","aiwf_atlas","read_first","","","2026-05-21T07:12:10.0000000Z"
"AIWF_Atlas_VOL1_machine_facing_v3_3_api_cli_guide/00_AI_READ_FIRST/ATLAS_OPERATING_CONTRACT.md","ATLAS_OPERATING_CONTRACT.md",".md","3668","aiwf_atlas","read_first","","","2026-05-21T07:12:10.0000000Z"
"AIWF_Atlas_VOL1_machine_facing_v3_3_api_cli_guide/00_AI_READ_FIRST/ATLAS_SOURCE_MAINTENANCE_GUIDE.md","ATLAS_SOURCE_MAINTENANCE_GUIDE.md",".md","1473","aiwf_atlas","read_first","","","2026-05-21T07:12:10.0000000Z"
"AIWF_Atlas_VOL1_machine_facing_v3_3_api_cli_guide/00_AI_READ_FIRST/CANONICAL_AIWF_TERMINOLOGY.md","CANONICAL_AIWF_TERMINOLOGY.md",".md","2858","aiwf_atlas","read_first","","","2026-05-21T07:12:10.0000000Z"
"AIWF_Atlas_VOL1_machine_facing_v3_3_api_cli_guide/00_AI_READ_FIRST/CHUNKING_AND_INDEXING_GUIDE.md","CHUNKING_AND_INDEXING_GUIDE.md",".md","1435","aiwf_atlas","read_first","","","2026-05-21T07:12:10.0000000Z"
"AIWF_Atlas_VOL1_machine_facing_v3_3_api_cli_guide/00_AI_READ_FIRST/COMFYUI_ADVANCED_ASSISTANT_RULES.md","COMFYUI_ADVANCED_ASSISTANT_RULES.md",".md","3120","aiwf_atlas","read_first","","","2026-05-21T07:12:10.0000000Z"
"AIWF_Atlas_VOL1_machine_facing_v3_3_api_cli_guide/00_AI_READ_FIRST/CONFIDENCE_AND_ANSWER_GATING.md","CONFIDENCE_AND_ANSWER_GATING.md",".md","1895","aiwf_atlas","read_first","","","2026-05-21T07:12:10.0000000Z"
"AIWF_Atlas_VOL1_machine_facing_v3_3_api_cli_guide/00_AI_READ_FIRST/EDITORIAL_CONSISTENCY_GUIDE.md","EDITORIAL_CONSISTENCY_GUIDE.md",".md","1496","aiwf_atlas","read_first","","","2026-05-21T07:12:10.0000000Z"
"AIWF_Atlas_VOL1_machine_facing_v3_3_api_cli_guide/00_AI_READ_FIRST/EVALUATION_HARNESS_USE_POLICY.md","EVALUATION_HARNESS_USE_POLICY.md",".md","864","aiwf_atlas","read_first","","","2026-05-21T07:12:10.0000000Z"
"AIWF_Atlas_VOL1_machine_facing_v3_3_api_cli_guide/00_AI_READ_FIRST/GRADIO_LEARNING_GUIDE_INTEGRATION_POLICY.md","GRADIO_LEARNING_GUIDE_INTEGRATION_POLICY.md",".md","907","aiwf_atlas","read_first","","","2026-05-21T07:12:10.0000000Z"
"AIWF_Atlas_VOL1_machine_facing_v3_3_api_cli_guide/00_AI_READ_FIRST/HOW_TO_USE_THIS_KNOWLEDGE_SET.md","HOW_TO_USE_THIS_KNOWLEDGE_SET.md",".md","2545","aiwf_atlas","read_first","","","2026-05-21T09:20:40.0287392Z"
"AIWF_Atlas_VOL1_machine_facing_v3_3_api_cli_guide/00_AI_READ_FIRST/LEARNING_GUIDE_SOURCE_USE_POLICY.md","LEARNING_GUIDE_SOURCE_USE_POLICY.md",".md","951","aiwf_atlas","read_first","","","2026-05-21T07:12:10.0000000Z"
"AIWF_Atlas_VOL1_machine_facing_v3_3_api_cli_guide/00_AI_READ_FIRST/LIMITS_AND_NON_GOALS.md","LIMITS_AND_NON_GOALS.md",".md","943","aiwf_atlas","read_first","","","2026-05-21T07:12:10.0000000Z"
"AIWF_Atlas_VOL1_machine_facing_v3_3_api_cli_guide/00_AI_READ_FIRST/MACHINE_GOVERNANCE_SUMMARY.md","MACHINE_GOVERNANCE_SUMMARY.md",".md","719","aiwf_atlas","read_first","","","2026-05-21T07:12:10.0000000Z"
"AIWF_Atlas_VOL1_machine_facing_v3_3_api_cli_guide/00_AI_READ_FIRST/MACHINE_USE_MASTER_INDEX.md","MACHINE_USE_MASTER_INDEX.md",".md","1462","aiwf_atlas","read_first","","","2026-05-21T09:20:40.0287392Z"
"AIWF_Atlas_VOL1_machine_facing_v3_3_api_cli_guide/00_AI_READ_FIRST/QUERY_ROUTING_MATRIX.md","QUERY_ROUTING_MATRIX.md",".md","1909","aiwf_atlas","read_first","","","2026-05-21T07:12:10.0000000Z"
"AIWF_Atlas_VOL1_machine_facing_v3_3_api_cli_guide/00_AI_READ_FIRST/RETRIEVAL_POLICY.md","RETRIEVAL_POLICY.md",".md","1644","aiwf_atlas","read_first","","","2026-05-21T07:12:10.0000000Z"
"AIWF_Atlas_VOL1_machine_facing_v3_3_api_cli_guide/00_AI_READ_FIRST/SOURCE_PRIORITY_AND_CONFLICT_RESOLUTION.md","SOURCE_PRIORITY_AND_CONFLICT_RESOLUTION.md",".md","1177","aiwf_atlas","read_first","","","2026-05-21T07:12:10.0000000Z"
"AIWF_Atlas_VOL1_machine_facing_v3_3_api_cli_guide/00_AI_READ_FIRST/SOURCE_VERIFICATION_GUIDE.md","SOURCE_VERIFICATION_GUIDE.md",".md","1097","aiwf_atlas","read_first","","","2026-05-21T07:12:10.0000000Z"
"AIWF_Atlas_VOL1_machine_facing_v3_3_api_cli_guide/00_AI_READ_FIRST/SOURCE_VERIFICATION_STATUS.md","SOURCE_VERIFICATION_STATUS.md",".md","595","aiwf_atlas","read_first","","","2026-05-21T07:12:10.0000000Z"
"AIWF_Atlas_VOL1_machine_facing_v3_3_api_cli_guide/00_AI_READ_FIRST/SYSTEM_PROMPT_FOR_AI_ASSISTANTS.md","SYSTEM_PROMPT_FOR_AI_ASSISTANTS.md",".md","3256","aiwf_atlas","read_first","","","2026-05-21T07:12:10.0000000Z"
"AIWF_Atlas_VOL1_machine_facing_v3_3_api_cli_guide/00_AI_READ_FIRST/TOPICS_20_25_CANONICAL_SOURCE_CORRECTIONS.md","TOPICS_20_25_CANONICAL_SOURCE_CORRECTIONS.md",".md","2420","aiwf_atlas","read_first","","","2026-05-21T07:12:10.0000000Z"
"AIWF_Atlas_VOL1_machine_facing_v3_3_api_cli_guide/00_AI_READ_FIRST/TORCHIE_OPERATOR_SHORTHAND_PROTOCOL.md","TORCHIE_OPERATOR_SHORTHAND_PROTOCOL.md",".md","2159","aiwf_atlas","read_first","","","2026-05-21T07:12:10.0000000Z"
"AIWF_Atlas_VOL1_machine_facing_v3_3_api_cli_guide/00_AI_READ_FIRST/VISUAL_ASSET_USE_POLICY.md","VISUAL_ASSET_USE_POLICY.md",".md","1448","aiwf_atlas","read_first","","","2026-05-21T07:12:10.0000000Z"
"AIWF_Atlas_VOL1_machine_facing_v3_3_api_cli_guide/00_AI_READ_FIRST/WEB_VERIFICATION_REQUIRED_POLICY.md","WEB_VERIFICATION_REQUIRED_POLICY.md",".md","1402","aiwf_atlas","read_first","","","2026-05-21T07:12:10.0000000Z"
"AIWF_Atlas_VOL1_machine_facing_v3_3_api_cli_guide/00_AI_READ_FIRST/WORKFLOW_PROMPT_AND_MARKDOWN_BRAND_POLICY.md","WORKFLOW_PROMPT_AND_MARKDOWN_BRAND_POLICY.md",".md","2341","aiwf_atlas","read_first","","","2026-05-21T07:12:10.0000000Z"
"AIWF_Atlas_VOL1_machine_facing_v3_3_api_cli_guide/01_CANONICAL_RESEARCH_LANES/01_source_ledger_evidence/CANONICAL_OVERVIEW.md","CANONICAL_OVERVIEW.md",".md","1579","aiwf_atlas","canonical_lane","01_source_ledger_evidence","","2026-05-21T07:12:12.0000000Z"
"AIWF_Atlas_VOL1_machine_facing_v3_3_api_cli_guide/01_CANONICAL_RESEARCH_LANES/01_source_ledger_evidence/CONCEPT_MAP.md","CONCEPT_MAP.md",".md","1403","aiwf_atlas","canonical_lane","01_source_ledger_evidence","","2026-05-21T07:12:12.0000000Z"
"AIWF_Atlas_VOL1_machine_facing_v3_3_api_cli_guide/01_CANONICAL_RESEARCH_LANES/01_source_ledger_evidence/EMBEDDING_AND_CHUNKING_STRATEGY.md","EMBEDDING_AND_CHUNKING_STRATEGY.md",".md","1433","aiwf_atlas","canonical_lane","01_source_ledger_evidence","","2026-05-21T07:12:12.0000000Z"
"AIWF_Atlas_VOL1_machine_facing_v3_3_api_cli_guide/01_CANONICAL_RESEARCH_LANES/01_source_ledger_evidence/GAP_AUDIT_AND_VOL2_QUEUE.md","GAP_AUDIT_AND_VOL2_QUEUE.md",".md","762","aiwf_atlas","canonical_lane","01_source_ledger_evidence","","2026-05-21T07:12:12.0000000Z"
"AIWF_Atlas_VOL1_machine_facing_v3_3_api_cli_guide/01_CANONICAL_RESEARCH_LANES/01_source_ledger_evidence/lane_profile.json","lane_profile.json",".json","974","aiwf_atlas","canonical_lane","01_source_ledger_evidence","","2026-05-21T07:12:12.0000000Z"
"AIWF_Atlas_VOL1_machine_facing_v3_3_api_cli_guide/01_CANONICAL_RESEARCH_LANES/01_source_ledger_evidence/QA_TEST_PROMPTS.md","QA_TEST_PROMPTS.md",".md","951","aiwf_atlas","canonical_lane","01_source_ledger_evidence","","2026-05-21T07:12:12.0000000Z"
"AIWF_Atlas_VOL1_machine_facing_v3_3_api_cli_guide/01_CANONICAL_RESEARCH_LANES/01_source_ledger_evidence/README_VOL1.md","README_VOL1.md",".md","1516","aiwf_atlas","canonical_lane","01_source_ledger_evidence","","2026-05-21T07:12:12.0000000Z"
"AIWF_Atlas_VOL1_machine_facing_v3_3_api_cli_guide/01_CANONICAL_RESEARCH_LANES/01_source_ledger_evidence/RETRIEVAL_CARDS.jsonl","RETRIEVAL_CARDS.jsonl",".jsonl","7950","aiwf_atlas","canonical_lane","01_source_ledger_evidence","","2026-05-21T07:12:12.0000000Z"
"AIWF_Atlas_VOL1_machine_facing_v3_3_api_cli_guide/01_CANONICAL_RESEARCH_LANES/01_source_ledger_evidence/SOURCE_COVERAGE.md","SOURCE_COVERAGE.md",".md","916","aiwf_atlas","canonical_lane","01_source_ledger_evidence","","2026-05-21T07:12:12.0000000Z"
"AIWF_Atlas_VOL1_machine_facing_v3_3_api_cli_guide/01_CANONICAL_RESEARCH_LANES/01_source_ledger_evidence/vol1_lane_manifest.json","vol1_lane_manifest.json",".json","841","aiwf_atlas","canonical_lane","01_source_ledger_evidence","","2026-05-21T07:12:12.0000000Z"
"AIWF_Atlas_VOL1_machine_facing_v3_3_api_cli_guide/01_CANONICAL_RESEARCH_LANES/01_source_ledger_evidence/VOL1_SCOPE.md","VOL1_SCOPE.md",".md","983","aiwf_atlas","canonical_lane","01_source_ledger_evidence","","2026-05-21T07:12:12.0000000Z"
"AIWF_Atlas_VOL1_machine_facing_v3_3_api_cli_guide/01_CANONICAL_RESEARCH_LANES/02_atlas_architecture_chunking_embedding/CANONICAL_OVERVIEW.md","CANONICAL_OVERVIEW.md",".md","1669","aiwf_atlas","canonical_lane","02_atlas_architecture_chunking_embedding","","2026-05-21T07:12:12.0000000Z"
"AIWF_Atlas_VOL1_machine_facing_v3_3_api_cli_guide/01_CANONICAL_RESEARCH_LANES/02_atlas_architecture_chunking_embedding/CONCEPT_MAP.md","CONCEPT_MAP.md",".md","1526","aiwf_atlas","canonical_lane","02_atlas_architecture_chunking_embedding","","2026-05-21T07:12:12.0000000Z"
"AIWF_Atlas_VOL1_machine_facing_v3_3_api_cli_guide/01_CANONICAL_RESEARCH_LANES/02_atlas_architecture_chunking_embedding/EMBEDDING_AND_CHUNKING_STRATEGY.md","EMBEDDING_AND_CHUNKING_STRATEGY.md",".md","1470","aiwf_atlas","canonical_lane","02_atlas_architecture_chunking_embedding","","2026-05-21T07:12:12.0000000Z"
"AIWF_Atlas_VOL1_machine_facing_v3_3_api_cli_guide/01_CANONICAL_RESEARCH_LANES/02_atlas_architecture_chunking_embedding/GAP_AUDIT_AND_VOL2_QUEUE.md","GAP_AUDIT_AND_VOL2_QUEUE.md",".md","772","aiwf_atlas","canonical_lane","02_atlas_architecture_chunking_embedding","","2026-05-21T07:12:12.0000000Z"
"AIWF_Atlas_VOL1_machine_facing_v3_3_api_cli_guide/01_CANONICAL_RESEARCH_LANES/02_atlas_architecture_chunking_embedding/lane_profile.json","lane_profile.json",".json","1008","aiwf_atlas","canonical_lane","02_atlas_architecture_chunking_embedding","","2026-05-21T07:12:12.0000000Z"
"AIWF_Atlas_VOL1_machine_facing_v3_3_api_cli_guide/01_CANONICAL_RESEARCH_LANES/02_atlas_architecture_chunking_embedding/QA_TEST_PROMPTS.md","QA_TEST_PROMPTS.md",".md","963","aiwf_atlas","canonical_lane","02_atlas_architecture_chunking_embedding","","2026-05-21T07:12:12.0000000Z"
"AIWF_Atlas_VOL1_machine_facing_v3_3_api_cli_guide/01_CANONICAL_RESEARCH_LANES/02_atlas_architecture_chunking_embedding/README_VOL1.md","README_VOL1.md",".md","1620","aiwf_atlas","canonical_lane","02_atlas_architecture_chunking_embedding","","2026-05-21T07:12:12.0000000Z"
"AIWF_Atlas_VOL1_machine_facing_v3_3_api_cli_guide/01_CANONICAL_RESEARCH_LANES/02_atlas_architecture_chunking_embedding/RETRIEVAL_CARDS.jsonl","RETRIEVAL_CARDS.jsonl",".jsonl","8271","aiwf_atlas","canonical_lane","02_atlas_architecture_chunking_embedding","","2026-05-21T07:12:12.0000000Z"
"AIWF_Atlas_VOL1_machine_facing_v3_3_api_cli_guide/01_CANONICAL_RESEARCH_LANES/02_atlas_architecture_chunking_embedding/SOURCE_COVERAGE.md","SOURCE_COVERAGE.md",".md","929","aiwf_atlas","canonical_lane","02_atlas_architecture_chunking_embedding","","2026-05-21T07:12:12.0000000Z"
"AIWF_Atlas_VOL1_machine_facing_v3_3_api_cli_guide/01_CANONICAL_RESEARCH_LANES/02_atlas_architecture_chunking_embedding/vol1_lane_manifest.json","vol1_lane_manifest.json",".json","897","aiwf_atlas","canonical_lane","02_atlas_architecture_chunking_embedding","","2026-05-21T07:12:12.0000000Z"
"AIWF_Atlas_VOL1_machine_facing_v3_3_api_cli_guide/01_CANONICAL_RESEARCH_LANES/02_atlas_architecture_chunking_embedding/VOL1_SCOPE.md","VOL1_SCOPE.md",".md","1059","aiwf_atlas","canonical_lane","02_atlas_architecture_chunking_embedding","","2026-05-21T07:12:12.0000000Z"
"AIWF_Atlas_VOL1_machine_facing_v3_3_api_cli_guide/01_CANONICAL_RESEARCH_LANES/03_comfyui_core_api_subgraph/CANONICAL_OVERVIEW.md","CANONICAL_OVERVIEW.md",".md","1609","aiwf_atlas","canonical_lane","03_comfyui_core_api_subgraph","","2026-05-21T07:12:12.0000000Z"
"AIWF_Atlas_VOL1_machine_facing_v3_3_api_cli_guide/01_CANONICAL_RESEARCH_LANES/03_comfyui_core_api_subgraph/CONCEPT_MAP.md","CONCEPT_MAP.md",".md","1476","aiwf_atlas","canonical_lane","03_comfyui_core_api_subgraph","","2026-05-21T07:12:12.0000000Z"
"AIWF_Atlas_VOL1_machine_facing_v3_3_api_cli_guide/01_CANONICAL_RESEARCH_LANES/03_comfyui_core_api_subgraph/EMBEDDING_AND_CHUNKING_STRATEGY.md","EMBEDDING_AND_CHUNKING_STRATEGY.md",".md","1456","aiwf_atlas","canonical_lane","03_comfyui_core_api_subgraph","","2026-05-21T07:12:12.0000000Z"
"AIWF_Atlas_VOL1_machine_facing_v3_3_api_cli_guide/01_CANONICAL_RESEARCH_LANES/03_comfyui_core_api_subgraph/GAP_AUDIT_AND_VOL2_QUEUE.md","GAP_AUDIT_AND_VOL2_QUEUE.md",".md","765","aiwf_atlas","canonical_lane","03_comfyui_core_api_subgraph","","2026-05-21T07:12:12.0000000Z"
"AIWF_Atlas_VOL1_machine_facing_v3_3_api_cli_guide/01_CANONICAL_RESEARCH_LANES/03_comfyui_core_api_subgraph/lane_profile.json","lane_profile.json",".json","985","aiwf_atlas","canonical_lane","03_comfyui_core_api_subgraph","","2026-05-21T07:12:12.0000000Z"
"AIWF_Atlas_VOL1_machine_facing_v3_3_api_cli_guide/01_CANONICAL_RESEARCH_LANES/03_comfyui_core_api_subgraph/QA_TEST_PROMPTS.md","QA_TEST_PROMPTS.md",".md","831","aiwf_atlas","canonical_lane","03_comfyui_core_api_subgraph","","2026-05-21T07:12:12.0000000Z"
"AIWF_Atlas_VOL1_machine_facing_v3_3_api_cli_guide/01_CANONICAL_RESEARCH_LANES/03_comfyui_core_api_subgraph/README_VOL1.md","README_VOL1.md",".md","1547","aiwf_atlas","canonical_lane","03_comfyui_core_api_subgraph","","2026-05-21T07:12:12.0000000Z"
"AIWF_Atlas_VOL1_machine_facing_v3_3_api_cli_guide/01_CANONICAL_RESEARCH_LANES/03_comfyui_core_api_subgraph/RETRIEVAL_CARDS.jsonl","RETRIEVAL_CARDS.jsonl",".jsonl","7920","aiwf_atlas","canonical_lane","03_comfyui_core_api_subgraph","","2026-05-21T07:12:12.0000000Z"
"AIWF_Atlas_VOL1_machine_facing_v3_3_api_cli_guide/01_CANONICAL_RESEARCH_LANES/03_comfyui_core_api_subgraph/SOURCE_COVERAGE.md","SOURCE_COVERAGE.md",".md","884","aiwf_atlas","canonical_lane","03_comfyui_core_api_subgraph","","2026-05-21T07:12:12.0000000Z"
"AIWF_Atlas_VOL1_machine_facing_v3_3_api_cli_guide/01_CANONICAL_RESEARCH_LANES/03_comfyui_core_api_subgraph/vol1_lane_manifest.json","vol1_lane_manifest.json",".json","824","aiwf_atlas","canonical_lane","03_comfyui_core_api_subgraph","","2026-05-21T07:12:12.0000000Z"
"AIWF_Atlas_VOL1_machine_facing_v3_3_api_cli_guide/01_CANONICAL_RESEARCH_LANES/03_comfyui_core_api_subgraph/VOL1_SCOPE.md","VOL1_SCOPE.md",".md","1069","aiwf_atlas","canonical_lane","03_comfyui_core_api_subgraph","","2026-05-21T07:12:12.0000000Z"
"AIWF_Atlas_VOL1_machine_facing_v3_3_api_cli_guide/01_CANONICAL_RESEARCH_LANES/04_comfyui_custom_node_ecosystem/CANONICAL_OVERVIEW.md","CANONICAL_OVERVIEW.md",".md","1604","aiwf_atlas","canonical_lane","04_comfyui_custom_node_ecosystem","","2026-05-21T07:12:12.0000000Z"
"AIWF_Atlas_VOL1_machine_facing_v3_3_api_cli_guide/01_CANONICAL_RESEARCH_LANES/04_comfyui_custom_node_ecosystem/CONCEPT_MAP.md","CONCEPT_MAP.md",".md","1451","aiwf_atlas","canonical_lane","04_comfyui_custom_node_ecosystem","","2026-05-21T07:12:12.0000000Z"
"AIWF_Atlas_VOL1_machine_facing_v3_3_api_cli_guide/01_CANONICAL_RESEARCH_LANES/04_comfyui_custom_node_ecosystem/EMBEDDING_AND_CHUNKING_STRATEGY.md","EMBEDDING_AND_CHUNKING_STRATEGY.md",".md","1453","aiwf_atlas","canonical_lane","04_comfyui_custom_node_ecosystem","","2026-05-21T07:12:12.0000000Z"
"AIWF_Atlas_VOL1_machine_facing_v3_3_api_cli_guide/01_CANONICAL_RESEARCH_LANES/04_comfyui_custom_node_ecosystem/GAP_AUDIT_AND_VOL2_QUEUE.md","GAP_AUDIT_AND_VOL2_QUEUE.md",".md","747","aiwf_atlas","canonical_lane","04_comfyui_custom_node_ecosystem","","2026-05-21T07:12:12.0000000Z"
"AIWF_Atlas_VOL1_machine_facing_v3_3_api_cli_guide/01_CANONICAL_RESEARCH_LANES/04_comfyui_custom_node_ecosystem/lane_profile.json","lane_profile.json",".json","990","aiwf_atlas","canonical_lane","04_comfyui_custom_node_ecosystem","","2026-05-21T07:12:12.0000000Z"
"AIWF_Atlas_VOL1_machine_facing_v3_3_api_cli_guide/01_CANONICAL_RESEARCH_LANES/04_comfyui_custom_node_ecosystem/QA_TEST_PROMPTS.md","QA_TEST_PROMPTS.md",".md","822","aiwf_atlas","canonical_lane","04_comfyui_custom_node_ecosystem","","2026-05-21T07:12:12.0000000Z"
"AIWF_Atlas_VOL1_machine_facing_v3_3_api_cli_guide/01_CANONICAL_RESEARCH_LANES/04_comfyui_custom_node_ecosystem/README_VOL1.md","README_VOL1.md",".md","1604","aiwf_atlas","canonical_lane","04_comfyui_custom_node_ecosystem","","2026-05-21T07:12:12.0000000Z"
"AIWF_Atlas_VOL1_machine_facing_v3_3_api_cli_guide/01_CANONICAL_RESEARCH_LANES/04_comfyui_custom_node_ecosystem/RETRIEVAL_CARDS.jsonl","RETRIEVAL_CARDS.jsonl",".jsonl","7952","aiwf_atlas","canonical_lane","04_comfyui_custom_node_ecosystem","","2026-05-21T07:12:12.0000000Z"
"AIWF_Atlas_VOL1_machine_facing_v3_3_api_cli_guide/01_CANONICAL_RESEARCH_LANES/04_comfyui_custom_node_ecosystem/SOURCE_COVERAGE.md","SOURCE_COVERAGE.md",".md","882","aiwf_atlas","canonical_lane","04_comfyui_custom_node_ecosystem","","2026-05-21T07:12:12.0000000Z"
"AIWF_Atlas_VOL1_machine_facing_v3_3_api_cli_guide/01_CANONICAL_RESEARCH_LANES/04_comfyui_custom_node_ecosystem/vol1_lane_manifest.json","vol1_lane_manifest.json",".json","891","aiwf_atlas","canonical_lane","04_comfyui_custom_node_ecosystem","","2026-05-21T07:12:12.0000000Z"
"AIWF_Atlas_VOL1_machine_facing_v3_3_api_cli_guide/01_CANONICAL_RESEARCH_LANES/04_comfyui_custom_node_ecosystem/VOL1_SCOPE.md","VOL1_SCOPE.md",".md","1061","aiwf_atlas","canonical_lane","04_comfyui_custom_node_ecosystem","","2026-05-21T07:12:12.0000000Z"
"AIWF_Atlas_VOL1_machine_facing_v3_3_api_cli_guide/01_CANONICAL_RESEARCH_LANES/05_pip_runtime_dependency_knowledge/CANONICAL_OVERVIEW.md","CANONICAL_OVERVIEW.md",".md","1693","aiwf_atlas","canonical_lane","05_pip_runtime_dependency_knowledge","","2026-05-21T07:12:12.0000000Z"
"AIWF_Atlas_VOL1_machine_facing_v3_3_api_cli_guide/01_CANONICAL_RESEARCH_LANES/05_pip_runtime_dependency_knowledge/CONCEPT_MAP.md","CONCEPT_MAP.md",".md","1253","aiwf_atlas","canonical_lane","05_pip_runtime_dependency_knowledge","","2026-05-21T07:12:12.0000000Z"
"AIWF_Atlas_VOL1_machine_facing_v3_3_api_cli_guide/01_CANONICAL_RESEARCH_LANES/05_pip_runtime_dependency_knowledge/EMBEDDING_AND_CHUNKING_STRATEGY.md","EMBEDDING_AND_CHUNKING_STRATEGY.md",".md","1467","aiwf_atlas","canonical_lane","05_pip_runtime_dependency_knowledge","","2026-05-21T07:12:12.0000000Z"
"AIWF_Atlas_VOL1_machine_facing_v3_3_api_cli_guide/01_CANONICAL_RESEARCH_LANES/05_pip_runtime_dependency_knowledge/GAP_AUDIT_AND_VOL2_QUEUE.md","GAP_AUDIT_AND_VOL2_QUEUE.md",".md","785","aiwf_atlas","canonical_lane","05_pip_runtime_dependency_knowledge","","2026-05-21T07:12:12.0000000Z"
"AIWF_Atlas_VOL1_machine_facing_v3_3_api_cli_guide/01_CANONICAL_RESEARCH_LANES/05_pip_runtime_dependency_knowledge/lane_profile.json","lane_profile.json",".json","998","aiwf_atlas","canonical_lane","05_pip_runtime_dependency_knowledge","","2026-05-21T07:12:12.0000000Z"
"AIWF_Atlas_VOL1_machine_facing_v3_3_api_cli_guide/01_CANONICAL_RESEARCH_LANES/05_pip_runtime_dependency_knowledge/QA_TEST_PROMPTS.md","QA_TEST_PROMPTS.md",".md","961","aiwf_atlas","canonical_lane","05_pip_runtime_dependency_knowledge","","2026-05-21T07:12:12.0000000Z"
"AIWF_Atlas_VOL1_machine_facing_v3_3_api_cli_guide/01_CANONICAL_RESEARCH_LANES/05_pip_runtime_dependency_knowledge/README_VOL1.md","README_VOL1.md",".md","1587","aiwf_atlas","canonical_lane","05_pip_runtime_dependency_knowledge","","2026-05-21T07:12:12.0000000Z"
"AIWF_Atlas_VOL1_machine_facing_v3_3_api_cli_guide/01_CANONICAL_RESEARCH_LANES/05_pip_runtime_dependency_knowledge/RETRIEVAL_CARDS.jsonl","RETRIEVAL_CARDS.jsonl",".jsonl","7371","aiwf_atlas","canonical_lane","05_pip_runtime_dependency_knowledge","","2026-05-21T07:12:12.0000000Z"
"AIWF_Atlas_VOL1_machine_facing_v3_3_api_cli_guide/01_CANONICAL_RESEARCH_LANES/05_pip_runtime_dependency_knowledge/SOURCE_COVERAGE.md","SOURCE_COVERAGE.md",".md","824","aiwf_atlas","canonical_lane","05_pip_runtime_dependency_knowledge","","2026-05-21T07:12:12.0000000Z"
"AIWF_Atlas_VOL1_machine_facing_v3_3_api_cli_guide/01_CANONICAL_RESEARCH_LANES/05_pip_runtime_dependency_knowledge/vol1_lane_manifest.json","vol1_lane_manifest.json",".json","840","aiwf_atlas","canonical_lane","05_pip_runtime_dependency_knowledge","","2026-05-21T07:12:12.0000000Z"
"AIWF_Atlas_VOL1_machine_facing_v3_3_api_cli_guide/01_CANONICAL_RESEARCH_LANES/05_pip_runtime_dependency_knowledge/VOL1_SCOPE.md","VOL1_SCOPE.md",".md","1112","aiwf_atlas","canonical_lane","05_pip_runtime_dependency_knowledge","","2026-05-21T07:12:12.0000000Z"
"AIWF_Atlas_VOL1_machine_facing_v3_3_api_cli_guide/01_CANONICAL_RESEARCH_LANES/06_training_data_centric_ml_vol2/CANONICAL_OVERVIEW.md","CANONICAL_OVERVIEW.md",".md","1602","aiwf_atlas","canonical_lane","06_training_data_centric_ml_vol2","","2026-05-21T07:12:12.0000000Z"
"AIWF_Atlas_VOL1_machine_facing_v3_3_api_cli_guide/01_CANONICAL_RESEARCH_LANES/06_training_data_centric_ml_vol2/CONCEPT_MAP.md","CONCEPT_MAP.md",".md","1224","aiwf_atlas","canonical_lane","06_training_data_centric_ml_vol2","","2026-05-21T07:12:12.0000000Z"
"AIWF_Atlas_VOL1_machine_facing_v3_3_api_cli_guide/01_CANONICAL_RESEARCH_LANES/06_training_data_centric_ml_vol2/EMBEDDING_AND_CHUNKING_STRATEGY.md","EMBEDDING_AND_CHUNKING_STRATEGY.md",".md","1452","aiwf_atlas","canonical_lane","06_training_data_centric_ml_vol2","","2026-05-21T07:12:12.0000000Z"
"AIWF_Atlas_VOL1_machine_facing_v3_3_api_cli_guide/01_CANONICAL_RESEARCH_LANES/06_training_data_centric_ml_vol2/GAP_AUDIT_AND_VOL2_QUEUE.md","GAP_AUDIT_AND_VOL2_QUEUE.md",".md","743","aiwf_atlas","canonical_lane","06_training_data_centric_ml_vol2","","2026-05-21T07:12:12.0000000Z"
"AIWF_Atlas_VOL1_machine_facing_v3_3_api_cli_guide/01_CANONICAL_RESEARCH_LANES/06_training_data_centric_ml_vol2/lane_profile.json","lane_profile.json",".json","995","aiwf_atlas","canonical_lane","06_training_data_centric_ml_vol2","","2026-05-21T07:12:12.0000000Z"
"AIWF_Atlas_VOL1_machine_facing_v3_3_api_cli_guide/01_CANONICAL_RESEARCH_LANES/06_training_data_centric_ml_vol2/QA_TEST_PROMPTS.md","QA_TEST_PROMPTS.md",".md","827","aiwf_atlas","canonical_lane","06_training_data_centric_ml_vol2","","2026-05-21T07:12:12.0000000Z"
"AIWF_Atlas_VOL1_machine_facing_v3_3_api_cli_guide/01_CANONICAL_RESEARCH_LANES/06_training_data_centric_ml_vol2/README_VOL1.md","README_VOL1.md",".md","1534","aiwf_atlas","canonical_lane","06_training_data_centric_ml_vol2","","2026-05-21T07:12:12.0000000Z"
"AIWF_Atlas_VOL1_machine_facing_v3_3_api_cli_guide/01_CANONICAL_RESEARCH_LANES/06_training_data_centric_ml_vol2/RETRIEVAL_CARDS.jsonl","RETRIEVAL_CARDS.jsonl",".jsonl","7123","aiwf_atlas","canonical_lane","06_training_data_centric_ml_vol2","","2026-05-21T07:12:12.0000000Z"
"AIWF_Atlas_VOL1_machine_facing_v3_3_api_cli_guide/01_CANONICAL_RESEARCH_LANES/06_training_data_centric_ml_vol2/SOURCE_COVERAGE.md","SOURCE_COVERAGE.md",".md","762","aiwf_atlas","canonical_lane","06_training_data_centric_ml_vol2","","2026-05-21T07:12:12.0000000Z"
"AIWF_Atlas_VOL1_machine_facing_v3_3_api_cli_guide/01_CANONICAL_RESEARCH_LANES/06_training_data_centric_ml_vol2/vol1_lane_manifest.json","vol1_lane_manifest.json",".json","814","aiwf_atlas","canonical_lane","06_training_data_centric_ml_vol2","","2026-05-21T07:12:12.0000000Z"
"AIWF_Atlas_VOL1_machine_facing_v3_3_api_cli_guide/01_CANONICAL_RESEARCH_LANES/06_training_data_centric_ml_vol2/VOL1_SCOPE.md","VOL1_SCOPE.md",".md","1091","aiwf_atlas","canonical_lane","06_training_data_centric_ml_vol2","","2026-05-21T07:12:12.0000000Z"
"AIWF_Atlas_VOL1_machine_facing_v3_3_api_cli_guide/01_CANONICAL_RESEARCH_LANES/07_cfg_denoise_inpaint_theory/CANONICAL_OVERVIEW.md","CANONICAL_OVERVIEW.md",".md","1574","aiwf_atlas","canonical_lane","07_cfg_denoise_inpaint_theory","","2026-05-21T07:12:12.0000000Z"
"AIWF_Atlas_VOL1_machine_facing_v3_3_api_cli_guide/01_CANONICAL_RESEARCH_LANES/07_cfg_denoise_inpaint_theory/CONCEPT_MAP.md","CONCEPT_MAP.md",".md","1460","aiwf_atlas","canonical_lane","07_cfg_denoise_inpaint_theory","","2026-05-21T07:12:12.0000000Z"
"AIWF_Atlas_VOL1_machine_facing_v3_3_api_cli_guide/01_CANONICAL_RESEARCH_LANES/07_cfg_denoise_inpaint_theory/EMBEDDING_AND_CHUNKING_STRATEGY.md","EMBEDDING_AND_CHUNKING_STRATEGY.md",".md","1404","aiwf_atlas","canonical_lane","07_cfg_denoise_inpaint_theory","","2026-05-21T07:12:12.0000000Z"
"AIWF_Atlas_VOL1_machine_facing_v3_3_api_cli_guide/01_CANONICAL_RESEARCH_LANES/07_cfg_denoise_inpaint_theory/GAP_AUDIT_AND_VOL2_QUEUE.md","GAP_AUDIT_AND_VOL2_QUEUE.md",".md","728","aiwf_atlas","canonical_lane","07_cfg_denoise_inpaint_theory","","2026-05-21T07:12:12.0000000Z"
"AIWF_Atlas_VOL1_machine_facing_v3_3_api_cli_guide/01_CANONICAL_RESEARCH_LANES/07_cfg_denoise_inpaint_theory/lane_profile.json","lane_profile.json",".json","982","aiwf_atlas","canonical_lane","07_cfg_denoise_inpaint_theory","","2026-05-21T07:12:12.0000000Z"
"AIWF_Atlas_VOL1_machine_facing_v3_3_api_cli_guide/01_CANONICAL_RESEARCH_LANES/07_cfg_denoise_inpaint_theory/QA_TEST_PROMPTS.md","QA_TEST_PROMPTS.md",".md","804","aiwf_atlas","canonical_lane","07_cfg_denoise_inpaint_theory","","2026-05-21T07:12:12.0000000Z"
"AIWF_Atlas_VOL1_machine_facing_v3_3_api_cli_guide/01_CANONICAL_RESEARCH_LANES/07_cfg_denoise_inpaint_theory/README_VOL1.md","README_VOL1.md",".md","1564","aiwf_atlas","canonical_lane","07_cfg_denoise_inpaint_theory","","2026-05-21T07:12:12.0000000Z"
"AIWF_Atlas_VOL1_machine_facing_v3_3_api_cli_guide/01_CANONICAL_RESEARCH_LANES/07_cfg_denoise_inpaint_theory/RETRIEVAL_CARDS.jsonl","RETRIEVAL_CARDS.jsonl",".jsonl","7422","aiwf_atlas","canonical_lane","07_cfg_denoise_inpaint_theory","","2026-05-21T07:12:12.0000000Z"
"AIWF_Atlas_VOL1_machine_facing_v3_3_api_cli_guide/01_CANONICAL_RESEARCH_LANES/07_cfg_denoise_inpaint_theory/SOURCE_COVERAGE.md","SOURCE_COVERAGE.md",".md","873","aiwf_atlas","canonical_lane","07_cfg_denoise_inpaint_theory","","2026-05-21T07:12:12.0000000Z"
"AIWF_Atlas_VOL1_machine_facing_v3_3_api_cli_guide/01_CANONICAL_RESEARCH_LANES/07_cfg_denoise_inpaint_theory/vol1_lane_manifest.json","vol1_lane_manifest.json",".json","836","aiwf_atlas","canonical_lane","07_cfg_denoise_inpaint_theory","","2026-05-21T07:12:12.0000000Z"
"AIWF_Atlas_VOL1_machine_facing_v3_3_api_cli_guide/01_CANONICAL_RESEARCH_LANES/07_cfg_denoise_inpaint_theory/VOL1_SCOPE.md","VOL1_SCOPE.md",".md","1064","aiwf_atlas","canonical_lane","07_cfg_denoise_inpaint_theory","","2026-05-21T07:12:12.0000000Z"
"AIWF_Atlas_VOL1_machine_facing_v3_3_api_cli_guide/01_CANONICAL_RESEARCH_LANES/08_compatibility_matrix_atlas/CANONICAL_OVERVIEW.md","CANONICAL_OVERVIEW.md",".md","1525","aiwf_atlas","canonical_lane","08_compatibility_matrix_atlas","","2026-05-21T07:12:12.0000000Z"
"AIWF_Atlas_VOL1_machine_facing_v3_3_api_cli_guide/01_CANONICAL_RESEARCH_LANES/08_compatibility_matrix_atlas/CONCEPT_MAP.md","CONCEPT_MAP.md",".md","1440","aiwf_atlas","canonical_lane","08_compatibility_matrix_atlas","","2026-05-21T07:12:12.0000000Z"
"AIWF_Atlas_VOL1_machine_facing_v3_3_api_cli_guide/01_CANONICAL_RESEARCH_LANES/08_compatibility_matrix_atlas/EMBEDDING_AND_CHUNKING_STRATEGY.md","EMBEDDING_AND_CHUNKING_STRATEGY.md",".md","1376","aiwf_atlas","canonical_lane","08_compatibility_matrix_atlas","","2026-05-21T07:12:12.0000000Z"
"AIWF_Atlas_VOL1_machine_facing_v3_3_api_cli_guide/01_CANONICAL_RESEARCH_LANES/08_compatibility_matrix_atlas/GAP_AUDIT_AND_VOL2_QUEUE.md","GAP_AUDIT_AND_VOL2_QUEUE.md",".md","716","aiwf_atlas","canonical_lane","08_compatibility_matrix_atlas","","2026-05-21T07:12:12.0000000Z"
"AIWF_Atlas_VOL1_machine_facing_v3_3_api_cli_guide/01_CANONICAL_RESEARCH_LANES/08_compatibility_matrix_atlas/lane_profile.json","lane_profile.json",".json","987","aiwf_atlas","canonical_lane","08_compatibility_matrix_atlas","","2026-05-21T07:12:12.0000000Z"
"AIWF_Atlas_VOL1_machine_facing_v3_3_api_cli_guide/01_CANONICAL_RESEARCH_LANES/08_compatibility_matrix_atlas/QA_TEST_PROMPTS.md","QA_TEST_PROMPTS.md",".md","787","aiwf_atlas","canonical_lane","08_compatibility_matrix_atlas","","2026-05-21T07:12:12.0000000Z"
"AIWF_Atlas_VOL1_machine_facing_v3_3_api_cli_guide/01_CANONICAL_RESEARCH_LANES/08_compatibility_matrix_atlas/README_VOL1.md","README_VOL1.md",".md","1555","aiwf_atlas","canonical_lane","08_compatibility_matrix_atlas","","2026-05-21T07:12:12.0000000Z"
"AIWF_Atlas_VOL1_machine_facing_v3_3_api_cli_guide/01_CANONICAL_RESEARCH_LANES/08_compatibility_matrix_atlas/RETRIEVAL_CARDS.jsonl","RETRIEVAL_CARDS.jsonl",".jsonl","7259","aiwf_atlas","canonical_lane","08_compatibility_matrix_atlas","","2026-05-21T07:12:12.0000000Z"
"AIWF_Atlas_VOL1_machine_facing_v3_3_api_cli_guide/01_CANONICAL_RESEARCH_LANES/08_compatibility_matrix_atlas/SOURCE_COVERAGE.md","SOURCE_COVERAGE.md",".md","878","aiwf_atlas","canonical_lane","08_compatibility_matrix_atlas","","2026-05-21T07:12:12.0000000Z"
"AIWF_Atlas_VOL1_machine_facing_v3_3_api_cli_guide/01_CANONICAL_RESEARCH_LANES/08_compatibility_matrix_atlas/vol1_lane_manifest.json","vol1_lane_manifest.json",".json","825","aiwf_atlas","canonical_lane","08_compatibility_matrix_atlas","","2026-05-21T07:12:12.0000000Z"
"AIWF_Atlas_VOL1_machine_facing_v3_3_api_cli_guide/01_CANONICAL_RESEARCH_LANES/08_compatibility_matrix_atlas/VOL1_SCOPE.md","VOL1_SCOPE.md",".md","1024","aiwf_atlas","canonical_lane","08_compatibility_matrix_atlas","","2026-05-21T07:12:12.0000000Z"
"AIWF_Atlas_VOL1_machine_facing_v3_3_api_cli_guide/01_CANONICAL_RESEARCH_LANES/09_failure_signature_atlas/CANONICAL_OVERVIEW.md","CANONICAL_OVERVIEW.md",".md","1520","aiwf_atlas","canonical_lane","09_failure_signature_atlas","","2026-05-21T07:12:12.0000000Z"
"AIWF_Atlas_VOL1_machine_facing_v3_3_api_cli_guide/01_CANONICAL_RESEARCH_LANES/09_failure_signature_atlas/CONCEPT_MAP.md","CONCEPT_MAP.md",".md","1428","aiwf_atlas","canonical_lane","09_failure_signature_atlas","","2026-05-21T07:12:12.0000000Z"
"AIWF_Atlas_VOL1_machine_facing_v3_3_api_cli_guide/01_CANONICAL_RESEARCH_LANES/09_failure_signature_atlas/EMBEDDING_AND_CHUNKING_STRATEGY.md","EMBEDDING_AND_CHUNKING_STRATEGY.md",".md","1422","aiwf_atlas","canonical_lane","09_failure_signature_atlas","","2026-05-21T07:12:12.0000000Z"
"AIWF_Atlas_VOL1_machine_facing_v3_3_api_cli_guide/01_CANONICAL_RESEARCH_LANES/09_failure_signature_atlas/GAP_AUDIT_AND_VOL2_QUEUE.md","GAP_AUDIT_AND_VOL2_QUEUE.md",".md","732","aiwf_atlas","canonical_lane","09_failure_signature_atlas","","2026-05-21T07:12:12.0000000Z"
"AIWF_Atlas_VOL1_machine_facing_v3_3_api_cli_guide/01_CANONICAL_RESEARCH_LANES/09_failure_signature_atlas/lane_profile.json","lane_profile.json",".json","980","aiwf_atlas","canonical_lane","09_failure_signature_atlas","","2026-05-21T07:12:12.0000000Z"
"AIWF_Atlas_VOL1_machine_facing_v3_3_api_cli_guide/01_CANONICAL_RESEARCH_LANES/09_failure_signature_atlas/QA_TEST_PROMPTS.md","QA_TEST_PROMPTS.md",".md","884","aiwf_atlas","canonical_lane","09_failure_signature_atlas","","2026-05-21T07:12:12.0000000Z"
"AIWF_Atlas_VOL1_machine_facing_v3_3_api_cli_guide/01_CANONICAL_RESEARCH_LANES/09_failure_signature_atlas/README_VOL1.md","README_VOL1.md",".md","1563","aiwf_atlas","canonical_lane","09_failure_signature_atlas","","2026-05-21T07:12:12.0000000Z"
"AIWF_Atlas_VOL1_machine_facing_v3_3_api_cli_guide/01_CANONICAL_RESEARCH_LANES/09_failure_signature_atlas/RETRIEVAL_CARDS.jsonl","RETRIEVAL_CARDS.jsonl",".jsonl","7487","aiwf_atlas","canonical_lane","09_failure_signature_atlas","","2026-05-21T07:12:12.0000000Z"
"AIWF_Atlas_VOL1_machine_facing_v3_3_api_cli_guide/01_CANONICAL_RESEARCH_LANES/09_failure_signature_atlas/SOURCE_COVERAGE.md","SOURCE_COVERAGE.md",".md","884","aiwf_atlas","canonical_lane","09_failure_signature_atlas","","2026-05-21T07:12:12.0000000Z"
"AIWF_Atlas_VOL1_machine_facing_v3_3_api_cli_guide/01_CANONICAL_RESEARCH_LANES/09_failure_signature_atlas/vol1_lane_manifest.json","vol1_lane_manifest.json",".json","842","aiwf_atlas","canonical_lane","09_failure_signature_atlas","","2026-05-21T07:12:12.0000000Z"
"AIWF_Atlas_VOL1_machine_facing_v3_3_api_cli_guide/01_CANONICAL_RESEARCH_LANES/09_failure_signature_atlas/VOL1_SCOPE.md","VOL1_SCOPE.md",".md","1019","aiwf_atlas","canonical_lane","09_failure_signature_atlas","","2026-05-21T07:12:12.0000000Z"
"AIWF_Atlas_VOL1_machine_facing_v3_3_api_cli_guide/01_CANONICAL_RESEARCH_LANES/10_workflow_pattern_atlas_library/CANONICAL_OVERVIEW.md","CANONICAL_OVERVIEW.md",".md","1584","aiwf_atlas","canonical_lane","10_workflow_pattern_atlas_library","","2026-05-21T07:12:12.0000000Z"
"AIWF_Atlas_VOL1_machine_facing_v3_3_api_cli_guide/01_CANONICAL_RESEARCH_LANES/10_workflow_pattern_atlas_library/CONCEPT_MAP.md","CONCEPT_MAP.md",".md","1503","aiwf_atlas","canonical_lane","10_workflow_pattern_atlas_library","","2026-05-21T07:12:12.0000000Z"
"AIWF_Atlas_VOL1_machine_facing_v3_3_api_cli_guide/01_CANONICAL_RESEARCH_LANES/10_workflow_pattern_atlas_library/EMBEDDING_AND_CHUNKING_STRATEGY.md","EMBEDDING_AND_CHUNKING_STRATEGY.md",".md","1396","aiwf_atlas","canonical_lane","10_workflow_pattern_atlas_library","","2026-05-21T07:12:12.0000000Z"
"AIWF_Atlas_VOL1_machine_facing_v3_3_api_cli_guide/01_CANONICAL_RESEARCH_LANES/10_workflow_pattern_atlas_library/GAP_AUDIT_AND_VOL2_QUEUE.md","GAP_AUDIT_AND_VOL2_QUEUE.md",".md","744","aiwf_atlas","canonical_lane","10_workflow_pattern_atlas_library","","2026-05-21T07:12:12.0000000Z"
"AIWF_Atlas_VOL1_machine_facing_v3_3_api_cli_guide/01_CANONICAL_RESEARCH_LANES/10_workflow_pattern_atlas_library/lane_profile.json","lane_profile.json",".json","995","aiwf_atlas","canonical_lane","10_workflow_pattern_atlas_library","","2026-05-21T07:12:12.0000000Z"
"AIWF_Atlas_VOL1_machine_facing_v3_3_api_cli_guide/01_CANONICAL_RESEARCH_LANES/10_workflow_pattern_atlas_library/QA_TEST_PROMPTS.md","QA_TEST_PROMPTS.md",".md","813","aiwf_atlas","canonical_lane","10_workflow_pattern_atlas_library","","2026-05-21T07:12:12.0000000Z"
"AIWF_Atlas_VOL1_machine_facing_v3_3_api_cli_guide/01_CANONICAL_RESEARCH_LANES/10_workflow_pattern_atlas_library/README_VOL1.md","README_VOL1.md",".md","1713","aiwf_atlas","canonical_lane","10_workflow_pattern_atlas_library","","2026-05-21T07:12:12.0000000Z"
"AIWF_Atlas_VOL1_machine_facing_v3_3_api_cli_guide/01_CANONICAL_RESEARCH_LANES/10_workflow_pattern_atlas_library/RETRIEVAL_CARDS.jsonl","RETRIEVAL_CARDS.jsonl",".jsonl","8283","aiwf_atlas","canonical_lane","10_workflow_pattern_atlas_library","","2026-05-21T07:12:12.0000000Z"
"AIWF_Atlas_VOL1_machine_facing_v3_3_api_cli_guide/01_CANONICAL_RESEARCH_LANES/10_workflow_pattern_atlas_library/SOURCE_COVERAGE.md","SOURCE_COVERAGE.md",".md","1012","aiwf_atlas","canonical_lane","10_workflow_pattern_atlas_library","","2026-05-21T07:12:12.0000000Z"
"AIWF_Atlas_VOL1_machine_facing_v3_3_api_cli_guide/01_CANONICAL_RESEARCH_LANES/10_workflow_pattern_atlas_library/vol1_lane_manifest.json","vol1_lane_manifest.json",".json","955","aiwf_atlas","canonical_lane","10_workflow_pattern_atlas_library","","2026-05-21T07:12:12.0000000Z"
"AIWF_Atlas_VOL1_machine_facing_v3_3_api_cli_guide/01_CANONICAL_RESEARCH_LANES/10_workflow_pattern_atlas_library/VOL1_SCOPE.md","VOL1_SCOPE.md",".md","1043","aiwf_atlas","canonical_lane","10_workflow_pattern_atlas_library","","2026-05-21T07:12:12.0000000Z"
"AIWF_Atlas_VOL1_machine_facing_v3_3_api_cli_guide/01_CANONICAL_RESEARCH_LANES/11_gradio_ui_research/CANONICAL_OVERVIEW.md","CANONICAL_OVERVIEW.md",".md","4814","aiwf_atlas","canonical_lane","11_gradio_ui_research","","2026-05-21T07:12:12.0000000Z"
"AIWF_Atlas_VOL1_machine_facing_v3_3_api_cli_guide/01_CANONICAL_RESEARCH_LANES/11_gradio_ui_research/CONCEPT_MAP.md","CONCEPT_MAP.md",".md","2152","aiwf_atlas","canonical_lane","11_gradio_ui_research","","2026-05-21T07:12:12.0000000Z"
"AIWF_Atlas_VOL1_machine_facing_v3_3_api_cli_guide/01_CANONICAL_RESEARCH_LANES/11_gradio_ui_research/EMBEDDING_AND_CHUNKING_STRATEGY.md","EMBEDDING_AND_CHUNKING_STRATEGY.md",".md","2578","aiwf_atlas","canonical_lane","11_gradio_ui_research","","2026-05-21T07:12:12.0000000Z"
"AIWF_Atlas_VOL1_machine_facing_v3_3_api_cli_guide/01_CANONICAL_RESEARCH_LANES/11_gradio_ui_research/GAP_AUDIT_AND_VOL2_QUEUE.md","GAP_AUDIT_AND_VOL2_QUEUE.md",".md","2109","aiwf_atlas","canonical_lane","11_gradio_ui_research","","2026-05-21T07:12:12.0000000Z"
"AIWF_Atlas_VOL1_machine_facing_v3_3_api_cli_guide/01_CANONICAL_RESEARCH_LANES/11_gradio_ui_research/lane_profile.json","lane_profile.json",".json","971","aiwf_atlas","canonical_lane","11_gradio_ui_research","","2026-05-21T07:12:12.0000000Z"
"AIWF_Atlas_VOL1_machine_facing_v3_3_api_cli_guide/01_CANONICAL_RESEARCH_LANES/11_gradio_ui_research/QA_TEST_PROMPTS.md","QA_TEST_PROMPTS.md",".md","1836","aiwf_atlas","canonical_lane","11_gradio_ui_research","","2026-05-21T07:12:12.0000000Z"
"AIWF_Atlas_VOL1_machine_facing_v3_3_api_cli_guide/01_CANONICAL_RESEARCH_LANES/11_gradio_ui_research/README_VOL1.md","README_VOL1.md",".md","2212","aiwf_atlas","canonical_lane","11_gradio_ui_research","","2026-05-21T07:12:12.0000000Z"
"AIWF_Atlas_VOL1_machine_facing_v3_3_api_cli_guide/01_CANONICAL_RESEARCH_LANES/11_gradio_ui_research/RETRIEVAL_CARDS.jsonl","RETRIEVAL_CARDS.jsonl",".jsonl","5990","aiwf_atlas","canonical_lane","11_gradio_ui_research","","2026-05-21T07:12:12.0000000Z"
"AIWF_Atlas_VOL1_machine_facing_v3_3_api_cli_guide/01_CANONICAL_RESEARCH_LANES/11_gradio_ui_research/SOURCE_COVERAGE.md","SOURCE_COVERAGE.md",".md","1601","aiwf_atlas","canonical_lane","11_gradio_ui_research","","2026-05-21T07:12:12.0000000Z"
"AIWF_Atlas_VOL1_machine_facing_v3_3_api_cli_guide/01_CANONICAL_RESEARCH_LANES/11_gradio_ui_research/vol1_lane_manifest.json","vol1_lane_manifest.json",".json","812","aiwf_atlas","canonical_lane","11_gradio_ui_research","","2026-05-21T07:12:12.0000000Z"
"AIWF_Atlas_VOL1_machine_facing_v3_3_api_cli_guide/01_CANONICAL_RESEARCH_LANES/11_gradio_ui_research/VOL1_SCOPE.md","VOL1_SCOPE.md",".md","2034","aiwf_atlas","canonical_lane","11_gradio_ui_research","","2026-05-21T07:12:12.0000000Z"
"AIWF_Atlas_VOL1_machine_facing_v3_3_api_cli_guide/01_CANONICAL_RESEARCH_LANES/12_llm_fundamentals/CANONICAL_OVERVIEW.md","CANONICAL_OVERVIEW.md",".md","1702","aiwf_atlas","canonical_lane","12_llm_fundamentals","","2026-05-21T07:12:12.0000000Z"
"AIWF_Atlas_VOL1_machine_facing_v3_3_api_cli_guide/01_CANONICAL_RESEARCH_LANES/12_llm_fundamentals/CONCEPT_MAP.md","CONCEPT_MAP.md",".md","923","aiwf_atlas","canonical_lane","12_llm_fundamentals","","2026-05-21T07:12:12.0000000Z"
"AIWF_Atlas_VOL1_machine_facing_v3_3_api_cli_guide/01_CANONICAL_RESEARCH_LANES/12_llm_fundamentals/EMBEDDING_AND_CHUNKING_STRATEGY.md","EMBEDDING_AND_CHUNKING_STRATEGY.md",".md","873","aiwf_atlas","canonical_lane","12_llm_fundamentals","","2026-05-21T07:12:12.0000000Z"
"AIWF_Atlas_VOL1_machine_facing_v3_3_api_cli_guide/01_CANONICAL_RESEARCH_LANES/12_llm_fundamentals/GAP_AUDIT_AND_VOL2_QUEUE.md","GAP_AUDIT_AND_VOL2_QUEUE.md",".md","683","aiwf_atlas","canonical_lane","12_llm_fundamentals","","2026-05-21T07:12:12.0000000Z"
"AIWF_Atlas_VOL1_machine_facing_v3_3_api_cli_guide/01_CANONICAL_RESEARCH_LANES/12_llm_fundamentals/lane_profile.json","lane_profile.json",".json","967","aiwf_atlas","canonical_lane","12_llm_fundamentals","","2026-05-21T07:12:12.0000000Z"
"AIWF_Atlas_VOL1_machine_facing_v3_3_api_cli_guide/01_CANONICAL_RESEARCH_LANES/12_llm_fundamentals/QA_TEST_PROMPTS.md","QA_TEST_PROMPTS.md",".md","867","aiwf_atlas","canonical_lane","12_llm_fundamentals","","2026-05-21T07:12:12.0000000Z"
"AIWF_Atlas_VOL1_machine_facing_v3_3_api_cli_guide/01_CANONICAL_RESEARCH_LANES/12_llm_fundamentals/README_VOL1.md","README_VOL1.md",".md","1381","aiwf_atlas","canonical_lane","12_llm_fundamentals","","2026-05-21T07:12:12.0000000Z"
"AIWF_Atlas_VOL1_machine_facing_v3_3_api_cli_guide/01_CANONICAL_RESEARCH_LANES/12_llm_fundamentals/RETRIEVAL_CARDS.jsonl","RETRIEVAL_CARDS.jsonl",".jsonl","17630","aiwf_atlas","canonical_lane","12_llm_fundamentals","","2026-05-21T07:12:12.0000000Z"
"AIWF_Atlas_VOL1_machine_facing_v3_3_api_cli_guide/01_CANONICAL_RESEARCH_LANES/12_llm_fundamentals/SOURCE_COVERAGE.md","SOURCE_COVERAGE.md",".md","755","aiwf_atlas","canonical_lane","12_llm_fundamentals","","2026-05-21T07:12:12.0000000Z"
"AIWF_Atlas_VOL1_machine_facing_v3_3_api_cli_guide/01_CANONICAL_RESEARCH_LANES/12_llm_fundamentals/vol1_lane_manifest.json","vol1_lane_manifest.json",".json","1013","aiwf_atlas","canonical_lane","12_llm_fundamentals","","2026-05-21T07:12:12.0000000Z"
"AIWF_Atlas_VOL1_machine_facing_v3_3_api_cli_guide/01_CANONICAL_RESEARCH_LANES/12_llm_fundamentals/VOL1_SCOPE.md","VOL1_SCOPE.md",".md","728","aiwf_atlas","canonical_lane","12_llm_fundamentals","","2026-05-21T07:12:12.0000000Z"
"AIWF_Atlas_VOL1_machine_facing_v3_3_api_cli_guide/01_CANONICAL_RESEARCH_LANES/13_agent_tool_use_mcp/CANONICAL_OVERVIEW.md","CANONICAL_OVERVIEW.md",".md","1811","aiwf_atlas","canonical_lane","13_agent_tool_use_mcp","","2026-05-21T07:12:12.0000000Z"
"AIWF_Atlas_VOL1_machine_facing_v3_3_api_cli_guide/01_CANONICAL_RESEARCH_LANES/13_agent_tool_use_mcp/CONCEPT_MAP.md","CONCEPT_MAP.md",".md","916","aiwf_atlas","canonical_lane","13_agent_tool_use_mcp","","2026-05-21T07:12:12.0000000Z"
"AIWF_Atlas_VOL1_machine_facing_v3_3_api_cli_guide/01_CANONICAL_RESEARCH_LANES/13_agent_tool_use_mcp/EMBEDDING_AND_CHUNKING_STRATEGY.md","EMBEDDING_AND_CHUNKING_STRATEGY.md",".md","889","aiwf_atlas","canonical_lane","13_agent_tool_use_mcp","","2026-05-21T07:12:12.0000000Z"
"AIWF_Atlas_VOL1_machine_facing_v3_3_api_cli_guide/01_CANONICAL_RESEARCH_LANES/13_agent_tool_use_mcp/GAP_AUDIT_AND_VOL2_QUEUE.md","GAP_AUDIT_AND_VOL2_QUEUE.md",".md","699","aiwf_atlas","canonical_lane","13_agent_tool_use_mcp","","2026-05-21T07:12:12.0000000Z"
"AIWF_Atlas_VOL1_machine_facing_v3_3_api_cli_guide/01_CANONICAL_RESEARCH_LANES/13_agent_tool_use_mcp/lane_profile.json","lane_profile.json",".json","973","aiwf_atlas","canonical_lane","13_agent_tool_use_mcp","","2026-05-21T07:12:12.0000000Z"
"AIWF_Atlas_VOL1_machine_facing_v3_3_api_cli_guide/01_CANONICAL_RESEARCH_LANES/13_agent_tool_use_mcp/QA_TEST_PROMPTS.md","QA_TEST_PROMPTS.md",".md","899","aiwf_atlas","canonical_lane","13_agent_tool_use_mcp","","2026-05-21T07:12:12.0000000Z"
"AIWF_Atlas_VOL1_machine_facing_v3_3_api_cli_guide/01_CANONICAL_RESEARCH_LANES/13_agent_tool_use_mcp/README_VOL1.md","README_VOL1.md",".md","1337","aiwf_atlas","canonical_lane","13_agent_tool_use_mcp","","2026-05-21T07:12:12.0000000Z"
"AIWF_Atlas_VOL1_machine_facing_v3_3_api_cli_guide/01_CANONICAL_RESEARCH_LANES/13_agent_tool_use_mcp/RETRIEVAL_CARDS.jsonl","RETRIEVAL_CARDS.jsonl",".jsonl","17234","aiwf_atlas","canonical_lane","13_agent_tool_use_mcp","","2026-05-21T07:12:12.0000000Z"
"AIWF_Atlas_VOL1_machine_facing_v3_3_api_cli_guide/01_CANONICAL_RESEARCH_LANES/13_agent_tool_use_mcp/SOURCE_COVERAGE.md","SOURCE_COVERAGE.md",".md","959","aiwf_atlas","canonical_lane","13_agent_tool_use_mcp","","2026-05-21T07:12:12.0000000Z"
"AIWF_Atlas_VOL1_machine_facing_v3_3_api_cli_guide/01_CANONICAL_RESEARCH_LANES/13_agent_tool_use_mcp/vol1_lane_manifest.json","vol1_lane_manifest.json",".json","1262","aiwf_atlas","canonical_lane","13_agent_tool_use_mcp","","2026-05-21T07:12:12.0000000Z"
"AIWF_Atlas_VOL1_machine_facing_v3_3_api_cli_guide/01_CANONICAL_RESEARCH_LANES/13_agent_tool_use_mcp/VOL1_SCOPE.md","VOL1_SCOPE.md",".md","706","aiwf_atlas","canonical_lane","13_agent_tool_use_mcp","","2026-05-21T07:12:12.0000000Z"
"AIWF_Atlas_VOL1_machine_facing_v3_3_api_cli_guide/01_CANONICAL_RESEARCH_LANES/14_evaluation_observability/CANONICAL_OVERVIEW.md","CANONICAL_OVERVIEW.md",".md","1726","aiwf_atlas","canonical_lane","14_evaluation_observability","","2026-05-21T07:12:12.0000000Z"
"AIWF_Atlas_VOL1_machine_facing_v3_3_api_cli_guide/01_CANONICAL_RESEARCH_LANES/14_evaluation_observability/CONCEPT_MAP.md","CONCEPT_MAP.md",".md","924","aiwf_atlas","canonical_lane","14_evaluation_observability","","2026-05-21T07:12:12.0000000Z"
"AIWF_Atlas_VOL1_machine_facing_v3_3_api_cli_guide/01_CANONICAL_RESEARCH_LANES/14_evaluation_observability/EMBEDDING_AND_CHUNKING_STRATEGY.md","EMBEDDING_AND_CHUNKING_STRATEGY.md",".md","888","aiwf_atlas","canonical_lane","14_evaluation_observability","","2026-05-21T07:12:12.0000000Z"
"AIWF_Atlas_VOL1_machine_facing_v3_3_api_cli_guide/01_CANONICAL_RESEARCH_LANES/14_evaluation_observability/GAP_AUDIT_AND_VOL2_QUEUE.md","GAP_AUDIT_AND_VOL2_QUEUE.md",".md","698","aiwf_atlas","canonical_lane","14_evaluation_observability","","2026-05-21T07:12:12.0000000Z"
"AIWF_Atlas_VOL1_machine_facing_v3_3_api_cli_guide/01_CANONICAL_RESEARCH_LANES/14_evaluation_observability/lane_profile.json","lane_profile.json",".json","985","aiwf_atlas","canonical_lane","14_evaluation_observability","","2026-05-21T07:12:12.0000000Z"
"AIWF_Atlas_VOL1_machine_facing_v3_3_api_cli_guide/01_CANONICAL_RESEARCH_LANES/14_evaluation_observability/QA_TEST_PROMPTS.md","QA_TEST_PROMPTS.md",".md","897","aiwf_atlas","canonical_lane","14_evaluation_observability","","2026-05-21T07:12:12.0000000Z"
"AIWF_Atlas_VOL1_machine_facing_v3_3_api_cli_guide/01_CANONICAL_RESEARCH_LANES/14_evaluation_observability/README_VOL1.md","README_VOL1.md",".md","1266","aiwf_atlas","canonical_lane","14_evaluation_observability","","2026-05-21T07:12:12.0000000Z"
"AIWF_Atlas_VOL1_machine_facing_v3_3_api_cli_guide/01_CANONICAL_RESEARCH_LANES/14_evaluation_observability/RETRIEVAL_CARDS.jsonl","RETRIEVAL_CARDS.jsonl",".jsonl","17078","aiwf_atlas","canonical_lane","14_evaluation_observability","","2026-05-21T07:12:12.0000000Z"
"AIWF_Atlas_VOL1_machine_facing_v3_3_api_cli_guide/01_CANONICAL_RESEARCH_LANES/14_evaluation_observability/SOURCE_COVERAGE.md","SOURCE_COVERAGE.md",".md","885","aiwf_atlas","canonical_lane","14_evaluation_observability","","2026-05-21T07:12:12.0000000Z"
"AIWF_Atlas_VOL1_machine_facing_v3_3_api_cli_guide/01_CANONICAL_RESEARCH_LANES/14_evaluation_observability/vol1_lane_manifest.json","vol1_lane_manifest.json",".json","1151","aiwf_atlas","canonical_lane","14_evaluation_observability","","2026-05-21T07:12:12.0000000Z"
"AIWF_Atlas_VOL1_machine_facing_v3_3_api_cli_guide/01_CANONICAL_RESEARCH_LANES/14_evaluation_observability/VOL1_SCOPE.md","VOL1_SCOPE.md",".md","707","aiwf_atlas","canonical_lane","14_evaluation_observability","","2026-05-21T07:12:12.0000000Z"
"AIWF_Atlas_VOL1_machine_facing_v3_3_api_cli_guide/01_CANONICAL_RESEARCH_LANES/15_safety_security_red_team/CANONICAL_OVERVIEW.md","CANONICAL_OVERVIEW.md",".md","1643","aiwf_atlas","canonical_lane","15_safety_security_red_team","","2026-05-21T07:12:12.0000000Z"
"AIWF_Atlas_VOL1_machine_facing_v3_3_api_cli_guide/01_CANONICAL_RESEARCH_LANES/15_safety_security_red_team/CONCEPT_MAP.md","CONCEPT_MAP.md",".md","948","aiwf_atlas","canonical_lane","15_safety_security_red_team","","2026-05-21T07:12:12.0000000Z"
"AIWF_Atlas_VOL1_machine_facing_v3_3_api_cli_guide/01_CANONICAL_RESEARCH_LANES/15_safety_security_red_team/EMBEDDING_AND_CHUNKING_STRATEGY.md","EMBEDDING_AND_CHUNKING_STRATEGY.md",".md","893","aiwf_atlas","canonical_lane","15_safety_security_red_team","","2026-05-21T07:12:12.0000000Z"
"AIWF_Atlas_VOL1_machine_facing_v3_3_api_cli_guide/01_CANONICAL_RESEARCH_LANES/15_safety_security_red_team/GAP_AUDIT_AND_VOL2_QUEUE.md","GAP_AUDIT_AND_VOL2_QUEUE.md",".md","703","aiwf_atlas","canonical_lane","15_safety_security_red_team","","2026-05-21T07:12:12.0000000Z"
"AIWF_Atlas_VOL1_machine_facing_v3_3_api_cli_guide/01_CANONICAL_RESEARCH_LANES/15_safety_security_red_team/lane_profile.json","lane_profile.json",".json","985","aiwf_atlas","canonical_lane","15_safety_security_red_team","","2026-05-21T07:12:12.0000000Z"
"AIWF_Atlas_VOL1_machine_facing_v3_3_api_cli_guide/01_CANONICAL_RESEARCH_LANES/15_safety_security_red_team/QA_TEST_PROMPTS.md","QA_TEST_PROMPTS.md",".md","907","aiwf_atlas","canonical_lane","15_safety_security_red_team","","2026-05-21T07:12:12.0000000Z"
"AIWF_Atlas_VOL1_machine_facing_v3_3_api_cli_guide/01_CANONICAL_RESEARCH_LANES/15_safety_security_red_team/README_VOL1.md","README_VOL1.md",".md","1289","aiwf_atlas","canonical_lane","15_safety_security_red_team","","2026-05-21T07:12:12.0000000Z"
"AIWF_Atlas_VOL1_machine_facing_v3_3_api_cli_guide/01_CANONICAL_RESEARCH_LANES/15_safety_security_red_team/RETRIEVAL_CARDS.jsonl","RETRIEVAL_CARDS.jsonl",".jsonl","16838","aiwf_atlas","canonical_lane","15_safety_security_red_team","","2026-05-21T07:12:12.0000000Z"
"AIWF_Atlas_VOL1_machine_facing_v3_3_api_cli_guide/01_CANONICAL_RESEARCH_LANES/15_safety_security_red_team/SOURCE_COVERAGE.md","SOURCE_COVERAGE.md",".md","814","aiwf_atlas","canonical_lane","15_safety_security_red_team","","2026-05-21T07:12:12.0000000Z"
"AIWF_Atlas_VOL1_machine_facing_v3_3_api_cli_guide/01_CANONICAL_RESEARCH_LANES/15_safety_security_red_team/vol1_lane_manifest.json","vol1_lane_manifest.json",".json","1035","aiwf_atlas","canonical_lane","15_safety_security_red_team","","2026-05-21T07:12:12.0000000Z"
"AIWF_Atlas_VOL1_machine_facing_v3_3_api_cli_guide/01_CANONICAL_RESEARCH_LANES/15_safety_security_red_team/VOL1_SCOPE.md","VOL1_SCOPE.md",".md","688","aiwf_atlas","canonical_lane","15_safety_security_red_team","","2026-05-21T07:12:12.0000000Z"
"AIWF_Atlas_VOL1_machine_facing_v3_3_api_cli_guide/01_CANONICAL_RESEARCH_LANES/16_governance_licensing_ethics/CANONICAL_OVERVIEW.md","CANONICAL_OVERVIEW.md",".md","1624","aiwf_atlas","canonical_lane","16_governance_licensing_ethics","","2026-05-21T07:12:12.0000000Z"
"AIWF_Atlas_VOL1_machine_facing_v3_3_api_cli_guide/01_CANONICAL_RESEARCH_LANES/16_governance_licensing_ethics/CONCEPT_MAP.md","CONCEPT_MAP.md",".md","921","aiwf_atlas","canonical_lane","16_governance_licensing_ethics","","2026-05-21T07:12:12.0000000Z"
"AIWF_Atlas_VOL1_machine_facing_v3_3_api_cli_guide/01_CANONICAL_RESEARCH_LANES/16_governance_licensing_ethics/EMBEDDING_AND_CHUNKING_STRATEGY.md","EMBEDDING_AND_CHUNKING_STRATEGY.md",".md","907","aiwf_atlas","canonical_lane","16_governance_licensing_ethics","","2026-05-21T07:12:12.0000000Z"
"AIWF_Atlas_VOL1_machine_facing_v3_3_api_cli_guide/01_CANONICAL_RESEARCH_LANES/16_governance_licensing_ethics/GAP_AUDIT_AND_VOL2_QUEUE.md","GAP_AUDIT_AND_VOL2_QUEUE.md",".md","717","aiwf_atlas","canonical_lane","16_governance_licensing_ethics","","2026-05-21T07:12:12.0000000Z"
"AIWF_Atlas_VOL1_machine_facing_v3_3_api_cli_guide/01_CANONICAL_RESEARCH_LANES/16_governance_licensing_ethics/lane_profile.json","lane_profile.json",".json","993","aiwf_atlas","canonical_lane","16_governance_licensing_ethics","","2026-05-21T07:12:12.0000000Z"
"AIWF_Atlas_VOL1_machine_facing_v3_3_api_cli_guide/01_CANONICAL_RESEARCH_LANES/16_governance_licensing_ethics/QA_TEST_PROMPTS.md","QA_TEST_PROMPTS.md",".md","935","aiwf_atlas","canonical_lane","16_governance_licensing_ethics","","2026-05-21T07:12:12.0000000Z"
"AIWF_Atlas_VOL1_machine_facing_v3_3_api_cli_guide/01_CANONICAL_RESEARCH_LANES/16_governance_licensing_ethics/README_VOL1.md","README_VOL1.md",".md","1285","aiwf_atlas","canonical_lane","16_governance_licensing_ethics","","2026-05-21T07:12:12.0000000Z"
"AIWF_Atlas_VOL1_machine_facing_v3_3_api_cli_guide/01_CANONICAL_RESEARCH_LANES/16_governance_licensing_ethics/RETRIEVAL_CARDS.jsonl","RETRIEVAL_CARDS.jsonl",".jsonl","17006","aiwf_atlas","canonical_lane","16_governance_licensing_ethics","","2026-05-21T07:12:12.0000000Z"
"AIWF_Atlas_VOL1_machine_facing_v3_3_api_cli_guide/01_CANONICAL_RESEARCH_LANES/16_governance_licensing_ethics/SOURCE_COVERAGE.md","SOURCE_COVERAGE.md",".md","856","aiwf_atlas","canonical_lane","16_governance_licensing_ethics","","2026-05-21T07:12:12.0000000Z"
"AIWF_Atlas_VOL1_machine_facing_v3_3_api_cli_guide/01_CANONICAL_RESEARCH_LANES/16_governance_licensing_ethics/vol1_lane_manifest.json","vol1_lane_manifest.json",".json","1080","aiwf_atlas","canonical_lane","16_governance_licensing_ethics","","2026-05-21T07:12:12.0000000Z"
"AIWF_Atlas_VOL1_machine_facing_v3_3_api_cli_guide/01_CANONICAL_RESEARCH_LANES/16_governance_licensing_ethics/VOL1_SCOPE.md","VOL1_SCOPE.md",".md","690","aiwf_atlas","canonical_lane","16_governance_licensing_ethics","","2026-05-21T07:12:12.0000000Z"
"AIWF_Atlas_VOL1_machine_facing_v3_3_api_cli_guide/01_CANONICAL_RESEARCH_LANES/17_model_serving_deployment/API_AND_CLI_USAGE_EXPANSION.md","API_AND_CLI_USAGE_EXPANSION.md",".md","1020","aiwf_atlas","canonical_lane","17_model_serving_deployment","","2026-05-21T07:12:12.0000000Z"
"AIWF_Atlas_VOL1_machine_facing_v3_3_api_cli_guide/01_CANONICAL_RESEARCH_LANES/17_model_serving_deployment/CANONICAL_OVERVIEW.md","CANONICAL_OVERVIEW.md",".md","1734","aiwf_atlas","canonical_lane","17_model_serving_deployment","","2026-05-21T07:12:12.0000000Z"
"AIWF_Atlas_VOL1_machine_facing_v3_3_api_cli_guide/01_CANONICAL_RESEARCH_LANES/17_model_serving_deployment/CONCEPT_MAP.md","CONCEPT_MAP.md",".md","901","aiwf_atlas","canonical_lane","17_model_serving_deployment","","2026-05-21T07:12:12.0000000Z"
"AIWF_Atlas_VOL1_machine_facing_v3_3_api_cli_guide/01_CANONICAL_RESEARCH_LANES/17_model_serving_deployment/EMBEDDING_AND_CHUNKING_STRATEGY.md","EMBEDDING_AND_CHUNKING_STRATEGY.md",".md","885","aiwf_atlas","canonical_lane","17_model_serving_deployment","","2026-05-21T07:12:12.0000000Z"
"AIWF_Atlas_VOL1_machine_facing_v3_3_api_cli_guide/01_CANONICAL_RESEARCH_LANES/17_model_serving_deployment/GAP_AUDIT_AND_VOL2_QUEUE.md","GAP_AUDIT_AND_VOL2_QUEUE.md",".md","695","aiwf_atlas","canonical_lane","17_model_serving_deployment","","2026-05-21T07:12:12.0000000Z"
"AIWF_Atlas_VOL1_machine_facing_v3_3_api_cli_guide/01_CANONICAL_RESEARCH_LANES/17_model_serving_deployment/lane_profile.json","lane_profile.json",".json","982","aiwf_atlas","canonical_lane","17_model_serving_deployment","","2026-05-21T07:12:12.0000000Z"
"AIWF_Atlas_VOL1_machine_facing_v3_3_api_cli_guide/01_CANONICAL_RESEARCH_LANES/17_model_serving_deployment/QA_TEST_PROMPTS.md","QA_TEST_PROMPTS.md",".md","891","aiwf_atlas","canonical_lane","17_model_serving_deployment","","2026-05-21T07:12:12.0000000Z"
"AIWF_Atlas_VOL1_machine_facing_v3_3_api_cli_guide/01_CANONICAL_RESEARCH_LANES/17_model_serving_deployment/README_VOL1.md","README_VOL1.md",".md","1330","aiwf_atlas","canonical_lane","17_model_serving_deployment","","2026-05-21T07:12:12.0000000Z"
"AIWF_Atlas_VOL1_machine_facing_v3_3_api_cli_guide/01_CANONICAL_RESEARCH_LANES/17_model_serving_deployment/RETRIEVAL_CARDS.jsonl","RETRIEVAL_CARDS.jsonl",".jsonl","20422","aiwf_atlas","canonical_lane","17_model_serving_deployment","","2026-05-21T07:12:12.0000000Z"
"AIWF_Atlas_VOL1_machine_facing_v3_3_api_cli_guide/01_CANONICAL_RESEARCH_LANES/17_model_serving_deployment/SOURCE_COVERAGE.md","SOURCE_COVERAGE.md",".md","908","aiwf_atlas","canonical_lane","17_model_serving_deployment","","2026-05-21T07:12:12.0000000Z"
"AIWF_Atlas_VOL1_machine_facing_v3_3_api_cli_guide/01_CANONICAL_RESEARCH_LANES/17_model_serving_deployment/vol1_lane_manifest.json","vol1_lane_manifest.json",".json","1217","aiwf_atlas","canonical_lane","17_model_serving_deployment","","2026-05-21T07:12:12.0000000Z"
"AIWF_Atlas_VOL1_machine_facing_v3_3_api_cli_guide/01_CANONICAL_RESEARCH_LANES/17_model_serving_deployment/VOL1_SCOPE.md","VOL1_SCOPE.md",".md","699","aiwf_atlas","canonical_lane","17_model_serving_deployment","","2026-05-21T07:12:12.0000000Z"
"AIWF_Atlas_VOL1_machine_facing_v3_3_api_cli_guide/01_CANONICAL_RESEARCH_LANES/18_mlops_llmops_release_management/CANONICAL_OVERVIEW.md","CANONICAL_OVERVIEW.md",".md","1525","aiwf_atlas","canonical_lane","18_mlops_llmops_release_management","","2026-05-21T07:12:12.0000000Z"
"AIWF_Atlas_VOL1_machine_facing_v3_3_api_cli_guide/01_CANONICAL_RESEARCH_LANES/18_mlops_llmops_release_management/CONCEPT_MAP.md","CONCEPT_MAP.md",".md","921","aiwf_atlas","canonical_lane","18_mlops_llmops_release_management","","2026-05-21T07:12:12.0000000Z"
"AIWF_Atlas_VOL1_machine_facing_v3_3_api_cli_guide/01_CANONICAL_RESEARCH_LANES/18_mlops_llmops_release_management/EMBEDDING_AND_CHUNKING_STRATEGY.md","EMBEDDING_AND_CHUNKING_STRATEGY.md",".md","894","aiwf_atlas","canonical_lane","18_mlops_llmops_release_management","","2026-05-21T07:12:12.0000000Z"
"AIWF_Atlas_VOL1_machine_facing_v3_3_api_cli_guide/01_CANONICAL_RESEARCH_LANES/18_mlops_llmops_release_management/GAP_AUDIT_AND_VOL2_QUEUE.md","GAP_AUDIT_AND_VOL2_QUEUE.md",".md","704","aiwf_atlas","canonical_lane","18_mlops_llmops_release_management","","2026-05-21T07:12:12.0000000Z"
"AIWF_Atlas_VOL1_machine_facing_v3_3_api_cli_guide/01_CANONICAL_RESEARCH_LANES/18_mlops_llmops_release_management/lane_profile.json","lane_profile.json",".json","999","aiwf_atlas","canonical_lane","18_mlops_llmops_release_management","","2026-05-21T07:12:12.0000000Z"
"AIWF_Atlas_VOL1_machine_facing_v3_3_api_cli_guide/01_CANONICAL_RESEARCH_LANES/18_mlops_llmops_release_management/QA_TEST_PROMPTS.md","QA_TEST_PROMPTS.md",".md","909","aiwf_atlas","canonical_lane","18_mlops_llmops_release_management","","2026-05-21T07:12:12.0000000Z"
"AIWF_Atlas_VOL1_machine_facing_v3_3_api_cli_guide/01_CANONICAL_RESEARCH_LANES/18_mlops_llmops_release_management/README_VOL1.md","README_VOL1.md",".md","1207","aiwf_atlas","canonical_lane","18_mlops_llmops_release_management","","2026-05-21T07:12:12.0000000Z"
"AIWF_Atlas_VOL1_machine_facing_v3_3_api_cli_guide/01_CANONICAL_RESEARCH_LANES/18_mlops_llmops_release_management/RETRIEVAL_CARDS.jsonl","RETRIEVAL_CARDS.jsonl",".jsonl","16190","aiwf_atlas","canonical_lane","18_mlops_llmops_release_management","","2026-05-21T07:12:12.0000000Z"
"AIWF_Atlas_VOL1_machine_facing_v3_3_api_cli_guide/01_CANONICAL_RESEARCH_LANES/18_mlops_llmops_release_management/SOURCE_COVERAGE.md","SOURCE_COVERAGE.md",".md","793","aiwf_atlas","canonical_lane","18_mlops_llmops_release_management","","2026-05-21T07:12:12.0000000Z"
"AIWF_Atlas_VOL1_machine_facing_v3_3_api_cli_guide/01_CANONICAL_RESEARCH_LANES/18_mlops_llmops_release_management/vol1_lane_manifest.json","vol1_lane_manifest.json",".json","1066","aiwf_atlas","canonical_lane","18_mlops_llmops_release_management","","2026-05-21T07:12:12.0000000Z"
"AIWF_Atlas_VOL1_machine_facing_v3_3_api_cli_guide/01_CANONICAL_RESEARCH_LANES/18_mlops_llmops_release_management/VOL1_SCOPE.md","VOL1_SCOPE.md",".md","682","aiwf_atlas","canonical_lane","18_mlops_llmops_release_management","","2026-05-21T07:12:12.0000000Z"
"AIWF_Atlas_VOL1_machine_facing_v3_3_api_cli_guide/01_CANONICAL_RESEARCH_LANES/19_math_for_ai_practitioners/CANONICAL_OVERVIEW.md","CANONICAL_OVERVIEW.md",".md","1579","aiwf_atlas","canonical_lane","19_math_for_ai_practitioners","","2026-05-21T07:12:12.0000000Z"
"AIWF_Atlas_VOL1_machine_facing_v3_3_api_cli_guide/01_CANONICAL_RESEARCH_LANES/19_math_for_ai_practitioners/CONCEPT_MAP.md","CONCEPT_MAP.md",".md","918","aiwf_atlas","canonical_lane","19_math_for_ai_practitioners","","2026-05-21T07:12:12.0000000Z"
"AIWF_Atlas_VOL1_machine_facing_v3_3_api_cli_guide/01_CANONICAL_RESEARCH_LANES/19_math_for_ai_practitioners/EMBEDDING_AND_CHUNKING_STRATEGY.md","EMBEDDING_AND_CHUNKING_STRATEGY.md",".md","882","aiwf_atlas","canonical_lane","19_math_for_ai_practitioners","","2026-05-21T07:12:12.0000000Z"
"AIWF_Atlas_VOL1_machine_facing_v3_3_api_cli_guide/01_CANONICAL_RESEARCH_LANES/19_math_for_ai_practitioners/GAP_AUDIT_AND_VOL2_QUEUE.md","GAP_AUDIT_AND_VOL2_QUEUE.md",".md","692","aiwf_atlas","canonical_lane","19_math_for_ai_practitioners","","2026-05-21T07:12:12.0000000Z"
"AIWF_Atlas_VOL1_machine_facing_v3_3_api_cli_guide/01_CANONICAL_RESEARCH_LANES/19_math_for_ai_practitioners/lane_profile.json","lane_profile.json",".json","985","aiwf_atlas","canonical_lane","19_math_for_ai_practitioners","","2026-05-21T07:12:12.0000000Z"
"AIWF_Atlas_VOL1_machine_facing_v3_3_api_cli_guide/01_CANONICAL_RESEARCH_LANES/19_math_for_ai_practitioners/QA_TEST_PROMPTS.md","QA_TEST_PROMPTS.md",".md","885","aiwf_atlas","canonical_lane","19_math_for_ai_practitioners","","2026-05-21T07:12:12.0000000Z"
"AIWF_Atlas_VOL1_machine_facing_v3_3_api_cli_guide/01_CANONICAL_RESEARCH_LANES/19_math_for_ai_practitioners/README_VOL1.md","README_VOL1.md",".md","1271","aiwf_atlas","canonical_lane","19_math_for_ai_practitioners","","2026-05-21T07:12:12.0000000Z"
"AIWF_Atlas_VOL1_machine_facing_v3_3_api_cli_guide/01_CANONICAL_RESEARCH_LANES/19_math_for_ai_practitioners/RETRIEVAL_CARDS.jsonl","RETRIEVAL_CARDS.jsonl",".jsonl","16538","aiwf_atlas","canonical_lane","19_math_for_ai_practitioners","","2026-05-21T07:12:12.0000000Z"
"AIWF_Atlas_VOL1_machine_facing_v3_3_api_cli_guide/01_CANONICAL_RESEARCH_LANES/19_math_for_ai_practitioners/SOURCE_COVERAGE.md","SOURCE_COVERAGE.md",".md","754","aiwf_atlas","canonical_lane","19_math_for_ai_practitioners","","2026-05-21T07:12:12.0000000Z"
"AIWF_Atlas_VOL1_machine_facing_v3_3_api_cli_guide/01_CANONICAL_RESEARCH_LANES/19_math_for_ai_practitioners/vol1_lane_manifest.json","vol1_lane_manifest.json",".json","1002","aiwf_atlas","canonical_lane","19_math_for_ai_practitioners","","2026-05-21T07:12:12.0000000Z"
"AIWF_Atlas_VOL1_machine_facing_v3_3_api_cli_guide/01_CANONICAL_RESEARCH_LANES/19_math_for_ai_practitioners/VOL1_SCOPE.md","VOL1_SCOPE.md",".md","704","aiwf_atlas","canonical_lane","19_math_for_ai_practitioners","","2026-05-21T07:12:12.0000000Z"
"AIWF_Atlas_VOL1_machine_facing_v3_3_api_cli_guide/01_CANONICAL_RESEARCH_LANES/20_data_engineering_for_ai/CANONICAL_OVERVIEW.md","CANONICAL_OVERVIEW.md",".md","7404","aiwf_atlas","canonical_lane","20_data_engineering_for_ai","","2026-05-21T07:12:12.0000000Z"
"AIWF_Atlas_VOL1_machine_facing_v3_3_api_cli_guide/01_CANONICAL_RESEARCH_LANES/20_data_engineering_for_ai/CONCEPT_MAP.md","CONCEPT_MAP.md",".md","2300","aiwf_atlas","canonical_lane","20_data_engineering_for_ai","","2026-05-21T07:12:12.0000000Z"
"AIWF_Atlas_VOL1_machine_facing_v3_3_api_cli_guide/01_CANONICAL_RESEARCH_LANES/20_data_engineering_for_ai/EMBEDDING_AND_CHUNKING_STRATEGY.md","EMBEDDING_AND_CHUNKING_STRATEGY.md",".md","933","aiwf_atlas","canonical_lane","20_data_engineering_for_ai","","2026-05-21T07:12:12.0000000Z"
"AIWF_Atlas_VOL1_machine_facing_v3_3_api_cli_guide/01_CANONICAL_RESEARCH_LANES/20_data_engineering_for_ai/GAP_AUDIT_AND_VOL2_QUEUE.md","GAP_AUDIT_AND_VOL2_QUEUE.md",".md","679","aiwf_atlas","canonical_lane","20_data_engineering_for_ai","","2026-05-21T07:12:12.0000000Z"
"AIWF_Atlas_VOL1_machine_facing_v3_3_api_cli_guide/01_CANONICAL_RESEARCH_LANES/20_data_engineering_for_ai/lane_profile.json","lane_profile.json",".json","1472","aiwf_atlas","canonical_lane","20_data_engineering_for_ai","","2026-05-21T07:12:12.0000000Z"
"AIWF_Atlas_VOL1_machine_facing_v3_3_api_cli_guide/01_CANONICAL_RESEARCH_LANES/20_data_engineering_for_ai/QA_TEST_PROMPTS.md","QA_TEST_PROMPTS.md",".md","629","aiwf_atlas","canonical_lane","20_data_engineering_for_ai","","2026-05-21T07:12:12.0000000Z"
"AIWF_Atlas_VOL1_machine_facing_v3_3_api_cli_guide/01_CANONICAL_RESEARCH_LANES/20_data_engineering_for_ai/README_VOL1.md","README_VOL1.md",".md","701","aiwf_atlas","canonical_lane","20_data_engineering_for_ai","","2026-05-21T07:12:12.0000000Z"
"AIWF_Atlas_VOL1_machine_facing_v3_3_api_cli_guide/01_CANONICAL_RESEARCH_LANES/20_data_engineering_for_ai/RETRIEVAL_CARDS.jsonl","RETRIEVAL_CARDS.jsonl",".jsonl","9973","aiwf_atlas","canonical_lane","20_data_engineering_for_ai","","2026-05-21T07:12:12.0000000Z"
"AIWF_Atlas_VOL1_machine_facing_v3_3_api_cli_guide/01_CANONICAL_RESEARCH_LANES/20_data_engineering_for_ai/SOURCE_COVERAGE.md","SOURCE_COVERAGE.md",".md","413","aiwf_atlas","canonical_lane","20_data_engineering_for_ai","","2026-05-21T07:12:12.0000000Z"
"AIWF_Atlas_VOL1_machine_facing_v3_3_api_cli_guide/01_CANONICAL_RESEARCH_LANES/20_data_engineering_for_ai/vol1_lane_manifest.json","vol1_lane_manifest.json",".json","759","aiwf_atlas","canonical_lane","20_data_engineering_for_ai","","2026-05-21T07:12:12.0000000Z"
"AIWF_Atlas_VOL1_machine_facing_v3_3_api_cli_guide/01_CANONICAL_RESEARCH_LANES/20_data_engineering_for_ai/VOL1_SCOPE.md","VOL1_SCOPE.md",".md","689","aiwf_atlas","canonical_lane","20_data_engineering_for_ai","","2026-05-21T07:12:12.0000000Z"
"AIWF_Atlas_VOL1_machine_facing_v3_3_api_cli_guide/01_CANONICAL_RESEARCH_LANES/21_audio_speech_music_ai/CANONICAL_OVERVIEW.md","CANONICAL_OVERVIEW.md",".md","3417","aiwf_atlas","canonical_lane","21_audio_speech_music_ai","","2026-05-21T07:12:12.0000000Z"
"AIWF_Atlas_VOL1_machine_facing_v3_3_api_cli_guide/01_CANONICAL_RESEARCH_LANES/21_audio_speech_music_ai/CONCEPT_MAP.md","CONCEPT_MAP.md",".md","1955","aiwf_atlas","canonical_lane","21_audio_speech_music_ai","","2026-05-21T07:12:12.0000000Z"
"AIWF_Atlas_VOL1_machine_facing_v3_3_api_cli_guide/01_CANONICAL_RESEARCH_LANES/21_audio_speech_music_ai/EMBEDDING_AND_CHUNKING_STRATEGY.md","EMBEDDING_AND_CHUNKING_STRATEGY.md",".md","935","aiwf_atlas","canonical_lane","21_audio_speech_music_ai","","2026-05-21T07:12:12.0000000Z"
"AIWF_Atlas_VOL1_machine_facing_v3_3_api_cli_guide/01_CANONICAL_RESEARCH_LANES/21_audio_speech_music_ai/GAP_AUDIT_AND_VOL2_QUEUE.md","GAP_AUDIT_AND_VOL2_QUEUE.md",".md","683","aiwf_atlas","canonical_lane","21_audio_speech_music_ai","","2026-05-21T07:12:12.0000000Z"
"AIWF_Atlas_VOL1_machine_facing_v3_3_api_cli_guide/01_CANONICAL_RESEARCH_LANES/21_audio_speech_music_ai/lane_profile.json","lane_profile.json",".json","1360","aiwf_atlas","canonical_lane","21_audio_speech_music_ai","","2026-05-21T07:12:12.0000000Z"
"AIWF_Atlas_VOL1_machine_facing_v3_3_api_cli_guide/01_CANONICAL_RESEARCH_LANES/21_audio_speech_music_ai/QA_TEST_PROMPTS.md","QA_TEST_PROMPTS.md",".md","653","aiwf_atlas","canonical_lane","21_audio_speech_music_ai","","2026-05-21T07:12:12.0000000Z"
"AIWF_Atlas_VOL1_machine_facing_v3_3_api_cli_guide/01_CANONICAL_RESEARCH_LANES/21_audio_speech_music_ai/README_VOL1.md","README_VOL1.md",".md","707","aiwf_atlas","canonical_lane","21_audio_speech_music_ai","","2026-05-21T07:12:12.0000000Z"
"AIWF_Atlas_VOL1_machine_facing_v3_3_api_cli_guide/01_CANONICAL_RESEARCH_LANES/21_audio_speech_music_ai/RETRIEVAL_CARDS.jsonl","RETRIEVAL_CARDS.jsonl",".jsonl","9582","aiwf_atlas","canonical_lane","21_audio_speech_music_ai","","2026-05-21T07:12:12.0000000Z"
"AIWF_Atlas_VOL1_machine_facing_v3_3_api_cli_guide/01_CANONICAL_RESEARCH_LANES/21_audio_speech_music_ai/SOURCE_COVERAGE.md","SOURCE_COVERAGE.md",".md","415","aiwf_atlas","canonical_lane","21_audio_speech_music_ai","","2026-05-21T07:12:12.0000000Z"
"AIWF_Atlas_VOL1_machine_facing_v3_3_api_cli_guide/01_CANONICAL_RESEARCH_LANES/21_audio_speech_music_ai/vol1_lane_manifest.json","vol1_lane_manifest.json",".json","759","aiwf_atlas","canonical_lane","21_audio_speech_music_ai","","2026-05-21T07:12:12.0000000Z"
"AIWF_Atlas_VOL1_machine_facing_v3_3_api_cli_guide/01_CANONICAL_RESEARCH_LANES/21_audio_speech_music_ai/VOL1_SCOPE.md","VOL1_SCOPE.md",".md","697","aiwf_atlas","canonical_lane","21_audio_speech_music_ai","","2026-05-21T07:12:12.0000000Z"
"AIWF_Atlas_VOL1_machine_facing_v3_3_api_cli_guide/01_CANONICAL_RESEARCH_LANES/22_vision_language_ocr_document_ai/CANONICAL_OVERVIEW.md","CANONICAL_OVERVIEW.md",".md","3413","aiwf_atlas","canonical_lane","22_vision_language_ocr_document_ai","","2026-05-21T07:12:12.0000000Z"
"AIWF_Atlas_VOL1_machine_facing_v3_3_api_cli_guide/01_CANONICAL_RESEARCH_LANES/22_vision_language_ocr_document_ai/CONCEPT_MAP.md","CONCEPT_MAP.md",".md","2157","aiwf_atlas","canonical_lane","22_vision_language_ocr_document_ai","","2026-05-21T07:12:12.0000000Z"
"AIWF_Atlas_VOL1_machine_facing_v3_3_api_cli_guide/01_CANONICAL_RESEARCH_LANES/22_vision_language_ocr_document_ai/EMBEDDING_AND_CHUNKING_STRATEGY.md","EMBEDDING_AND_CHUNKING_STRATEGY.md",".md","955","aiwf_atlas","canonical_lane","22_vision_language_ocr_document_ai","","2026-05-21T07:12:12.0000000Z"
"AIWF_Atlas_VOL1_machine_facing_v3_3_api_cli_guide/01_CANONICAL_RESEARCH_LANES/22_vision_language_ocr_document_ai/GAP_AUDIT_AND_VOL2_QUEUE.md","GAP_AUDIT_AND_VOL2_QUEUE.md",".md","693","aiwf_atlas","canonical_lane","22_vision_language_ocr_document_ai","","2026-05-21T07:12:12.0000000Z"
"AIWF_Atlas_VOL1_machine_facing_v3_3_api_cli_guide/01_CANONICAL_RESEARCH_LANES/22_vision_language_ocr_document_ai/lane_profile.json","lane_profile.json",".json","1362","aiwf_atlas","canonical_lane","22_vision_language_ocr_document_ai","","2026-05-21T07:12:12.0000000Z"
"AIWF_Atlas_VOL1_machine_facing_v3_3_api_cli_guide/01_CANONICAL_RESEARCH_LANES/22_vision_language_ocr_document_ai/QA_TEST_PROMPTS.md","QA_TEST_PROMPTS.md",".md","713","aiwf_atlas","canonical_lane","22_vision_language_ocr_document_ai","","2026-05-21T07:12:12.0000000Z"
"AIWF_Atlas_VOL1_machine_facing_v3_3_api_cli_guide/01_CANONICAL_RESEARCH_LANES/22_vision_language_ocr_document_ai/README_VOL1.md","README_VOL1.md",".md","737","aiwf_atlas","canonical_lane","22_vision_language_ocr_document_ai","","2026-05-21T07:12:12.0000000Z"
"AIWF_Atlas_VOL1_machine_facing_v3_3_api_cli_guide/01_CANONICAL_RESEARCH_LANES/22_vision_language_ocr_document_ai/RETRIEVAL_CARDS.jsonl","RETRIEVAL_CARDS.jsonl",".jsonl","10549","aiwf_atlas","canonical_lane","22_vision_language_ocr_document_ai","","2026-05-21T07:12:12.0000000Z"
"AIWF_Atlas_VOL1_machine_facing_v3_3_api_cli_guide/01_CANONICAL_RESEARCH_LANES/22_vision_language_ocr_document_ai/SOURCE_COVERAGE.md","SOURCE_COVERAGE.md",".md","435","aiwf_atlas","canonical_lane","22_vision_language_ocr_document_ai","","2026-05-21T07:12:12.0000000Z"
"AIWF_Atlas_VOL1_machine_facing_v3_3_api_cli_guide/01_CANONICAL_RESEARCH_LANES/22_vision_language_ocr_document_ai/vol1_lane_manifest.json","vol1_lane_manifest.json",".json","789","aiwf_atlas","canonical_lane","22_vision_language_ocr_document_ai","","2026-05-21T07:12:12.0000000Z"
"AIWF_Atlas_VOL1_machine_facing_v3_3_api_cli_guide/01_CANONICAL_RESEARCH_LANES/22_vision_language_ocr_document_ai/VOL1_SCOPE.md","VOL1_SCOPE.md",".md","717","aiwf_atlas","canonical_lane","22_vision_language_ocr_document_ai","","2026-05-21T07:12:12.0000000Z"
"AIWF_Atlas_VOL1_machine_facing_v3_3_api_cli_guide/01_CANONICAL_RESEARCH_LANES/23_synthetic_data_dataset_creation/CANONICAL_OVERVIEW.md","CANONICAL_OVERVIEW.md",".md","1171","aiwf_atlas","canonical_lane","23_synthetic_data_dataset_creation","","2026-05-21T07:12:12.0000000Z"
"AIWF_Atlas_VOL1_machine_facing_v3_3_api_cli_guide/01_CANONICAL_RESEARCH_LANES/23_synthetic_data_dataset_creation/CONCEPT_MAP.md","CONCEPT_MAP.md",".md","2095","aiwf_atlas","canonical_lane","23_synthetic_data_dataset_creation","","2026-05-21T07:12:12.0000000Z"
"AIWF_Atlas_VOL1_machine_facing_v3_3_api_cli_guide/01_CANONICAL_RESEARCH_LANES/23_synthetic_data_dataset_creation/EMBEDDING_AND_CHUNKING_STRATEGY.md","EMBEDDING_AND_CHUNKING_STRATEGY.md",".md","953","aiwf_atlas","canonical_lane","23_synthetic_data_dataset_creation","","2026-05-21T07:12:12.0000000Z"
"AIWF_Atlas_VOL1_machine_facing_v3_3_api_cli_guide/01_CANONICAL_RESEARCH_LANES/23_synthetic_data_dataset_creation/GAP_AUDIT_AND_VOL2_QUEUE.md","GAP_AUDIT_AND_VOL2_QUEUE.md",".md","691","aiwf_atlas","canonical_lane","23_synthetic_data_dataset_creation","","2026-05-21T07:12:12.0000000Z"
"AIWF_Atlas_VOL1_machine_facing_v3_3_api_cli_guide/01_CANONICAL_RESEARCH_LANES/23_synthetic_data_dataset_creation/lane_profile.json","lane_profile.json",".json","1377","aiwf_atlas","canonical_lane","23_synthetic_data_dataset_creation","","2026-05-21T07:12:12.0000000Z"
"AIWF_Atlas_VOL1_machine_facing_v3_3_api_cli_guide/01_CANONICAL_RESEARCH_LANES/23_synthetic_data_dataset_creation/QA_TEST_PROMPTS.md","QA_TEST_PROMPTS.md",".md","701","aiwf_atlas","canonical_lane","23_synthetic_data_dataset_creation","","2026-05-21T07:12:12.0000000Z"
"AIWF_Atlas_VOL1_machine_facing_v3_3_api_cli_guide/01_CANONICAL_RESEARCH_LANES/23_synthetic_data_dataset_creation/README_VOL1.md","README_VOL1.md",".md","733","aiwf_atlas","canonical_lane","23_synthetic_data_dataset_creation","","2026-05-21T07:12:12.0000000Z"
"AIWF_Atlas_VOL1_machine_facing_v3_3_api_cli_guide/01_CANONICAL_RESEARCH_LANES/23_synthetic_data_dataset_creation/RETRIEVAL_CARDS.jsonl","RETRIEVAL_CARDS.jsonl",".jsonl","11134","aiwf_atlas","canonical_lane","23_synthetic_data_dataset_creation","","2026-05-21T07:12:12.0000000Z"
"AIWF_Atlas_VOL1_machine_facing_v3_3_api_cli_guide/01_CANONICAL_RESEARCH_LANES/23_synthetic_data_dataset_creation/SOURCE_COVERAGE.md","SOURCE_COVERAGE.md",".md","433","aiwf_atlas","canonical_lane","23_synthetic_data_dataset_creation","","2026-05-21T07:12:12.0000000Z"
"AIWF_Atlas_VOL1_machine_facing_v3_3_api_cli_guide/01_CANONICAL_RESEARCH_LANES/23_synthetic_data_dataset_creation/vol1_lane_manifest.json","vol1_lane_manifest.json",".json","787","aiwf_atlas","canonical_lane","23_synthetic_data_dataset_creation","","2026-05-21T07:12:12.0000000Z"
"AIWF_Atlas_VOL1_machine_facing_v3_3_api_cli_guide/01_CANONICAL_RESEARCH_LANES/23_synthetic_data_dataset_creation/VOL1_SCOPE.md","VOL1_SCOPE.md",".md","713","aiwf_atlas","canonical_lane","23_synthetic_data_dataset_creation","","2026-05-21T07:12:12.0000000Z"
"AIWF_Atlas_VOL1_machine_facing_v3_3_api_cli_guide/01_CANONICAL_RESEARCH_LANES/24_ai_application_architecture/CANONICAL_OVERVIEW.md","CANONICAL_OVERVIEW.md",".md","3326","aiwf_atlas","canonical_lane","24_ai_application_architecture","","2026-05-21T07:12:12.0000000Z"
"AIWF_Atlas_VOL1_machine_facing_v3_3_api_cli_guide/01_CANONICAL_RESEARCH_LANES/24_ai_application_architecture/CONCEPT_MAP.md","CONCEPT_MAP.md",".md","1987","aiwf_atlas","canonical_lane","24_ai_application_architecture","","2026-05-21T07:12:12.0000000Z"
"AIWF_Atlas_VOL1_machine_facing_v3_3_api_cli_guide/01_CANONICAL_RESEARCH_LANES/24_ai_application_architecture/EMBEDDING_AND_CHUNKING_STRATEGY.md","EMBEDDING_AND_CHUNKING_STRATEGY.md",".md","941","aiwf_atlas","canonical_lane","24_ai_application_architecture","","2026-05-21T07:12:12.0000000Z"
"AIWF_Atlas_VOL1_machine_facing_v3_3_api_cli_guide/01_CANONICAL_RESEARCH_LANES/24_ai_application_architecture/GAP_AUDIT_AND_VOL2_QUEUE.md","GAP_AUDIT_AND_VOL2_QUEUE.md",".md","683","aiwf_atlas","canonical_lane","24_ai_application_architecture","","2026-05-21T07:12:12.0000000Z"
"AIWF_Atlas_VOL1_machine_facing_v3_3_api_cli_guide/01_CANONICAL_RESEARCH_LANES/24_ai_application_architecture/lane_profile.json","lane_profile.json",".json","1358","aiwf_atlas","canonical_lane","24_ai_application_architecture","","2026-05-21T07:12:12.0000000Z"
"AIWF_Atlas_VOL1_machine_facing_v3_3_api_cli_guide/01_CANONICAL_RESEARCH_LANES/24_ai_application_architecture/QA_TEST_PROMPTS.md","QA_TEST_PROMPTS.md",".md","653","aiwf_atlas","canonical_lane","24_ai_application_architecture","","2026-05-21T07:12:12.0000000Z"
"AIWF_Atlas_VOL1_machine_facing_v3_3_api_cli_guide/01_CANONICAL_RESEARCH_LANES/24_ai_application_architecture/README_VOL1.md","README_VOL1.md",".md","713","aiwf_atlas","canonical_lane","24_ai_application_architecture","","2026-05-21T07:12:12.0000000Z"
"AIWF_Atlas_VOL1_machine_facing_v3_3_api_cli_guide/01_CANONICAL_RESEARCH_LANES/24_ai_application_architecture/RETRIEVAL_CARDS.jsonl","RETRIEVAL_CARDS.jsonl",".jsonl","9920","aiwf_atlas","canonical_lane","24_ai_application_architecture","","2026-05-21T07:12:12.0000000Z"
"AIWF_Atlas_VOL1_machine_facing_v3_3_api_cli_guide/01_CANONICAL_RESEARCH_LANES/24_ai_application_architecture/SOURCE_COVERAGE.md","SOURCE_COVERAGE.md",".md","421","aiwf_atlas","canonical_lane","24_ai_application_architecture","","2026-05-21T07:12:12.0000000Z"
"AIWF_Atlas_VOL1_machine_facing_v3_3_api_cli_guide/01_CANONICAL_RESEARCH_LANES/24_ai_application_architecture/vol1_lane_manifest.json","vol1_lane_manifest.json",".json","771","aiwf_atlas","canonical_lane","24_ai_application_architecture","","2026-05-21T07:12:12.0000000Z"
"AIWF_Atlas_VOL1_machine_facing_v3_3_api_cli_guide/01_CANONICAL_RESEARCH_LANES/24_ai_application_architecture/VOL1_SCOPE.md","VOL1_SCOPE.md",".md","697","aiwf_atlas","canonical_lane","24_ai_application_architecture","","2026-05-21T07:12:12.0000000Z"
"AIWF_Atlas_VOL1_machine_facing_v3_3_api_cli_guide/01_CANONICAL_RESEARCH_LANES/25_hardware_cost_performance_planning/CANONICAL_OVERVIEW.md","CANONICAL_OVERVIEW.md",".md","3818","aiwf_atlas","canonical_lane","25_hardware_cost_performance_planning","","2026-05-21T07:12:12.0000000Z"
"AIWF_Atlas_VOL1_machine_facing_v3_3_api_cli_guide/01_CANONICAL_RESEARCH_LANES/25_hardware_cost_performance_planning/CONCEPT_MAP.md","CONCEPT_MAP.md",".md","1965","aiwf_atlas","canonical_lane","25_hardware_cost_performance_planning","","2026-05-21T07:12:12.0000000Z"
"AIWF_Atlas_VOL1_machine_facing_v3_3_api_cli_guide/01_CANONICAL_RESEARCH_LANES/25_hardware_cost_performance_planning/EMBEDDING_AND_CHUNKING_STRATEGY.md","EMBEDDING_AND_CHUNKING_STRATEGY.md",".md","959","aiwf_atlas","canonical_lane","25_hardware_cost_performance_planning","","2026-05-21T07:12:12.0000000Z"
"AIWF_Atlas_VOL1_machine_facing_v3_3_api_cli_guide/01_CANONICAL_RESEARCH_LANES/25_hardware_cost_performance_planning/GAP_AUDIT_AND_VOL2_QUEUE.md","GAP_AUDIT_AND_VOL2_QUEUE.md",".md","694","aiwf_atlas","canonical_lane","25_hardware_cost_performance_planning","","2026-05-21T07:12:12.0000000Z"
"AIWF_Atlas_VOL1_machine_facing_v3_3_api_cli_guide/01_CANONICAL_RESEARCH_LANES/25_hardware_cost_performance_planning/lane_profile.json","lane_profile.json",".json","1400","aiwf_atlas","canonical_lane","25_hardware_cost_performance_planning","","2026-05-21T07:12:12.0000000Z"
"AIWF_Atlas_VOL1_machine_facing_v3_3_api_cli_guide/01_CANONICAL_RESEARCH_LANES/25_hardware_cost_performance_planning/QA_TEST_PROMPTS.md","QA_TEST_PROMPTS.md",".md","719","aiwf_atlas","canonical_lane","25_hardware_cost_performance_planning","","2026-05-21T07:12:12.0000000Z"
"AIWF_Atlas_VOL1_machine_facing_v3_3_api_cli_guide/01_CANONICAL_RESEARCH_LANES/25_hardware_cost_performance_planning/README_VOL1.md","README_VOL1.md",".md","742","aiwf_atlas","canonical_lane","25_hardware_cost_performance_planning","","2026-05-21T07:12:12.0000000Z"
"AIWF_Atlas_VOL1_machine_facing_v3_3_api_cli_guide/01_CANONICAL_RESEARCH_LANES/25_hardware_cost_performance_planning/RETRIEVAL_CARDS.jsonl","RETRIEVAL_CARDS.jsonl",".jsonl","10754","aiwf_atlas","canonical_lane","25_hardware_cost_performance_planning","","2026-05-21T07:12:12.0000000Z"
"AIWF_Atlas_VOL1_machine_facing_v3_3_api_cli_guide/01_CANONICAL_RESEARCH_LANES/25_hardware_cost_performance_planning/SOURCE_COVERAGE.md","SOURCE_COVERAGE.md",".md","439","aiwf_atlas","canonical_lane","25_hardware_cost_performance_planning","","2026-05-21T07:12:12.0000000Z"
"AIWF_Atlas_VOL1_machine_facing_v3_3_api_cli_guide/01_CANONICAL_RESEARCH_LANES/25_hardware_cost_performance_planning/vol1_lane_manifest.json","vol1_lane_manifest.json",".json","796","aiwf_atlas","canonical_lane","25_hardware_cost_performance_planning","","2026-05-21T07:12:12.0000000Z"
"AIWF_Atlas_VOL1_machine_facing_v3_3_api_cli_guide/01_CANONICAL_RESEARCH_LANES/25_hardware_cost_performance_planning/VOL1_SCOPE.md","VOL1_SCOPE.md",".md","719","aiwf_atlas","canonical_lane","25_hardware_cost_performance_planning","","2026-05-21T07:12:12.0000000Z"
"AIWF_Atlas_VOL1_machine_facing_v3_3_api_cli_guide/01_CANONICAL_RESEARCH_LANES/26_comfyui_advanced_node_io_datatypes/ADVANCED_SOCKET_CHANGE_GUIDE_IMAGE_TO_LATENT.md","ADVANCED_SOCKET_CHANGE_GUIDE_IMAGE_TO_LATENT.md",".md","4438","aiwf_atlas","canonical_lane","26_comfyui_advanced_node_io_datatypes","","2026-05-21T07:12:12.0000000Z"
"AIWF_Atlas_VOL1_machine_facing_v3_3_api_cli_guide/01_CANONICAL_RESEARCH_LANES/26_comfyui_advanced_node_io_datatypes/CANONICAL_OVERVIEW.md","CANONICAL_OVERVIEW.md",".md","2681","aiwf_atlas","canonical_lane","26_comfyui_advanced_node_io_datatypes","","2026-05-21T07:12:12.0000000Z"
"AIWF_Atlas_VOL1_machine_facing_v3_3_api_cli_guide/01_CANONICAL_RESEARCH_LANES/26_comfyui_advanced_node_io_datatypes/CONCEPT_MAP.md","CONCEPT_MAP.md",".md","567","aiwf_atlas","canonical_lane","26_comfyui_advanced_node_io_datatypes","","2026-05-21T07:12:12.0000000Z"
"AIWF_Atlas_VOL1_machine_facing_v3_3_api_cli_guide/01_CANONICAL_RESEARCH_LANES/26_comfyui_advanced_node_io_datatypes/EMBEDDING_AND_CHUNKING_STRATEGY.md","EMBEDDING_AND_CHUNKING_STRATEGY.md",".md","742","aiwf_atlas","canonical_lane","26_comfyui_advanced_node_io_datatypes","","2026-05-21T07:12:12.0000000Z"
"AIWF_Atlas_VOL1_machine_facing_v3_3_api_cli_guide/01_CANONICAL_RESEARCH_LANES/26_comfyui_advanced_node_io_datatypes/GAP_AUDIT_AND_VOL2_QUEUE.md","GAP_AUDIT_AND_VOL2_QUEUE.md",".md","477","aiwf_atlas","canonical_lane","26_comfyui_advanced_node_io_datatypes","","2026-05-21T07:12:12.0000000Z"
"AIWF_Atlas_VOL1_machine_facing_v3_3_api_cli_guide/01_CANONICAL_RESEARCH_LANES/26_comfyui_advanced_node_io_datatypes/lane_profile.json","lane_profile.json",".json","751","aiwf_atlas","canonical_lane","26_comfyui_advanced_node_io_datatypes","","2026-05-21T07:12:12.0000000Z"
"AIWF_Atlas_VOL1_machine_facing_v3_3_api_cli_guide/01_CANONICAL_RESEARCH_LANES/26_comfyui_advanced_node_io_datatypes/QA_TEST_PROMPTS.md","QA_TEST_PROMPTS.md",".md","501","aiwf_atlas","canonical_lane","26_comfyui_advanced_node_io_datatypes","","2026-05-21T07:12:12.0000000Z"
"AIWF_Atlas_VOL1_machine_facing_v3_3_api_cli_guide/01_CANONICAL_RESEARCH_LANES/26_comfyui_advanced_node_io_datatypes/README_VOL1.md","README_VOL1.md",".md","710","aiwf_atlas","canonical_lane","26_comfyui_advanced_node_io_datatypes","","2026-05-21T07:12:12.0000000Z"
"AIWF_Atlas_VOL1_machine_facing_v3_3_api_cli_guide/01_CANONICAL_RESEARCH_LANES/26_comfyui_advanced_node_io_datatypes/RETRIEVAL_CARDS.jsonl","RETRIEVAL_CARDS.jsonl",".jsonl","8294","aiwf_atlas","canonical_lane","26_comfyui_advanced_node_io_datatypes","","2026-05-21T07:12:12.0000000Z"
"AIWF_Atlas_VOL1_machine_facing_v3_3_api_cli_guide/01_CANONICAL_RESEARCH_LANES/26_comfyui_advanced_node_io_datatypes/SOURCE_COVERAGE.md","SOURCE_COVERAGE.md",".md","1216","aiwf_atlas","canonical_lane","26_comfyui_advanced_node_io_datatypes","","2026-05-21T07:12:12.0000000Z"
"AIWF_Atlas_VOL1_machine_facing_v3_3_api_cli_guide/01_CANONICAL_RESEARCH_LANES/26_comfyui_advanced_node_io_datatypes/vol1_lane_manifest.json","vol1_lane_manifest.json",".json","975","aiwf_atlas","canonical_lane","26_comfyui_advanced_node_io_datatypes","","2026-05-21T07:12:12.0000000Z"
"AIWF_Atlas_VOL1_machine_facing_v3_3_api_cli_guide/01_CANONICAL_RESEARCH_LANES/26_comfyui_advanced_node_io_datatypes/VOL1_SCOPE.md","VOL1_SCOPE.md",".md","655","aiwf_atlas","canonical_lane","26_comfyui_advanced_node_io_datatypes","","2026-05-21T07:12:12.0000000Z"
"AIWF_Atlas_VOL1_machine_facing_v3_3_api_cli_guide/01_CANONICAL_RESEARCH_LANES/27_comfyui_custom_node_development_patterns/CANONICAL_OVERVIEW.md","CANONICAL_OVERVIEW.md",".md","1557","aiwf_atlas","canonical_lane","27_comfyui_custom_node_development_patterns","","2026-05-21T07:12:12.0000000Z"
"AIWF_Atlas_VOL1_machine_facing_v3_3_api_cli_guide/01_CANONICAL_RESEARCH_LANES/27_comfyui_custom_node_development_patterns/CONCEPT_MAP.md","CONCEPT_MAP.md",".md","582","aiwf_atlas","canonical_lane","27_comfyui_custom_node_development_patterns","","2026-05-21T07:12:12.0000000Z"
"AIWF_Atlas_VOL1_machine_facing_v3_3_api_cli_guide/01_CANONICAL_RESEARCH_LANES/27_comfyui_custom_node_development_patterns/EMBEDDING_AND_CHUNKING_STRATEGY.md","EMBEDDING_AND_CHUNKING_STRATEGY.md",".md","756","aiwf_atlas","canonical_lane","27_comfyui_custom_node_development_patterns","","2026-05-21T07:12:12.0000000Z"
"AIWF_Atlas_VOL1_machine_facing_v3_3_api_cli_guide/01_CANONICAL_RESEARCH_LANES/27_comfyui_custom_node_development_patterns/GAP_AUDIT_AND_VOL2_QUEUE.md","GAP_AUDIT_AND_VOL2_QUEUE.md",".md","491","aiwf_atlas","canonical_lane","27_comfyui_custom_node_development_patterns","","2026-05-21T07:12:12.0000000Z"
"AIWF_Atlas_VOL1_machine_facing_v3_3_api_cli_guide/01_CANONICAL_RESEARCH_LANES/27_comfyui_custom_node_development_patterns/lane_profile.json","lane_profile.json",".json","745","aiwf_atlas","canonical_lane","27_comfyui_custom_node_development_patterns","","2026-05-21T07:12:12.0000000Z"
"AIWF_Atlas_VOL1_machine_facing_v3_3_api_cli_guide/01_CANONICAL_RESEARCH_LANES/27_comfyui_custom_node_development_patterns/QA_TEST_PROMPTS.md","QA_TEST_PROMPTS.md",".md","521","aiwf_atlas","canonical_lane","27_comfyui_custom_node_development_patterns","","2026-05-21T07:12:12.0000000Z"
"AIWF_Atlas_VOL1_machine_facing_v3_3_api_cli_guide/01_CANONICAL_RESEARCH_LANES/27_comfyui_custom_node_development_patterns/README_VOL1.md","README_VOL1.md",".md","692","aiwf_atlas","canonical_lane","27_comfyui_custom_node_development_patterns","","2026-05-21T07:12:12.0000000Z"
"AIWF_Atlas_VOL1_machine_facing_v3_3_api_cli_guide/01_CANONICAL_RESEARCH_LANES/27_comfyui_custom_node_development_patterns/RETRIEVAL_CARDS.jsonl","RETRIEVAL_CARDS.jsonl",".jsonl","7985","aiwf_atlas","canonical_lane","27_comfyui_custom_node_development_patterns","","2026-05-21T07:12:12.0000000Z"
"AIWF_Atlas_VOL1_machine_facing_v3_3_api_cli_guide/01_CANONICAL_RESEARCH_LANES/27_comfyui_custom_node_development_patterns/SOURCE_COVERAGE.md","SOURCE_COVERAGE.md",".md","990","aiwf_atlas","canonical_lane","27_comfyui_custom_node_development_patterns","","2026-05-21T07:12:12.0000000Z"
"AIWF_Atlas_VOL1_machine_facing_v3_3_api_cli_guide/01_CANONICAL_RESEARCH_LANES/27_comfyui_custom_node_development_patterns/vol1_lane_manifest.json","vol1_lane_manifest.json",".json","963","aiwf_atlas","canonical_lane","27_comfyui_custom_node_development_patterns","","2026-05-21T07:12:12.0000000Z"
"AIWF_Atlas_VOL1_machine_facing_v3_3_api_cli_guide/01_CANONICAL_RESEARCH_LANES/27_comfyui_custom_node_development_patterns/VOL1_SCOPE.md","VOL1_SCOPE.md",".md","670","aiwf_atlas","canonical_lane","27_comfyui_custom_node_development_patterns","","2026-05-21T07:12:12.0000000Z"
"AIWF_Atlas_VOL1_machine_facing_v3_3_api_cli_guide/01_CANONICAL_RESEARCH_LANES/28_comfyui_workflow_api_graph_subgraph_advanced/CANONICAL_OVERVIEW.md","CANONICAL_OVERVIEW.md",".md","1105","aiwf_atlas","canonical_lane","28_comfyui_workflow_api_graph_subgraph_advanced","","2026-05-21T07:12:12.0000000Z"
"AIWF_Atlas_VOL1_machine_facing_v3_3_api_cli_guide/01_CANONICAL_RESEARCH_LANES/28_comfyui_workflow_api_graph_subgraph_advanced/CONCEPT_MAP.md","CONCEPT_MAP.md",".md","597","aiwf_atlas","canonical_lane","28_comfyui_workflow_api_graph_subgraph_advanced","","2026-05-21T07:12:12.0000000Z"
"AIWF_Atlas_VOL1_machine_facing_v3_3_api_cli_guide/01_CANONICAL_RESEARCH_LANES/28_comfyui_workflow_api_graph_subgraph_advanced/EMBEDDING_AND_CHUNKING_STRATEGY.md","EMBEDDING_AND_CHUNKING_STRATEGY.md",".md","768","aiwf_atlas","canonical_lane","28_comfyui_workflow_api_graph_subgraph_advanced","","2026-05-21T07:12:12.0000000Z"
"AIWF_Atlas_VOL1_machine_facing_v3_3_api_cli_guide/01_CANONICAL_RESEARCH_LANES/28_comfyui_workflow_api_graph_subgraph_advanced/GAP_AUDIT_AND_VOL2_QUEUE.md","GAP_AUDIT_AND_VOL2_QUEUE.md",".md","503","aiwf_atlas","canonical_lane","28_comfyui_workflow_api_graph_subgraph_advanced","","2026-05-21T07:12:12.0000000Z"
"AIWF_Atlas_VOL1_machine_facing_v3_3_api_cli_guide/01_CANONICAL_RESEARCH_LANES/28_comfyui_workflow_api_graph_subgraph_advanced/lane_profile.json","lane_profile.json",".json","772","aiwf_atlas","canonical_lane","28_comfyui_workflow_api_graph_subgraph_advanced","","2026-05-21T07:12:12.0000000Z"
"AIWF_Atlas_VOL1_machine_facing_v3_3_api_cli_guide/01_CANONICAL_RESEARCH_LANES/28_comfyui_workflow_api_graph_subgraph_advanced/QA_TEST_PROMPTS.md","QA_TEST_PROMPTS.md",".md","537","aiwf_atlas","canonical_lane","28_comfyui_workflow_api_graph_subgraph_advanced","","2026-05-21T07:12:12.0000000Z"
"AIWF_Atlas_VOL1_machine_facing_v3_3_api_cli_guide/01_CANONICAL_RESEARCH_LANES/28_comfyui_workflow_api_graph_subgraph_advanced/README_VOL1.md","README_VOL1.md",".md","711","aiwf_atlas","canonical_lane","28_comfyui_workflow_api_graph_subgraph_advanced","","2026-05-21T07:12:12.0000000Z"
"AIWF_Atlas_VOL1_machine_facing_v3_3_api_cli_guide/01_CANONICAL_RESEARCH_LANES/28_comfyui_workflow_api_graph_subgraph_advanced/RETRIEVAL_CARDS.jsonl","RETRIEVAL_CARDS.jsonl",".jsonl","8180","aiwf_atlas","canonical_lane","28_comfyui_workflow_api_graph_subgraph_advanced","","2026-05-21T07:12:12.0000000Z"
"AIWF_Atlas_VOL1_machine_facing_v3_3_api_cli_guide/01_CANONICAL_RESEARCH_LANES/28_comfyui_workflow_api_graph_subgraph_advanced/SOURCE_COVERAGE.md","SOURCE_COVERAGE.md",".md","429","aiwf_atlas","canonical_lane","28_comfyui_workflow_api_graph_subgraph_advanced","","2026-05-21T07:12:12.0000000Z"
"AIWF_Atlas_VOL1_machine_facing_v3_3_api_cli_guide/01_CANONICAL_RESEARCH_LANES/28_comfyui_workflow_api_graph_subgraph_advanced/vol1_lane_manifest.json","vol1_lane_manifest.json",".json","986","aiwf_atlas","canonical_lane","28_comfyui_workflow_api_graph_subgraph_advanced","","2026-05-21T07:12:12.0000000Z"
"AIWF_Atlas_VOL1_machine_facing_v3_3_api_cli_guide/01_CANONICAL_RESEARCH_LANES/28_comfyui_workflow_api_graph_subgraph_advanced/VOL1_SCOPE.md","VOL1_SCOPE.md",".md","685","aiwf_atlas","canonical_lane","28_comfyui_workflow_api_graph_subgraph_advanced","","2026-05-21T07:12:12.0000000Z"
"AIWF_Atlas_VOL1_machine_facing_v3_3_api_cli_guide/01_CANONICAL_RESEARCH_LANES/29_comfyui_frontend_extensions_ui_controls/CANONICAL_OVERVIEW.md","CANONICAL_OVERVIEW.md",".md","1024","aiwf_atlas","canonical_lane","29_comfyui_frontend_extensions_ui_controls","","2026-05-21T07:12:12.0000000Z"
"AIWF_Atlas_VOL1_machine_facing_v3_3_api_cli_guide/01_CANONICAL_RESEARCH_LANES/29_comfyui_frontend_extensions_ui_controls/CONCEPT_MAP.md","CONCEPT_MAP.md",".md","577","aiwf_atlas","canonical_lane","29_comfyui_frontend_extensions_ui_controls","","2026-05-21T07:12:12.0000000Z"
"AIWF_Atlas_VOL1_machine_facing_v3_3_api_cli_guide/01_CANONICAL_RESEARCH_LANES/29_comfyui_frontend_extensions_ui_controls/EMBEDDING_AND_CHUNKING_STRATEGY.md","EMBEDDING_AND_CHUNKING_STRATEGY.md",".md","759","aiwf_atlas","canonical_lane","29_comfyui_frontend_extensions_ui_controls","","2026-05-21T07:12:12.0000000Z"
"AIWF_Atlas_VOL1_machine_facing_v3_3_api_cli_guide/01_CANONICAL_RESEARCH_LANES/29_comfyui_frontend_extensions_ui_controls/GAP_AUDIT_AND_VOL2_QUEUE.md","GAP_AUDIT_AND_VOL2_QUEUE.md",".md","494","aiwf_atlas","canonical_lane","29_comfyui_frontend_extensions_ui_controls","","2026-05-21T07:12:12.0000000Z"
"AIWF_Atlas_VOL1_machine_facing_v3_3_api_cli_guide/01_CANONICAL_RESEARCH_LANES/29_comfyui_frontend_extensions_ui_controls/lane_profile.json","lane_profile.json",".json","754","aiwf_atlas","canonical_lane","29_comfyui_frontend_extensions_ui_controls","","2026-05-21T07:12:12.0000000Z"
"AIWF_Atlas_VOL1_machine_facing_v3_3_api_cli_guide/01_CANONICAL_RESEARCH_LANES/29_comfyui_frontend_extensions_ui_controls/QA_TEST_PROMPTS.md","QA_TEST_PROMPTS.md",".md","523","aiwf_atlas","canonical_lane","29_comfyui_frontend_extensions_ui_controls","","2026-05-21T07:12:12.0000000Z"
"AIWF_Atlas_VOL1_machine_facing_v3_3_api_cli_guide/01_CANONICAL_RESEARCH_LANES/29_comfyui_frontend_extensions_ui_controls/README_VOL1.md","README_VOL1.md",".md","703","aiwf_atlas","canonical_lane","29_comfyui_frontend_extensions_ui_controls","","2026-05-21T07:12:12.0000000Z"
"AIWF_Atlas_VOL1_machine_facing_v3_3_api_cli_guide/01_CANONICAL_RESEARCH_LANES/29_comfyui_frontend_extensions_ui_controls/RETRIEVAL_CARDS.jsonl","RETRIEVAL_CARDS.jsonl",".jsonl","7926","aiwf_atlas","canonical_lane","29_comfyui_frontend_extensions_ui_controls","","2026-05-21T07:12:12.0000000Z"
"AIWF_Atlas_VOL1_machine_facing_v3_3_api_cli_guide/01_CANONICAL_RESEARCH_LANES/29_comfyui_frontend_extensions_ui_controls/SOURCE_COVERAGE.md","SOURCE_COVERAGE.md",".md","420","aiwf_atlas","canonical_lane","29_comfyui_frontend_extensions_ui_controls","","2026-05-21T07:12:12.0000000Z"
"AIWF_Atlas_VOL1_machine_facing_v3_3_api_cli_guide/01_CANONICAL_RESEARCH_LANES/29_comfyui_frontend_extensions_ui_controls/vol1_lane_manifest.json","vol1_lane_manifest.json",".json","973","aiwf_atlas","canonical_lane","29_comfyui_frontend_extensions_ui_controls","","2026-05-21T07:12:12.0000000Z"
"AIWF_Atlas_VOL1_machine_facing_v3_3_api_cli_guide/01_CANONICAL_RESEARCH_LANES/29_comfyui_frontend_extensions_ui_controls/VOL1_SCOPE.md","VOL1_SCOPE.md",".md","665","aiwf_atlas","canonical_lane","29_comfyui_frontend_extensions_ui_controls","","2026-05-21T07:12:12.0000000Z"
"AIWF_Atlas_VOL1_machine_facing_v3_3_api_cli_guide/01_CANONICAL_RESEARCH_LANES/30_comfyui_troubleshooting_migration_packaging/CANONICAL_OVERVIEW.md","CANONICAL_OVERVIEW.md",".md","1110","aiwf_atlas","canonical_lane","30_comfyui_troubleshooting_migration_packaging","","2026-05-21T07:12:12.0000000Z"
"AIWF_Atlas_VOL1_machine_facing_v3_3_api_cli_guide/01_CANONICAL_RESEARCH_LANES/30_comfyui_troubleshooting_migration_packaging/CONCEPT_MAP.md","CONCEPT_MAP.md",".md","589","aiwf_atlas","canonical_lane","30_comfyui_troubleshooting_migration_packaging","","2026-05-21T07:12:12.0000000Z"
"AIWF_Atlas_VOL1_machine_facing_v3_3_api_cli_guide/01_CANONICAL_RESEARCH_LANES/30_comfyui_troubleshooting_migration_packaging/EMBEDDING_AND_CHUNKING_STRATEGY.md","EMBEDDING_AND_CHUNKING_STRATEGY.md",".md","765","aiwf_atlas","canonical_lane","30_comfyui_troubleshooting_migration_packaging","","2026-05-21T07:12:12.0000000Z"
"AIWF_Atlas_VOL1_machine_facing_v3_3_api_cli_guide/01_CANONICAL_RESEARCH_LANES/30_comfyui_troubleshooting_migration_packaging/GAP_AUDIT_AND_VOL2_QUEUE.md","GAP_AUDIT_AND_VOL2_QUEUE.md",".md","500","aiwf_atlas","canonical_lane","30_comfyui_troubleshooting_migration_packaging","","2026-05-21T07:12:12.0000000Z"
"AIWF_Atlas_VOL1_machine_facing_v3_3_api_cli_guide/01_CANONICAL_RESEARCH_LANES/30_comfyui_troubleshooting_migration_packaging/lane_profile.json","lane_profile.json",".json","767","aiwf_atlas","canonical_lane","30_comfyui_troubleshooting_migration_packaging","","2026-05-21T07:12:12.0000000Z"
"AIWF_Atlas_VOL1_machine_facing_v3_3_api_cli_guide/01_CANONICAL_RESEARCH_LANES/30_comfyui_troubleshooting_migration_packaging/QA_TEST_PROMPTS.md","QA_TEST_PROMPTS.md",".md","533","aiwf_atlas","canonical_lane","30_comfyui_troubleshooting_migration_packaging","","2026-05-21T07:12:12.0000000Z"
"AIWF_Atlas_VOL1_machine_facing_v3_3_api_cli_guide/01_CANONICAL_RESEARCH_LANES/30_comfyui_troubleshooting_migration_packaging/README_VOL1.md","README_VOL1.md",".md","708","aiwf_atlas","canonical_lane","30_comfyui_troubleshooting_migration_packaging","","2026-05-21T07:12:12.0000000Z"
"AIWF_Atlas_VOL1_machine_facing_v3_3_api_cli_guide/01_CANONICAL_RESEARCH_LANES/30_comfyui_troubleshooting_migration_packaging/RETRIEVAL_CARDS.jsonl","RETRIEVAL_CARDS.jsonl",".jsonl","8239","aiwf_atlas","canonical_lane","30_comfyui_troubleshooting_migration_packaging","","2026-05-21T07:12:12.0000000Z"
"AIWF_Atlas_VOL1_machine_facing_v3_3_api_cli_guide/01_CANONICAL_RESEARCH_LANES/30_comfyui_troubleshooting_migration_packaging/SOURCE_COVERAGE.md","SOURCE_COVERAGE.md",".md","426","aiwf_atlas","canonical_lane","30_comfyui_troubleshooting_migration_packaging","","2026-05-21T07:12:12.0000000Z"
"AIWF_Atlas_VOL1_machine_facing_v3_3_api_cli_guide/01_CANONICAL_RESEARCH_LANES/30_comfyui_troubleshooting_migration_packaging/vol1_lane_manifest.json","vol1_lane_manifest.json",".json","982","aiwf_atlas","canonical_lane","30_comfyui_troubleshooting_migration_packaging","","2026-05-21T07:12:12.0000000Z"
"AIWF_Atlas_VOL1_machine_facing_v3_3_api_cli_guide/01_CANONICAL_RESEARCH_LANES/30_comfyui_troubleshooting_migration_packaging/VOL1_SCOPE.md","VOL1_SCOPE.md",".md","677","aiwf_atlas","canonical_lane","30_comfyui_troubleshooting_migration_packaging","","2026-05-21T07:12:12.0000000Z"
"AIWF_Atlas_VOL1_machine_facing_v3_3_api_cli_guide/01_CANONICAL_RESEARCH_LANES/31_comfyui_datatype_conversion_boundaries/CANONICAL_OVERVIEW.md","CANONICAL_OVERVIEW.md",".md","4402","aiwf_atlas","canonical_lane","31_comfyui_datatype_conversion_boundaries","","2026-05-21T07:12:12.0000000Z"
"AIWF_Atlas_VOL1_machine_facing_v3_3_api_cli_guide/01_CANONICAL_RESEARCH_LANES/31_comfyui_datatype_conversion_boundaries/CONCEPT_MAP.md","CONCEPT_MAP.md",".md","1428","aiwf_atlas","canonical_lane","31_comfyui_datatype_conversion_boundaries","","2026-05-21T07:12:12.0000000Z"
"AIWF_Atlas_VOL1_machine_facing_v3_3_api_cli_guide/01_CANONICAL_RESEARCH_LANES/31_comfyui_datatype_conversion_boundaries/EMBEDDING_AND_CHUNKING_STRATEGY.md","EMBEDDING_AND_CHUNKING_STRATEGY.md",".md","968","aiwf_atlas","canonical_lane","31_comfyui_datatype_conversion_boundaries","","2026-05-21T07:12:12.0000000Z"
"AIWF_Atlas_VOL1_machine_facing_v3_3_api_cli_guide/01_CANONICAL_RESEARCH_LANES/31_comfyui_datatype_conversion_boundaries/GAP_AUDIT_AND_VOL2_QUEUE.md","GAP_AUDIT_AND_VOL2_QUEUE.md",".md","749","aiwf_atlas","canonical_lane","31_comfyui_datatype_conversion_boundaries","","2026-05-21T07:12:12.0000000Z"
"AIWF_Atlas_VOL1_machine_facing_v3_3_api_cli_guide/01_CANONICAL_RESEARCH_LANES/31_comfyui_datatype_conversion_boundaries/IMAGE_LATENT_MASK_CONVERSION_GUIDE.md","IMAGE_LATENT_MASK_CONVERSION_GUIDE.md",".md","2359","aiwf_atlas","canonical_lane","31_comfyui_datatype_conversion_boundaries","","2026-05-21T07:12:12.0000000Z"
"AIWF_Atlas_VOL1_machine_facing_v3_3_api_cli_guide/01_CANONICAL_RESEARCH_LANES/31_comfyui_datatype_conversion_boundaries/lane_profile.json","lane_profile.json",".json","670","aiwf_atlas","canonical_lane","31_comfyui_datatype_conversion_boundaries","","2026-05-21T07:12:12.0000000Z"
"AIWF_Atlas_VOL1_machine_facing_v3_3_api_cli_guide/01_CANONICAL_RESEARCH_LANES/31_comfyui_datatype_conversion_boundaries/QA_TEST_PROMPTS.md","QA_TEST_PROMPTS.md",".md","927","aiwf_atlas","canonical_lane","31_comfyui_datatype_conversion_boundaries","","2026-05-21T07:12:12.0000000Z"
"AIWF_Atlas_VOL1_machine_facing_v3_3_api_cli_guide/01_CANONICAL_RESEARCH_LANES/31_comfyui_datatype_conversion_boundaries/README_VOL1.md","README_VOL1.md",".md","982","aiwf_atlas","canonical_lane","31_comfyui_datatype_conversion_boundaries","","2026-05-21T07:12:12.0000000Z"
"AIWF_Atlas_VOL1_machine_facing_v3_3_api_cli_guide/01_CANONICAL_RESEARCH_LANES/31_comfyui_datatype_conversion_boundaries/RETRIEVAL_CARDS.jsonl","RETRIEVAL_CARDS.jsonl",".jsonl","9251","aiwf_atlas","canonical_lane","31_comfyui_datatype_conversion_boundaries","","2026-05-21T07:12:12.0000000Z"
"AIWF_Atlas_VOL1_machine_facing_v3_3_api_cli_guide/01_CANONICAL_RESEARCH_LANES/31_comfyui_datatype_conversion_boundaries/SOURCE_COVERAGE.md","SOURCE_COVERAGE.md",".md","911","aiwf_atlas","canonical_lane","31_comfyui_datatype_conversion_boundaries","","2026-05-21T07:12:12.0000000Z"
"AIWF_Atlas_VOL1_machine_facing_v3_3_api_cli_guide/01_CANONICAL_RESEARCH_LANES/31_comfyui_datatype_conversion_boundaries/vol1_lane_manifest.json","vol1_lane_manifest.json",".json","833","aiwf_atlas","canonical_lane","31_comfyui_datatype_conversion_boundaries","","2026-05-21T07:12:12.0000000Z"
"AIWF_Atlas_VOL1_machine_facing_v3_3_api_cli_guide/01_CANONICAL_RESEARCH_LANES/31_comfyui_datatype_conversion_boundaries/VOL1_SCOPE.md","VOL1_SCOPE.md",".md","990","aiwf_atlas","canonical_lane","31_comfyui_datatype_conversion_boundaries","","2026-05-21T07:12:12.0000000Z"
"AIWF_Atlas_VOL1_machine_facing_v3_3_api_cli_guide/01_CANONICAL_RESEARCH_LANES/32_comfyui_workflow_api_automation_gradio_bridge/CANONICAL_OVERVIEW.md","CANONICAL_OVERVIEW.md",".md","2476","aiwf_atlas","canonical_lane","32_comfyui_workflow_api_automation_gradio_bridge","","2026-05-21T07:12:12.0000000Z"
"AIWF_Atlas_VOL1_machine_facing_v3_3_api_cli_guide/01_CANONICAL_RESEARCH_LANES/32_comfyui_workflow_api_automation_gradio_bridge/COMFYUI_API_AUTOMATION_PATTERN_GUIDE.md","COMFYUI_API_AUTOMATION_PATTERN_GUIDE.md",".md","1809","aiwf_atlas","canonical_lane","32_comfyui_workflow_api_automation_gradio_bridge","","2026-05-21T07:12:12.0000000Z"
"AIWF_Atlas_VOL1_machine_facing_v3_3_api_cli_guide/01_CANONICAL_RESEARCH_LANES/32_comfyui_workflow_api_automation_gradio_bridge/CONCEPT_MAP.md","CONCEPT_MAP.md",".md","1592","aiwf_atlas","canonical_lane","32_comfyui_workflow_api_automation_gradio_bridge","","2026-05-21T07:12:12.0000000Z"
"AIWF_Atlas_VOL1_machine_facing_v3_3_api_cli_guide/01_CANONICAL_RESEARCH_LANES/32_comfyui_workflow_api_automation_gradio_bridge/EMBEDDING_AND_CHUNKING_STRATEGY.md","EMBEDDING_AND_CHUNKING_STRATEGY.md",".md","1063","aiwf_atlas","canonical_lane","32_comfyui_workflow_api_automation_gradio_bridge","","2026-05-21T07:12:12.0000000Z"
"AIWF_Atlas_VOL1_machine_facing_v3_3_api_cli_guide/01_CANONICAL_RESEARCH_LANES/32_comfyui_workflow_api_automation_gradio_bridge/GAP_AUDIT_AND_VOL2_QUEUE.md","GAP_AUDIT_AND_VOL2_QUEUE.md",".md","816","aiwf_atlas","canonical_lane","32_comfyui_workflow_api_automation_gradio_bridge","","2026-05-21T07:12:12.0000000Z"
"AIWF_Atlas_VOL1_machine_facing_v3_3_api_cli_guide/01_CANONICAL_RESEARCH_LANES/32_comfyui_workflow_api_automation_gradio_bridge/GRADIO_TO_COMFYUI_BRIDGE_PATTERN_GUIDE.md","GRADIO_TO_COMFYUI_BRIDGE_PATTERN_GUIDE.md",".md","1763","aiwf_atlas","canonical_lane","32_comfyui_workflow_api_automation_gradio_bridge","","2026-05-21T07:12:12.0000000Z"
"AIWF_Atlas_VOL1_machine_facing_v3_3_api_cli_guide/01_CANONICAL_RESEARCH_LANES/32_comfyui_workflow_api_automation_gradio_bridge/lane_profile.json","lane_profile.json",".json","706","aiwf_atlas","canonical_lane","32_comfyui_workflow_api_automation_gradio_bridge","","2026-05-21T07:12:12.0000000Z"
"AIWF_Atlas_VOL1_machine_facing_v3_3_api_cli_guide/01_CANONICAL_RESEARCH_LANES/32_comfyui_workflow_api_automation_gradio_bridge/QA_TEST_PROMPTS.md","QA_TEST_PROMPTS.md",".md","1009","aiwf_atlas","canonical_lane","32_comfyui_workflow_api_automation_gradio_bridge","","2026-05-21T07:12:12.0000000Z"
"AIWF_Atlas_VOL1_machine_facing_v3_3_api_cli_guide/01_CANONICAL_RESEARCH_LANES/32_comfyui_workflow_api_automation_gradio_bridge/README_VOL1.md","README_VOL1.md",".md","1210","aiwf_atlas","canonical_lane","32_comfyui_workflow_api_automation_gradio_bridge","","2026-05-21T07:12:12.0000000Z"
"AIWF_Atlas_VOL1_machine_facing_v3_3_api_cli_guide/01_CANONICAL_RESEARCH_LANES/32_comfyui_workflow_api_automation_gradio_bridge/RETRIEVAL_CARDS.jsonl","RETRIEVAL_CARDS.jsonl",".jsonl","11062","aiwf_atlas","canonical_lane","32_comfyui_workflow_api_automation_gradio_bridge","","2026-05-21T07:12:12.0000000Z"
"AIWF_Atlas_VOL1_machine_facing_v3_3_api_cli_guide/01_CANONICAL_RESEARCH_LANES/32_comfyui_workflow_api_automation_gradio_bridge/SOURCE_COVERAGE.md","SOURCE_COVERAGE.md",".md","846","aiwf_atlas","canonical_lane","32_comfyui_workflow_api_automation_gradio_bridge","","2026-05-21T07:12:12.0000000Z"
"AIWF_Atlas_VOL1_machine_facing_v3_3_api_cli_guide/01_CANONICAL_RESEARCH_LANES/32_comfyui_workflow_api_automation_gradio_bridge/vol1_lane_manifest.json","vol1_lane_manifest.json",".json","446","aiwf_atlas","canonical_lane","32_comfyui_workflow_api_automation_gradio_bridge","","2026-05-21T07:12:12.0000000Z"
"AIWF_Atlas_VOL1_machine_facing_v3_3_api_cli_guide/01_CANONICAL_RESEARCH_LANES/32_comfyui_workflow_api_automation_gradio_bridge/VOL1_SCOPE.md","VOL1_SCOPE.md",".md","1132","aiwf_atlas","canonical_lane","32_comfyui_workflow_api_automation_gradio_bridge","","2026-05-21T07:12:12.0000000Z"
"AIWF_Atlas_VOL1_machine_facing_v3_3_api_cli_guide/01_CANONICAL_RESEARCH_LANES/33_comfyui_advanced_workflow_design_patterns/ADVANCED_WORKFLOW_PATTERN_GUIDE.md","ADVANCED_WORKFLOW_PATTERN_GUIDE.md",".md","2517","aiwf_atlas","canonical_lane","33_comfyui_advanced_workflow_design_patterns","","2026-05-21T07:12:12.0000000Z"
"AIWF_Atlas_VOL1_machine_facing_v3_3_api_cli_guide/01_CANONICAL_RESEARCH_LANES/33_comfyui_advanced_workflow_design_patterns/CANONICAL_OVERVIEW.md","CANONICAL_OVERVIEW.md",".md","1787","aiwf_atlas","canonical_lane","33_comfyui_advanced_workflow_design_patterns","","2026-05-21T07:12:12.0000000Z"
"AIWF_Atlas_VOL1_machine_facing_v3_3_api_cli_guide/01_CANONICAL_RESEARCH_LANES/33_comfyui_advanced_workflow_design_patterns/CONCEPT_MAP.md","CONCEPT_MAP.md",".md","816","aiwf_atlas","canonical_lane","33_comfyui_advanced_workflow_design_patterns","","2026-05-21T07:12:12.0000000Z"
"AIWF_Atlas_VOL1_machine_facing_v3_3_api_cli_guide/01_CANONICAL_RESEARCH_LANES/33_comfyui_advanced_workflow_design_patterns/EMBEDDING_AND_CHUNKING_STRATEGY.md","EMBEDDING_AND_CHUNKING_STRATEGY.md",".md","807","aiwf_atlas","canonical_lane","33_comfyui_advanced_workflow_design_patterns","","2026-05-21T07:12:12.0000000Z"
"AIWF_Atlas_VOL1_machine_facing_v3_3_api_cli_guide/01_CANONICAL_RESEARCH_LANES/33_comfyui_advanced_workflow_design_patterns/GAP_AUDIT_AND_VOL2_QUEUE.md","GAP_AUDIT_AND_VOL2_QUEUE.md",".md","638","aiwf_atlas","canonical_lane","33_comfyui_advanced_workflow_design_patterns","","2026-05-21T07:12:12.0000000Z"
"AIWF_Atlas_VOL1_machine_facing_v3_3_api_cli_guide/01_CANONICAL_RESEARCH_LANES/33_comfyui_advanced_workflow_design_patterns/lane_profile.json","lane_profile.json",".json","804","aiwf_atlas","canonical_lane","33_comfyui_advanced_workflow_design_patterns","","2026-05-21T07:12:12.0000000Z"
"AIWF_Atlas_VOL1_machine_facing_v3_3_api_cli_guide/01_CANONICAL_RESEARCH_LANES/33_comfyui_advanced_workflow_design_patterns/QA_TEST_PROMPTS.md","QA_TEST_PROMPTS.md",".md","868","aiwf_atlas","canonical_lane","33_comfyui_advanced_workflow_design_patterns","","2026-05-21T07:12:12.0000000Z"
"AIWF_Atlas_VOL1_machine_facing_v3_3_api_cli_guide/01_CANONICAL_RESEARCH_LANES/33_comfyui_advanced_workflow_design_patterns/README_VOL1.md","README_VOL1.md",".md","1164","aiwf_atlas","canonical_lane","33_comfyui_advanced_workflow_design_patterns","","2026-05-21T07:12:12.0000000Z"
"AIWF_Atlas_VOL1_machine_facing_v3_3_api_cli_guide/01_CANONICAL_RESEARCH_LANES/33_comfyui_advanced_workflow_design_patterns/RETRIEVAL_CARDS.jsonl","RETRIEVAL_CARDS.jsonl",".jsonl","12529","aiwf_atlas","canonical_lane","33_comfyui_advanced_workflow_design_patterns","","2026-05-21T07:12:12.0000000Z"
"AIWF_Atlas_VOL1_machine_facing_v3_3_api_cli_guide/01_CANONICAL_RESEARCH_LANES/33_comfyui_advanced_workflow_design_patterns/SOURCE_COVERAGE.md","SOURCE_COVERAGE.md",".md","517","aiwf_atlas","canonical_lane","33_comfyui_advanced_workflow_design_patterns","","2026-05-21T07:12:12.0000000Z"
"AIWF_Atlas_VOL1_machine_facing_v3_3_api_cli_guide/01_CANONICAL_RESEARCH_LANES/33_comfyui_advanced_workflow_design_patterns/vol1_lane_manifest.json","vol1_lane_manifest.json",".json","512","aiwf_atlas","canonical_lane","33_comfyui_advanced_workflow_design_patterns","","2026-05-21T07:12:12.0000000Z"
"AIWF_Atlas_VOL1_machine_facing_v3_3_api_cli_guide/01_CANONICAL_RESEARCH_LANES/33_comfyui_advanced_workflow_design_patterns/VOL1_SCOPE.md","VOL1_SCOPE.md",".md","1096","aiwf_atlas","canonical_lane","33_comfyui_advanced_workflow_design_patterns","","2026-05-21T07:12:12.0000000Z"
"AIWF_Atlas_VOL1_machine_facing_v3_3_api_cli_guide/01_CANONICAL_RESEARCH_LANES/34_aiwf_gradio_topics20_25_learning_guide/CANONICAL_OVERVIEW.md","CANONICAL_OVERVIEW.md",".md","790","aiwf_atlas","canonical_lane","34_aiwf_gradio_topics20_25_learning_guide","","2026-05-21T07:12:12.0000000Z"
"AIWF_Atlas_VOL1_machine_facing_v3_3_api_cli_guide/01_CANONICAL_RESEARCH_LANES/34_aiwf_gradio_topics20_25_learning_guide/CONCEPT_MAP.md","CONCEPT_MAP.md",".md","551","aiwf_atlas","canonical_lane","34_aiwf_gradio_topics20_25_learning_guide","","2026-05-21T07:12:12.0000000Z"
"AIWF_Atlas_VOL1_machine_facing_v3_3_api_cli_guide/01_CANONICAL_RESEARCH_LANES/34_aiwf_gradio_topics20_25_learning_guide/EMBEDDING_AND_CHUNKING_STRATEGY.md","EMBEDDING_AND_CHUNKING_STRATEGY.md",".md","574","aiwf_atlas","canonical_lane","34_aiwf_gradio_topics20_25_learning_guide","","2026-05-21T07:12:12.0000000Z"
"AIWF_Atlas_VOL1_machine_facing_v3_3_api_cli_guide/01_CANONICAL_RESEARCH_LANES/34_aiwf_gradio_topics20_25_learning_guide/GAP_AUDIT_AND_VOL2_QUEUE.md","GAP_AUDIT_AND_VOL2_QUEUE.md",".md","412","aiwf_atlas","canonical_lane","34_aiwf_gradio_topics20_25_learning_guide","","2026-05-21T07:12:12.0000000Z"
"AIWF_Atlas_VOL1_machine_facing_v3_3_api_cli_guide/01_CANONICAL_RESEARCH_LANES/34_aiwf_gradio_topics20_25_learning_guide/lane_profile.json","lane_profile.json",".json","1039","aiwf_atlas","canonical_lane","34_aiwf_gradio_topics20_25_learning_guide","","2026-05-21T07:12:12.0000000Z"
"AIWF_Atlas_VOL1_machine_facing_v3_3_api_cli_guide/01_CANONICAL_RESEARCH_LANES/34_aiwf_gradio_topics20_25_learning_guide/QA_TEST_PROMPTS.md","QA_TEST_PROMPTS.md",".md","724","aiwf_atlas","canonical_lane","34_aiwf_gradio_topics20_25_learning_guide","","2026-05-21T07:12:12.0000000Z"
"AIWF_Atlas_VOL1_machine_facing_v3_3_api_cli_guide/01_CANONICAL_RESEARCH_LANES/34_aiwf_gradio_topics20_25_learning_guide/README_VOL1.md","README_VOL1.md",".md","682","aiwf_atlas","canonical_lane","34_aiwf_gradio_topics20_25_learning_guide","","2026-05-21T07:12:12.0000000Z"
"AIWF_Atlas_VOL1_machine_facing_v3_3_api_cli_guide/01_CANONICAL_RESEARCH_LANES/34_aiwf_gradio_topics20_25_learning_guide/RETRIEVAL_CARDS.jsonl","RETRIEVAL_CARDS.jsonl",".jsonl","12066","aiwf_atlas","canonical_lane","34_aiwf_gradio_topics20_25_learning_guide","","2026-05-21T07:12:12.0000000Z"
"AIWF_Atlas_VOL1_machine_facing_v3_3_api_cli_guide/01_CANONICAL_RESEARCH_LANES/34_aiwf_gradio_topics20_25_learning_guide/SOURCE_COVERAGE.md","SOURCE_COVERAGE.md",".md","664","aiwf_atlas","canonical_lane","34_aiwf_gradio_topics20_25_learning_guide","","2026-05-21T07:12:12.0000000Z"
"AIWF_Atlas_VOL1_machine_facing_v3_3_api_cli_guide/01_CANONICAL_RESEARCH_LANES/34_aiwf_gradio_topics20_25_learning_guide/vol1_lane_manifest.json","vol1_lane_manifest.json",".json","447","aiwf_atlas","canonical_lane","34_aiwf_gradio_topics20_25_learning_guide","","2026-05-21T07:12:12.0000000Z"
"AIWF_Atlas_VOL1_machine_facing_v3_3_api_cli_guide/01_CANONICAL_RESEARCH_LANES/34_aiwf_gradio_topics20_25_learning_guide/VOL1_SCOPE.md","VOL1_SCOPE.md",".md","631","aiwf_atlas","canonical_lane","34_aiwf_gradio_topics20_25_learning_guide","","2026-05-21T07:12:12.0000000Z"
"AIWF_Atlas_VOL1_machine_facing_v3_3_api_cli_guide/01_CANONICAL_RESEARCH_LANES/35_atlas_evaluation_benchmarking/CANONICAL_OVERVIEW.md","CANONICAL_OVERVIEW.md",".md","1889","aiwf_atlas","canonical_lane","35_atlas_evaluation_benchmarking","","2026-05-21T07:12:12.0000000Z"
"AIWF_Atlas_VOL1_machine_facing_v3_3_api_cli_guide/01_CANONICAL_RESEARCH_LANES/35_atlas_evaluation_benchmarking/CONCEPT_MAP.md","CONCEPT_MAP.md",".md","1294","aiwf_atlas","canonical_lane","35_atlas_evaluation_benchmarking","","2026-05-21T07:12:12.0000000Z"
"AIWF_Atlas_VOL1_machine_facing_v3_3_api_cli_guide/01_CANONICAL_RESEARCH_LANES/35_atlas_evaluation_benchmarking/EMBEDDING_AND_CHUNKING_STRATEGY.md","EMBEDDING_AND_CHUNKING_STRATEGY.md",".md","1165","aiwf_atlas","canonical_lane","35_atlas_evaluation_benchmarking","","2026-05-21T07:12:12.0000000Z"
"AIWF_Atlas_VOL1_machine_facing_v3_3_api_cli_guide/01_CANONICAL_RESEARCH_LANES/35_atlas_evaluation_benchmarking/GAP_AUDIT_AND_VOL2_QUEUE.md","GAP_AUDIT_AND_VOL2_QUEUE.md",".md","773","aiwf_atlas","canonical_lane","35_atlas_evaluation_benchmarking","","2026-05-21T07:12:12.0000000Z"
"AIWF_Atlas_VOL1_machine_facing_v3_3_api_cli_guide/01_CANONICAL_RESEARCH_LANES/35_atlas_evaluation_benchmarking/lane_profile.json","lane_profile.json",".json","751","aiwf_atlas","canonical_lane","35_atlas_evaluation_benchmarking","","2026-05-21T07:12:12.0000000Z"
"AIWF_Atlas_VOL1_machine_facing_v3_3_api_cli_guide/01_CANONICAL_RESEARCH_LANES/35_atlas_evaluation_benchmarking/QA_TEST_PROMPTS.md","QA_TEST_PROMPTS.md",".md","1293","aiwf_atlas","canonical_lane","35_atlas_evaluation_benchmarking","","2026-05-21T07:12:12.0000000Z"
"AIWF_Atlas_VOL1_machine_facing_v3_3_api_cli_guide/01_CANONICAL_RESEARCH_LANES/35_atlas_evaluation_benchmarking/README_VOL1.md","README_VOL1.md",".md","1127","aiwf_atlas","canonical_lane","35_atlas_evaluation_benchmarking","","2026-05-21T07:12:12.0000000Z"
"AIWF_Atlas_VOL1_machine_facing_v3_3_api_cli_guide/01_CANONICAL_RESEARCH_LANES/35_atlas_evaluation_benchmarking/RETRIEVAL_CARDS.jsonl","RETRIEVAL_CARDS.jsonl",".jsonl","9260","aiwf_atlas","canonical_lane","35_atlas_evaluation_benchmarking","","2026-05-21T07:12:12.0000000Z"
"AIWF_Atlas_VOL1_machine_facing_v3_3_api_cli_guide/01_CANONICAL_RESEARCH_LANES/35_atlas_evaluation_benchmarking/SOURCE_COVERAGE.md","SOURCE_COVERAGE.md",".md","899","aiwf_atlas","canonical_lane","35_atlas_evaluation_benchmarking","","2026-05-21T07:12:12.0000000Z"
"AIWF_Atlas_VOL1_machine_facing_v3_3_api_cli_guide/01_CANONICAL_RESEARCH_LANES/35_atlas_evaluation_benchmarking/vol1_lane_manifest.json","vol1_lane_manifest.json",".json","1464","aiwf_atlas","canonical_lane","35_atlas_evaluation_benchmarking","","2026-05-21T07:12:12.0000000Z"
"AIWF_Atlas_VOL1_machine_facing_v3_3_api_cli_guide/01_CANONICAL_RESEARCH_LANES/35_atlas_evaluation_benchmarking/VOL1_SCOPE.md","VOL1_SCOPE.md",".md","847","aiwf_atlas","canonical_lane","35_atlas_evaluation_benchmarking","","2026-05-21T07:12:12.0000000Z"
"AIWF_Atlas_VOL1_machine_facing_v3_3_api_cli_guide/02_RETRIEVAL_INDEX/CANONICAL_RETRIEVAL_CARDS_CURRENT.jsonl","CANONICAL_RETRIEVAL_CARDS_CURRENT.jsonl",".jsonl","416631","aiwf_atlas","retrieval_index","","","2026-05-21T07:12:12.0000000Z"
"AIWF_Atlas_VOL1_machine_facing_v3_3_api_cli_guide/02_RETRIEVAL_INDEX/CURRENT_LANE_SUMMARY.md","CURRENT_LANE_SUMMARY.md",".md","3135","aiwf_atlas","retrieval_index","","","2026-05-21T07:12:10.0000000Z"
"AIWF_Atlas_VOL1_machine_facing_v3_3_api_cli_guide/02_RETRIEVAL_INDEX/machine_lane_index.csv","machine_lane_index.csv",".csv","4629","aiwf_atlas","retrieval_index","","","2026-05-21T07:12:10.0000000Z"
"AIWF_Atlas_VOL1_machine_facing_v3_3_api_cli_guide/02_RETRIEVAL_INDEX/machine_lane_index.json","machine_lane_index.json",".json","6565","aiwf_atlas","retrieval_index","","","2026-05-21T07:12:10.0000000Z"
"AIWF_Atlas_VOL1_machine_facing_v3_3_api_cli_guide/02_RETRIEVAL_INDEX/README.md","README.md",".md","473","aiwf_atlas","retrieval_index","","","2026-05-21T07:12:10.0000000Z"
"AIWF_Atlas_VOL1_machine_facing_v3_3_api_cli_guide/03_SOURCE_CONTENT/A_CANONICAL_SOURCE_PACKS/adapter_evaluation_benchmarking_v2_13/EVALUATION_HARNESS_SOURCE_NOTES.md","EVALUATION_HARNESS_SOURCE_NOTES.md",".md","1544","aiwf_atlas","source_content","","","2026-05-21T07:12:12.0000000Z"
"AIWF_Atlas_VOL1_machine_facing_v3_3_api_cli_guide/03_SOURCE_CONTENT/A_CANONICAL_SOURCE_PACKS/adapter_evaluation_benchmarking_v2_13/WEB_VERIFIED_SOURCE_PINSET.md","WEB_VERIFIED_SOURCE_PINSET.md",".md","1450","aiwf_atlas","source_content","","","2026-05-21T07:12:12.0000000Z"
"AIWF_Atlas_VOL1_machine_facing_v3_3_api_cli_guide/03_SOURCE_CONTENT/A_CANONICAL_SOURCE_PACKS/adapter_evaluation_benchmarking_v2_13/web_verified_sources_v2_13.jsonl","web_verified_sources_v2_13.jsonl",".jsonl","1778","aiwf_atlas","source_content","","","2026-05-21T07:12:12.0000000Z"
"AIWF_Atlas_VOL1_machine_facing_v3_3_api_cli_guide/03_SOURCE_CONTENT/A_CANONICAL_SOURCE_PACKS/aiwf_brand_voice_force_multiplier_sources/AIWF_BRAND_HUB_HANDOFF.md","AIWF_BRAND_HUB_HANDOFF.md",".md","645","aiwf_atlas","source_content","","","2026-05-21T07:12:12.0000000Z"
"AIWF_Atlas_VOL1_machine_facing_v3_3_api_cli_guide/03_SOURCE_CONTENT/A_CANONICAL_SOURCE_PACKS/aiwf_brand_voice_force_multiplier_sources/AIWF_force_multiplier_insert.md","AIWF_force_multiplier_insert.md",".md","637","aiwf_atlas","source_content","","","2026-05-21T07:12:12.0000000Z"
"AIWF_Atlas_VOL1_machine_facing_v3_3_api_cli_guide/03_SOURCE_CONTENT/A_CANONICAL_SOURCE_PACKS/aiwf_brand_voice_force_multiplier_sources/AIWF_MASTER_DISTRIBUTION_ROADMAP.md","AIWF_MASTER_DISTRIBUTION_ROADMAP.md",".md","7397","aiwf_atlas","source_content","","","2026-05-21T07:12:12.0000000Z"
"AIWF_Atlas_VOL1_machine_facing_v3_3_api_cli_guide/03_SOURCE_CONTENT/A_CANONICAL_SOURCE_PACKS/aiwf_brand_voice_force_multiplier_sources/AIWF_SENDOFF_MASTER.md","AIWF_SENDOFF_MASTER.md",".md","628","aiwf_atlas","source_content","","","2026-05-21T07:12:12.0000000Z"
"AIWF_Atlas_VOL1_machine_facing_v3_3_api_cli_guide/03_SOURCE_CONTENT/A_CANONICAL_SOURCE_PACKS/aiwf_gradio_learning_guide_topics20_25_v2/00_Master_Section_1_Gradio_Topics20-21_Expanded.md","00_Master_Section_1_Gradio_Topics20-21_Expanded.md",".md","9511","aiwf_atlas","source_content","","","2026-05-21T07:12:12.0000000Z"
"AIWF_Atlas_VOL1_machine_facing_v3_3_api_cli_guide/03_SOURCE_CONTENT/A_CANONICAL_SOURCE_PACKS/aiwf_gradio_learning_guide_topics20_25_v2/02_Section_3_Topics24-25_Labs_Capstone2.md","02_Section_3_Topics24-25_Labs_Capstone2.md",".md","7900","aiwf_atlas","source_content","","","2026-05-21T07:12:12.0000000Z"
"AIWF_Atlas_VOL1_machine_facing_v3_3_api_cli_guide/03_SOURCE_CONTENT/A_CANONICAL_SOURCE_PACKS/aiwf_gradio_learning_guide_topics20_25_v2/03_Final_Section_4_Glossary_Index_Capstones_Diagrams.md","03_Final_Section_4_Glossary_Index_Capstones_Diagrams.md",".md","7460","aiwf_atlas","source_content","","","2026-05-21T07:12:12.0000000Z"
"AIWF_Atlas_VOL1_machine_facing_v3_3_api_cli_guide/03_SOURCE_CONTENT/A_CANONICAL_SOURCE_PACKS/aiwf_gradio_learning_guide_topics20_25_v2/04_Final_Section_Glossary_Index_Capstones_Diagrams.md","04_Final_Section_Glossary_Index_Capstones_Diagrams.md",".md","9462","aiwf_atlas","source_content","","","2026-05-21T07:12:12.0000000Z"
"AIWF_Atlas_VOL1_machine_facing_v3_3_api_cli_guide/03_SOURCE_CONTENT/A_CANONICAL_SOURCE_PACKS/aiwf_gradio_learning_guide_topics20_25_v2/Expanded_Gradio_Section_v2.md","Expanded_Gradio_Section_v2.md",".md","12410","aiwf_atlas","source_content","","","2026-05-21T07:12:12.0000000Z"
"AIWF_Atlas_VOL1_machine_facing_v3_3_api_cli_guide/03_SOURCE_CONTENT/A_CANONICAL_SOURCE_PACKS/aiwf_gradio_learning_guide_topics20_25_v2/Expanded_Section2_Topics22-23_v2.md","Expanded_Section2_Topics22-23_v2.md",".md","10567","aiwf_atlas","source_content","","","2026-05-21T07:12:12.0000000Z"
"AIWF_Atlas_VOL1_machine_facing_v3_3_api_cli_guide/03_SOURCE_CONTENT/A_CANONICAL_SOURCE_PACKS/aiwf_gradio_learning_guide_topics20_25_v2/Expanded_Section3_Topics24-25_v2.md","Expanded_Section3_Topics24-25_v2.md",".md","10513","aiwf_atlas","source_content","","","2026-05-21T07:12:12.0000000Z"
"AIWF_Atlas_VOL1_machine_facing_v3_3_api_cli_guide/03_SOURCE_CONTENT/A_CANONICAL_SOURCE_PACKS/aiwf_gradio_learning_guide_topics20_25_v2/lakeFS_Versioning_Deep_Dive.md","lakeFS_Versioning_Deep_Dive.md",".md","8214","aiwf_atlas","source_content","","","2026-05-21T07:12:12.0000000Z"
"AIWF_Atlas_VOL1_machine_facing_v3_3_api_cli_guide/03_SOURCE_CONTENT/A_CANONICAL_SOURCE_PACKS/aiwf_gradio_learning_guide_topics20_25_v2/README.md","README.md",".md","1275","aiwf_atlas","source_content","","","2026-05-21T07:12:12.0000000Z"
"AIWF_Atlas_VOL1_machine_facing_v3_3_api_cli_guide/03_SOURCE_CONTENT/A_CANONICAL_SOURCE_PACKS/AIWF_Pip_Package_RAG_Starter_v1_9/AIWF_Pip_Package_RAG_Starter_v1_9/CHANGELOG.md","CHANGELOG.md",".md","8743","aiwf_atlas","source_content","","","2026-05-21T07:12:12.0000000Z"
"AIWF_Atlas_VOL1_machine_facing_v3_3_api_cli_guide/03_SOURCE_CONTENT/A_CANONICAL_SOURCE_PACKS/AIWF_Pip_Package_RAG_Starter_v1_9/AIWF_Pip_Package_RAG_Starter_v1_9/ENVIRONMENT_AUDIT_GUIDE.md","ENVIRONMENT_AUDIT_GUIDE.md",".md","1293","aiwf_atlas","source_content","","","2026-05-21T07:12:12.0000000Z"
"AIWF_Atlas_VOL1_machine_facing_v3_3_api_cli_guide/03_SOURCE_CONTENT/A_CANONICAL_SOURCE_PACKS/AIWF_Pip_Package_RAG_Starter_v1_9/AIWF_Pip_Package_RAG_Starter_v1_9/maps/cudnn_failure_signatures.md","cudnn_failure_signatures.md",".md","1789","aiwf_atlas","source_content","","","2026-05-21T07:12:12.0000000Z"
"AIWF_Atlas_VOL1_machine_facing_v3_3_api_cli_guide/03_SOURCE_CONTENT/A_CANONICAL_SOURCE_PACKS/AIWF_Pip_Package_RAG_Starter_v1_9/AIWF_Pip_Package_RAG_Starter_v1_9/maps/cudnn_package_family_map.md","cudnn_package_family_map.md",".md","1766","aiwf_atlas","source_content","","","2026-05-21T07:12:12.0000000Z"
"AIWF_Atlas_VOL1_machine_facing_v3_3_api_cli_guide/03_SOURCE_CONTENT/A_CANONICAL_SOURCE_PACKS/AIWF_Pip_Package_RAG_Starter_v1_9/AIWF_Pip_Package_RAG_Starter_v1_9/maps/dependency_clusters.md","dependency_clusters.md",".md","3808","aiwf_atlas","source_content","","","2026-05-21T07:12:12.0000000Z"
"AIWF_Atlas_VOL1_machine_facing_v3_3_api_cli_guide/03_SOURCE_CONTENT/A_CANONICAL_SOURCE_PACKS/AIWF_Pip_Package_RAG_Starter_v1_9/AIWF_Pip_Package_RAG_Starter_v1_9/maps/diffusion_model_asset_family_map.md","diffusion_model_asset_family_map.md",".md","991","aiwf_atlas","source_content","","","2026-05-21T07:12:12.0000000Z"
"AIWF_Atlas_VOL1_machine_facing_v3_3_api_cli_guide/03_SOURCE_CONTENT/A_CANONICAL_SOURCE_PACKS/AIWF_Pip_Package_RAG_Starter_v1_9/AIWF_Pip_Package_RAG_Starter_v1_9/maps/diffusion_model_layout_failure_signatures.md","diffusion_model_layout_failure_signatures.md",".md","1305","aiwf_atlas","source_content","","","2026-05-21T07:12:12.0000000Z"
"AIWF_Atlas_VOL1_machine_facing_v3_3_api_cli_guide/03_SOURCE_CONTENT/A_CANONICAL_SOURCE_PACKS/AIWF_Pip_Package_RAG_Starter_v1_9/AIWF_Pip_Package_RAG_Starter_v1_9/maps/groundingdino_install_decision_tree.md","groundingdino_install_decision_tree.md",".md","894","aiwf_atlas","source_content","","","2026-05-21T07:12:12.0000000Z"
"AIWF_Atlas_VOL1_machine_facing_v3_3_api_cli_guide/03_SOURCE_CONTENT/A_CANONICAL_SOURCE_PACKS/AIWF_Pip_Package_RAG_Starter_v1_9/AIWF_Pip_Package_RAG_Starter_v1_9/maps/llm_serving_failure_signatures.md","llm_serving_failure_signatures.md",".md","1513","aiwf_atlas","source_content","","","2026-05-21T07:12:12.0000000Z"
"AIWF_Atlas_VOL1_machine_facing_v3_3_api_cli_guide/03_SOURCE_CONTENT/A_CANONICAL_SOURCE_PACKS/AIWF_Pip_Package_RAG_Starter_v1_9/AIWF_Pip_Package_RAG_Starter_v1_9/maps/model_loader_failure_signatures.md","model_loader_failure_signatures.md",".md","1053","aiwf_atlas","source_content","","","2026-05-21T07:12:12.0000000Z"
"AIWF_Atlas_VOL1_machine_facing_v3_3_api_cli_guide/03_SOURCE_CONTENT/A_CANONICAL_SOURCE_PACKS/AIWF_Pip_Package_RAG_Starter_v1_9/AIWF_Pip_Package_RAG_Starter_v1_9/maps/native_build_failure_signatures.md","native_build_failure_signatures.md",".md","2107","aiwf_atlas","source_content","","","2026-05-21T07:12:12.0000000Z"
"AIWF_Atlas_VOL1_machine_facing_v3_3_api_cli_guide/03_SOURCE_CONTENT/A_CANONICAL_SOURCE_PACKS/AIWF_Pip_Package_RAG_Starter_v1_9/AIWF_Pip_Package_RAG_Starter_v1_9/maps/nvidia_cuda_component_wheel_map.md","nvidia_cuda_component_wheel_map.md",".md","1583","aiwf_atlas","source_content","","","2026-05-21T07:12:12.0000000Z"
"AIWF_Atlas_VOL1_machine_facing_v3_3_api_cli_guide/03_SOURCE_CONTENT/A_CANONICAL_SOURCE_PACKS/AIWF_Pip_Package_RAG_Starter_v1_9/AIWF_Pip_Package_RAG_Starter_v1_9/maps/package_cluster_index.md","package_cluster_index.md",".md","8299","aiwf_atlas","source_content","","","2026-05-21T07:12:12.0000000Z"
"AIWF_Atlas_VOL1_machine_facing_v3_3_api_cli_guide/03_SOURCE_CONTENT/A_CANONICAL_SOURCE_PACKS/AIWF_Pip_Package_RAG_Starter_v1_9/AIWF_Pip_Package_RAG_Starter_v1_9/maps/tensorrt_failure_signatures.md","tensorrt_failure_signatures.md",".md","1478","aiwf_atlas","source_content","","","2026-05-21T07:12:12.0000000Z"
"AIWF_Atlas_VOL1_machine_facing_v3_3_api_cli_guide/03_SOURCE_CONTENT/A_CANONICAL_SOURCE_PACKS/AIWF_Pip_Package_RAG_Starter_v1_9/AIWF_Pip_Package_RAG_Starter_v1_9/maps/tensorrt_package_family_map.md","tensorrt_package_family_map.md",".md","640","aiwf_atlas","source_content","","","2026-05-21T07:12:12.0000000Z"
"AIWF_Atlas_VOL1_machine_facing_v3_3_api_cli_guide/03_SOURCE_CONTENT/A_CANONICAL_SOURCE_PACKS/AIWF_Pip_Package_RAG_Starter_v1_9/AIWF_Pip_Package_RAG_Starter_v1_9/maps/triton_failure_signatures.md","triton_failure_signatures.md",".md","1848","aiwf_atlas","source_content","","","2026-05-21T07:12:12.0000000Z"
"AIWF_Atlas_VOL1_machine_facing_v3_3_api_cli_guide/03_SOURCE_CONTENT/A_CANONICAL_SOURCE_PACKS/AIWF_Pip_Package_RAG_Starter_v1_9/AIWF_Pip_Package_RAG_Starter_v1_9/maps/triton_serving_package_family_map.md","triton_serving_package_family_map.md",".md","1472","aiwf_atlas","source_content","","","2026-05-21T07:12:12.0000000Z"
"AIWF_Atlas_VOL1_machine_facing_v3_3_api_cli_guide/03_SOURCE_CONTENT/A_CANONICAL_SOURCE_PACKS/AIWF_Pip_Package_RAG_Starter_v1_9/AIWF_Pip_Package_RAG_Starter_v1_9/maps/unresolved_package_queue.md","unresolved_package_queue.md",".md","461","aiwf_atlas","source_content","","","2026-05-21T07:12:12.0000000Z"
"AIWF_Atlas_VOL1_machine_facing_v3_3_api_cli_guide/03_SOURCE_CONTENT/A_CANONICAL_SOURCE_PACKS/AIWF_Pip_Package_RAG_Starter_v1_9/AIWF_Pip_Package_RAG_Starter_v1_9/maps/v0_3_compatibility_notes.md","v0_3_compatibility_notes.md",".md","1797","aiwf_atlas","source_content","","","2026-05-21T07:12:12.0000000Z"
"AIWF_Atlas_VOL1_machine_facing_v3_3_api_cli_guide/03_SOURCE_CONTENT/A_CANONICAL_SOURCE_PACKS/AIWF_Pip_Package_RAG_Starter_v1_9/AIWF_Pip_Package_RAG_Starter_v1_9/maps/v0_4_rag_ocr_llm_dependency_notes.md","v0_4_rag_ocr_llm_dependency_notes.md",".md","1931","aiwf_atlas","source_content","","","2026-05-21T07:12:12.0000000Z"
"AIWF_Atlas_VOL1_machine_facing_v3_3_api_cli_guide/03_SOURCE_CONTENT/A_CANONICAL_SOURCE_PACKS/AIWF_Pip_Package_RAG_Starter_v1_9/AIWF_Pip_Package_RAG_Starter_v1_9/maps/v0_5_training_data_dev_llm_framework_notes.md","v0_5_training_data_dev_llm_framework_notes.md",".md","1879","aiwf_atlas","source_content","","","2026-05-21T07:12:12.0000000Z"
"AIWF_Atlas_VOL1_machine_facing_v3_3_api_cli_guide/03_SOURCE_CONTENT/A_CANONICAL_SOURCE_PACKS/AIWF_Pip_Package_RAG_Starter_v1_9/AIWF_Pip_Package_RAG_Starter_v1_9/maps/v0_6_media_cli_build_tooling_notes.md","v0_6_media_cli_build_tooling_notes.md",".md","2117","aiwf_atlas","source_content","","","2026-05-21T07:12:12.0000000Z"
"AIWF_Atlas_VOL1_machine_facing_v3_3_api_cli_guide/03_SOURCE_CONTENT/A_CANONICAL_SOURCE_PACKS/AIWF_Pip_Package_RAG_Starter_v1_9/AIWF_Pip_Package_RAG_Starter_v1_9/maps/v0_7_comfyui_runtime_requirements_notes.md","v0_7_comfyui_runtime_requirements_notes.md",".md","1740","aiwf_atlas","source_content","","","2026-05-21T07:12:12.0000000Z"
"AIWF_Atlas_VOL1_machine_facing_v3_3_api_cli_guide/03_SOURCE_CONTENT/A_CANONICAL_SOURCE_PACKS/AIWF_Pip_Package_RAG_Starter_v1_9/AIWF_Pip_Package_RAG_Starter_v1_9/maps/v0_9_custom_node_training_web_dependency_notes.md","v0_9_custom_node_training_web_dependency_notes.md",".md","944","aiwf_atlas","source_content","","","2026-05-21T07:12:12.0000000Z"
"AIWF_Atlas_VOL1_machine_facing_v3_3_api_cli_guide/03_SOURCE_CONTENT/A_CANONICAL_SOURCE_PACKS/AIWF_Pip_Package_RAG_Starter_v1_9/AIWF_Pip_Package_RAG_Starter_v1_9/maps/v1_0_local_wheelhouse_foundation.md","v1_0_local_wheelhouse_foundation.md",".md","2489","aiwf_atlas","source_content","","","2026-05-21T07:12:12.0000000Z"
"AIWF_Atlas_VOL1_machine_facing_v3_3_api_cli_guide/03_SOURCE_CONTENT/A_CANONICAL_SOURCE_PACKS/AIWF_Pip_Package_RAG_Starter_v1_9/AIWF_Pip_Package_RAG_Starter_v1_9/maps/v1_1_native_cuda_wheel_build_notes.md","v1_1_native_cuda_wheel_build_notes.md",".md","3894","aiwf_atlas","source_content","","","2026-05-21T07:12:12.0000000Z"
"AIWF_Atlas_VOL1_machine_facing_v3_3_api_cli_guide/03_SOURCE_CONTENT/A_CANONICAL_SOURCE_PACKS/AIWF_Pip_Package_RAG_Starter_v1_9/AIWF_Pip_Package_RAG_Starter_v1_9/maps/v1_2_cpp_nvidia_cuda_dependency_notes.md","v1_2_cpp_nvidia_cuda_dependency_notes.md",".md","2144","aiwf_atlas","source_content","","","2026-05-21T07:12:12.0000000Z"
"AIWF_Atlas_VOL1_machine_facing_v3_3_api_cli_guide/03_SOURCE_CONTENT/A_CANONICAL_SOURCE_PACKS/AIWF_Pip_Package_RAG_Starter_v1_9/AIWF_Pip_Package_RAG_Starter_v1_9/maps/v1_8_llm_model_file_loader_notes.md","v1_8_llm_model_file_loader_notes.md",".md","787","aiwf_atlas","source_content","","","2026-05-21T07:12:12.0000000Z"
"AIWF_Atlas_VOL1_machine_facing_v3_3_api_cli_guide/03_SOURCE_CONTENT/A_CANONICAL_SOURCE_PACKS/AIWF_Pip_Package_RAG_Starter_v1_9/AIWF_Pip_Package_RAG_Starter_v1_9/maps/vllm_sglang_tgi_package_family_map.md","vllm_sglang_tgi_package_family_map.md",".md","871","aiwf_atlas","source_content","","","2026-05-21T07:12:12.0000000Z"
"AIWF_Atlas_VOL1_machine_facing_v3_3_api_cli_guide/03_SOURCE_CONTENT/A_CANONICAL_SOURCE_PACKS/AIWF_Pip_Package_RAG_Starter_v1_9/AIWF_Pip_Package_RAG_Starter_v1_9/maps/wheelhouse_install_policy.md","wheelhouse_install_policy.md",".md","906","aiwf_atlas","source_content","","","2026-05-21T07:12:12.0000000Z"
"AIWF_Atlas_VOL1_machine_facing_v3_3_api_cli_guide/03_SOURCE_CONTENT/A_CANONICAL_SOURCE_PACKS/AIWF_Pip_Package_RAG_Starter_v1_9/AIWF_Pip_Package_RAG_Starter_v1_9/model_formats/diffusion_asset_types.csv","diffusion_asset_types.csv",".csv","4142","aiwf_atlas","source_content","","","2026-05-21T07:12:12.0000000Z"
"AIWF_Atlas_VOL1_machine_facing_v3_3_api_cli_guide/03_SOURCE_CONTENT/A_CANONICAL_SOURCE_PACKS/AIWF_Pip_Package_RAG_Starter_v1_9/AIWF_Pip_Package_RAG_Starter_v1_9/model_formats/exl2_exllamav2_tabbyapi_boundary.md","exl2_exllamav2_tabbyapi_boundary.md",".md","824","aiwf_atlas","source_content","","","2026-05-21T07:12:12.0000000Z"
"AIWF_Atlas_VOL1_machine_facing_v3_3_api_cli_guide/03_SOURCE_CONTENT/A_CANONICAL_SOURCE_PACKS/AIWF_Pip_Package_RAG_Starter_v1_9/AIWF_Pip_Package_RAG_Starter_v1_9/model_formats/gguf_loader_boundary.md","gguf_loader_boundary.md",".md","997","aiwf_atlas","source_content","","","2026-05-21T07:12:12.0000000Z"
"AIWF_Atlas_VOL1_machine_facing_v3_3_api_cli_guide/03_SOURCE_CONTENT/A_CANONICAL_SOURCE_PACKS/AIWF_Pip_Package_RAG_Starter_v1_9/AIWF_Pip_Package_RAG_Starter_v1_9/model_formats/koboldcpp_boundary.md","koboldcpp_boundary.md",".md","522","aiwf_atlas","source_content","","","2026-05-21T07:12:12.0000000Z"
"AIWF_Atlas_VOL1_machine_facing_v3_3_api_cli_guide/03_SOURCE_CONTENT/A_CANONICAL_SOURCE_PACKS/AIWF_Pip_Package_RAG_Starter_v1_9/AIWF_Pip_Package_RAG_Starter_v1_9/model_formats/llama_cpp_server_boundary.md","llama_cpp_server_boundary.md",".md","602","aiwf_atlas","source_content","","","2026-05-21T07:12:12.0000000Z"
"AIWF_Atlas_VOL1_machine_facing_v3_3_api_cli_guide/03_SOURCE_CONTENT/A_CANONICAL_SOURCE_PACKS/AIWF_Pip_Package_RAG_Starter_v1_9/AIWF_Pip_Package_RAG_Starter_v1_9/model_formats/lmstudio_local_server_boundary.md","lmstudio_local_server_boundary.md",".md","608","aiwf_atlas","source_content","","","2026-05-21T07:12:12.0000000Z"
"AIWF_Atlas_VOL1_machine_facing_v3_3_api_cli_guide/03_SOURCE_CONTENT/A_CANONICAL_SOURCE_PACKS/AIWF_Pip_Package_RAG_Starter_v1_9/AIWF_Pip_Package_RAG_Starter_v1_9/model_formats/multimodal_processor_assets.md","multimodal_processor_assets.md",".md","920","aiwf_atlas","source_content","","","2026-05-21T07:12:12.0000000Z"
"AIWF_Atlas_VOL1_machine_facing_v3_3_api_cli_guide/03_SOURCE_CONTENT/A_CANONICAL_SOURCE_PACKS/AIWF_Pip_Package_RAG_Starter_v1_9/AIWF_Pip_Package_RAG_Starter_v1_9/model_formats/ollama_modelfile_storage_boundary.md","ollama_modelfile_storage_boundary.md",".md","778","aiwf_atlas","source_content","","","2026-05-21T07:12:12.0000000Z"
"AIWF_Atlas_VOL1_machine_facing_v3_3_api_cli_guide/03_SOURCE_CONTENT/A_CANONICAL_SOURCE_PACKS/AIWF_Pip_Package_RAG_Starter_v1_9/AIWF_Pip_Package_RAG_Starter_v1_9/model_formats/rope_scaling_context_length.md","rope_scaling_context_length.md",".md","943","aiwf_atlas","source_content","","","2026-05-21T07:12:12.0000000Z"
"AIWF_Atlas_VOL1_machine_facing_v3_3_api_cli_guide/03_SOURCE_CONTENT/A_CANONICAL_SOURCE_PACKS/AIWF_Pip_Package_RAG_Starter_v1_9/AIWF_Pip_Package_RAG_Starter_v1_9/model_formats/safetensors_shards_and_hf_layout.md","safetensors_shards_and_hf_layout.md",".md","930","aiwf_atlas","source_content","","","2026-05-21T07:12:12.0000000Z"
"AIWF_Atlas_VOL1_machine_facing_v3_3_api_cli_guide/03_SOURCE_CONTENT/A_CANONICAL_SOURCE_PACKS/AIWF_Pip_Package_RAG_Starter_v1_9/AIWF_Pip_Package_RAG_Starter_v1_9/model_formats/tokenizer_chat_template_generation_config.md","tokenizer_chat_template_generation_config.md",".md","1059","aiwf_atlas","source_content","","","2026-05-21T07:12:12.0000000Z"
"AIWF_Atlas_VOL1_machine_facing_v3_3_api_cli_guide/03_SOURCE_CONTENT/A_CANONICAL_SOURCE_PACKS/AIWF_Pip_Package_RAG_Starter_v1_9/AIWF_Pip_Package_RAG_Starter_v1_9/model_layouts/checkpoint_lora_vae_controlnet_ipadapter_layout.md","checkpoint_lora_vae_controlnet_ipadapter_layout.md",".md","2318","aiwf_atlas","source_content","","","2026-05-21T07:12:12.0000000Z"
"AIWF_Atlas_VOL1_machine_facing_v3_3_api_cli_guide/03_SOURCE_CONTENT/A_CANONICAL_SOURCE_PACKS/AIWF_Pip_Package_RAG_Starter_v1_9/AIWF_Pip_Package_RAG_Starter_v1_9/model_layouts/comfyui_model_folder_map.md","comfyui_model_folder_map.md",".md","2496","aiwf_atlas","source_content","","","2026-05-21T07:12:12.0000000Z"
"AIWF_Atlas_VOL1_machine_facing_v3_3_api_cli_guide/03_SOURCE_CONTENT/A_CANONICAL_SOURCE_PACKS/AIWF_Pip_Package_RAG_Starter_v1_9/AIWF_Pip_Package_RAG_Starter_v1_9/model_layouts/extra_model_paths_yaml_deep_reference.md","extra_model_paths_yaml_deep_reference.md",".md","2403","aiwf_atlas","source_content","","","2026-05-21T07:12:12.0000000Z"
"AIWF_Atlas_VOL1_machine_facing_v3_3_api_cli_guide/03_SOURCE_CONTENT/A_CANONICAL_SOURCE_PACKS/AIWF_Pip_Package_RAG_Starter_v1_9/AIWF_Pip_Package_RAG_Starter_v1_9/model_layouts/flux_sd3_wan_ltx_modern_diffusion_asset_boundaries.md","flux_sd3_wan_ltx_modern_diffusion_asset_boundaries.md",".md","1636","aiwf_atlas","source_content","","","2026-05-21T07:12:12.0000000Z"
"AIWF_Atlas_VOL1_machine_facing_v3_3_api_cli_guide/03_SOURCE_CONTENT/A_CANONICAL_SOURCE_PACKS/AIWF_Pip_Package_RAG_Starter_v1_9/AIWF_Pip_Package_RAG_Starter_v1_9/model_layouts/single_file_checkpoint_vs_diffusers_folder.md","single_file_checkpoint_vs_diffusers_folder.md",".md","1796","aiwf_atlas","source_content","","","2026-05-21T07:12:12.0000000Z"
"AIWF_Atlas_VOL1_machine_facing_v3_3_api_cli_guide/03_SOURCE_CONTENT/A_CANONICAL_SOURCE_PACKS/AIWF_Pip_Package_RAG_Starter_v1_9/AIWF_Pip_Package_RAG_Starter_v1_9/package_cards_index.csv","package_cards_index.csv",".csv","21866","aiwf_atlas","source_content","","","2026-05-21T07:12:12.0000000Z"
"AIWF_Atlas_VOL1_machine_facing_v3_3_api_cli_guide/03_SOURCE_CONTENT/A_CANONICAL_SOURCE_PACKS/AIWF_Pip_Package_RAG_Starter_v1_9/AIWF_Pip_Package_RAG_Starter_v1_9/PACKAGE_INDEX.md","PACKAGE_INDEX.md",".md","46026","aiwf_atlas","source_content","","","2026-05-21T07:12:12.0000000Z"
"AIWF_Atlas_VOL1_machine_facing_v3_3_api_cli_guide/03_SOURCE_CONTENT/A_CANONICAL_SOURCE_PACKS/AIWF_Pip_Package_RAG_Starter_v1_9/AIWF_Pip_Package_RAG_Starter_v1_9/package_source_index.csv","package_source_index.csv",".csv","32864","aiwf_atlas","source_content","","","2026-05-21T07:12:12.0000000Z"
"AIWF_Atlas_VOL1_machine_facing_v3_3_api_cli_guide/03_SOURCE_CONTENT/A_CANONICAL_SOURCE_PACKS/AIWF_Pip_Package_RAG_Starter_v1_9/AIWF_Pip_Package_RAG_Starter_v1_9/packages/accelerate.md","accelerate.md",".md","1359","aiwf_atlas","source_content","","","2026-05-21T07:12:12.0000000Z"
"AIWF_Atlas_VOL1_machine_facing_v3_3_api_cli_guide/03_SOURCE_CONTENT/A_CANONICAL_SOURCE_PACKS/AIWF_Pip_Package_RAG_Starter_v1_9/AIWF_Pip_Package_RAG_Starter_v1_9/packages/aiohttp.md","aiohttp.md",".md","1259","aiwf_atlas","source_content","","","2026-05-21T07:12:12.0000000Z"
"AIWF_Atlas_VOL1_machine_facing_v3_3_api_cli_guide/03_SOURCE_CONTENT/A_CANONICAL_SOURCE_PACKS/AIWF_Pip_Package_RAG_Starter_v1_9/AIWF_Pip_Package_RAG_Starter_v1_9/packages/albumentations.md","albumentations.md",".md","1558","aiwf_atlas","source_content","","","2026-05-21T07:12:12.0000000Z"
"AIWF_Atlas_VOL1_machine_facing_v3_3_api_cli_guide/03_SOURCE_CONTENT/A_CANONICAL_SOURCE_PACKS/AIWF_Pip_Package_RAG_Starter_v1_9/AIWF_Pip_Package_RAG_Starter_v1_9/packages/alembic.md","alembic.md",".md","1299","aiwf_atlas","source_content","","","2026-05-21T07:12:12.0000000Z"
"AIWF_Atlas_VOL1_machine_facing_v3_3_api_cli_guide/03_SOURCE_CONTENT/A_CANONICAL_SOURCE_PACKS/AIWF_Pip_Package_RAG_Starter_v1_9/AIWF_Pip_Package_RAG_Starter_v1_9/packages/anyio.md","anyio.md",".md","1104","aiwf_atlas","source_content","","","2026-05-21T07:12:12.0000000Z"
"AIWF_Atlas_VOL1_machine_facing_v3_3_api_cli_guide/03_SOURCE_CONTENT/A_CANONICAL_SOURCE_PACKS/AIWF_Pip_Package_RAG_Starter_v1_9/AIWF_Pip_Package_RAG_Starter_v1_9/packages/auditwheel.md","auditwheel.md",".md","1863","aiwf_atlas","source_content","","","2026-05-21T07:12:12.0000000Z"
"AIWF_Atlas_VOL1_machine_facing_v3_3_api_cli_guide/03_SOURCE_CONTENT/A_CANONICAL_SOURCE_PACKS/AIWF_Pip_Package_RAG_Starter_v1_9/AIWF_Pip_Package_RAG_Starter_v1_9/packages/auto_gptq.md","auto_gptq.md",".md","2445","aiwf_atlas","source_content","","","2026-05-21T07:12:12.0000000Z"
"AIWF_Atlas_VOL1_machine_facing_v3_3_api_cli_guide/03_SOURCE_CONTENT/A_CANONICAL_SOURCE_PACKS/AIWF_Pip_Package_RAG_Starter_v1_9/AIWF_Pip_Package_RAG_Starter_v1_9/packages/autoawq.md","autoawq.md",".md","2442","aiwf_atlas","source_content","","","2026-05-21T07:12:12.0000000Z"
"AIWF_Atlas_VOL1_machine_facing_v3_3_api_cli_guide/03_SOURCE_CONTENT/A_CANONICAL_SOURCE_PACKS/AIWF_Pip_Package_RAG_Starter_v1_9/AIWF_Pip_Package_RAG_Starter_v1_9/packages/av.md","av.md",".md","1660","aiwf_atlas","source_content","","","2026-05-21T07:12:12.0000000Z"
"AIWF_Atlas_VOL1_machine_facing_v3_3_api_cli_guide/03_SOURCE_CONTENT/A_CANONICAL_SOURCE_PACKS/AIWF_Pip_Package_RAG_Starter_v1_9/AIWF_Pip_Package_RAG_Starter_v1_9/packages/basicsr.md","basicsr.md",".md","1562","aiwf_atlas","source_content","","","2026-05-21T07:12:12.0000000Z"
"AIWF_Atlas_VOL1_machine_facing_v3_3_api_cli_guide/03_SOURCE_CONTENT/A_CANONICAL_SOURCE_PACKS/AIWF_Pip_Package_RAG_Starter_v1_9/AIWF_Pip_Package_RAG_Starter_v1_9/packages/bitsandbytes.md","bitsandbytes.md",".md","1285","aiwf_atlas","source_content","","","2026-05-21T07:12:12.0000000Z"
"AIWF_Atlas_VOL1_machine_facing_v3_3_api_cli_guide/03_SOURCE_CONTENT/A_CANONICAL_SOURCE_PACKS/AIWF_Pip_Package_RAG_Starter_v1_9/AIWF_Pip_Package_RAG_Starter_v1_9/packages/black.md","black.md",".md","1440","aiwf_atlas","source_content","","","2026-05-21T07:12:12.0000000Z"
"AIWF_Atlas_VOL1_machine_facing_v3_3_api_cli_guide/03_SOURCE_CONTENT/A_CANONICAL_SOURCE_PACKS/AIWF_Pip_Package_RAG_Starter_v1_9/AIWF_Pip_Package_RAG_Starter_v1_9/packages/blake3.md","blake3.md",".md","1296","aiwf_atlas","source_content","","","2026-05-21T07:12:12.0000000Z"
"AIWF_Atlas_VOL1_machine_facing_v3_3_api_cli_guide/03_SOURCE_CONTENT/A_CANONICAL_SOURCE_PACKS/AIWF_Pip_Package_RAG_Starter_v1_9/AIWF_Pip_Package_RAG_Starter_v1_9/packages/build.md","build.md",".md","1938","aiwf_atlas","source_content","","","2026-05-21T07:12:12.0000000Z"
"AIWF_Atlas_VOL1_machine_facing_v3_3_api_cli_guide/03_SOURCE_CONTENT/A_CANONICAL_SOURCE_PACKS/AIWF_Pip_Package_RAG_Starter_v1_9/AIWF_Pip_Package_RAG_Starter_v1_9/packages/chromadb.md","chromadb.md",".md","1305","aiwf_atlas","source_content","","","2026-05-21T07:12:12.0000000Z"
"AIWF_Atlas_VOL1_machine_facing_v3_3_api_cli_guide/03_SOURCE_CONTENT/A_CANONICAL_SOURCE_PACKS/AIWF_Pip_Package_RAG_Starter_v1_9/AIWF_Pip_Package_RAG_Starter_v1_9/packages/cibuildwheel.md","cibuildwheel.md",".md","1960","aiwf_atlas","source_content","","","2026-05-21T07:12:12.0000000Z"
"AIWF_Atlas_VOL1_machine_facing_v3_3_api_cli_guide/03_SOURCE_CONTENT/A_CANONICAL_SOURCE_PACKS/AIWF_Pip_Package_RAG_Starter_v1_9/AIWF_Pip_Package_RAG_Starter_v1_9/packages/click.md","click.md",".md","1160","aiwf_atlas","source_content","","","2026-05-21T07:12:12.0000000Z"
"AIWF_Atlas_VOL1_machine_facing_v3_3_api_cli_guide/03_SOURCE_CONTENT/A_CANONICAL_SOURCE_PACKS/AIWF_Pip_Package_RAG_Starter_v1_9/AIWF_Pip_Package_RAG_Starter_v1_9/packages/clip-interrogator.md","clip-interrogator.md",".md","1586","aiwf_atlas","source_content","","","2026-05-21T07:12:12.0000000Z"
"AIWF_Atlas_VOL1_machine_facing_v3_3_api_cli_guide/03_SOURCE_CONTENT/A_CANONICAL_SOURCE_PACKS/AIWF_Pip_Package_RAG_Starter_v1_9/AIWF_Pip_Package_RAG_Starter_v1_9/packages/cmake.md","cmake.md",".md","1349","aiwf_atlas","source_content","","","2026-05-21T07:12:12.0000000Z"
"AIWF_Atlas_VOL1_machine_facing_v3_3_api_cli_guide/03_SOURCE_CONTENT/A_CANONICAL_SOURCE_PACKS/AIWF_Pip_Package_RAG_Starter_v1_9/AIWF_Pip_Package_RAG_Starter_v1_9/packages/comfy-aimdo.md","comfy-aimdo.md",".md","1225","aiwf_atlas","source_content","","","2026-05-21T07:12:12.0000000Z"
"AIWF_Atlas_VOL1_machine_facing_v3_3_api_cli_guide/03_SOURCE_CONTENT/A_CANONICAL_SOURCE_PACKS/AIWF_Pip_Package_RAG_Starter_v1_9/AIWF_Pip_Package_RAG_Starter_v1_9/packages/comfy-kitchen.md","comfy-kitchen.md",".md","1240","aiwf_atlas","source_content","","","2026-05-21T07:12:12.0000000Z"
"AIWF_Atlas_VOL1_machine_facing_v3_3_api_cli_guide/03_SOURCE_CONTENT/A_CANONICAL_SOURCE_PACKS/AIWF_Pip_Package_RAG_Starter_v1_9/AIWF_Pip_Package_RAG_Starter_v1_9/packages/comfyui-embedded-docs.md","comfyui-embedded-docs.md",".md","1322","aiwf_atlas","source_content","","","2026-05-21T07:12:12.0000000Z"
"AIWF_Atlas_VOL1_machine_facing_v3_3_api_cli_guide/03_SOURCE_CONTENT/A_CANONICAL_SOURCE_PACKS/AIWF_Pip_Package_RAG_Starter_v1_9/AIWF_Pip_Package_RAG_Starter_v1_9/packages/comfyui-frontend-package.md","comfyui-frontend-package.md",".md","1393","aiwf_atlas","source_content","","","2026-05-21T07:12:12.0000000Z"
"AIWF_Atlas_VOL1_machine_facing_v3_3_api_cli_guide/03_SOURCE_CONTENT/A_CANONICAL_SOURCE_PACKS/AIWF_Pip_Package_RAG_Starter_v1_9/AIWF_Pip_Package_RAG_Starter_v1_9/packages/comfyui-manager.md","comfyui-manager.md",".md","1310","aiwf_atlas","source_content","","","2026-05-21T07:12:12.0000000Z"
"AIWF_Atlas_VOL1_machine_facing_v3_3_api_cli_guide/03_SOURCE_CONTENT/A_CANONICAL_SOURCE_PACKS/AIWF_Pip_Package_RAG_Starter_v1_9/AIWF_Pip_Package_RAG_Starter_v1_9/packages/comfyui-workflow-templates.md","comfyui-workflow-templates.md",".md","1345","aiwf_atlas","source_content","","","2026-05-21T07:12:12.0000000Z"
"AIWF_Atlas_VOL1_machine_facing_v3_3_api_cli_guide/03_SOURCE_CONTENT/A_CANONICAL_SOURCE_PACKS/AIWF_Pip_Package_RAG_Starter_v1_9/AIWF_Pip_Package_RAG_Starter_v1_9/packages/compressed_tensors.md","compressed_tensors.md",".md","2497","aiwf_atlas","source_content","","","2026-05-21T07:12:12.0000000Z"
"AIWF_Atlas_VOL1_machine_facing_v3_3_api_cli_guide/03_SOURCE_CONTENT/A_CANONICAL_SOURCE_PACKS/AIWF_Pip_Package_RAG_Starter_v1_9/AIWF_Pip_Package_RAG_Starter_v1_9/packages/controlnet-aux.md","controlnet-aux.md",".md","1752","aiwf_atlas","source_content","","","2026-05-21T07:12:12.0000000Z"
"AIWF_Atlas_VOL1_machine_facing_v3_3_api_cli_guide/03_SOURCE_CONTENT/A_CANONICAL_SOURCE_PACKS/AIWF_Pip_Package_RAG_Starter_v1_9/AIWF_Pip_Package_RAG_Starter_v1_9/packages/cuda-bindings.md","cuda-bindings.md",".md","3029","aiwf_atlas","source_content","","","2026-05-21T07:12:12.0000000Z"
"AIWF_Atlas_VOL1_machine_facing_v3_3_api_cli_guide/03_SOURCE_CONTENT/A_CANONICAL_SOURCE_PACKS/AIWF_Pip_Package_RAG_Starter_v1_9/AIWF_Pip_Package_RAG_Starter_v1_9/packages/cuda-core.md","cuda-core.md",".md","2957","aiwf_atlas","source_content","","","2026-05-21T07:12:12.0000000Z"
"AIWF_Atlas_VOL1_machine_facing_v3_3_api_cli_guide/03_SOURCE_CONTENT/A_CANONICAL_SOURCE_PACKS/AIWF_Pip_Package_RAG_Starter_v1_9/AIWF_Pip_Package_RAG_Starter_v1_9/packages/cuda-pathfinder.md","cuda-pathfinder.md",".md","3071","aiwf_atlas","source_content","","","2026-05-21T07:12:12.0000000Z"
"AIWF_Atlas_VOL1_machine_facing_v3_3_api_cli_guide/03_SOURCE_CONTENT/A_CANONICAL_SOURCE_PACKS/AIWF_Pip_Package_RAG_Starter_v1_9/AIWF_Pip_Package_RAG_Starter_v1_9/packages/cuda-python.md","cuda-python.md",".md","3134","aiwf_atlas","source_content","","","2026-05-21T07:12:12.0000000Z"
"AIWF_Atlas_VOL1_machine_facing_v3_3_api_cli_guide/03_SOURCE_CONTENT/A_CANONICAL_SOURCE_PACKS/AIWF_Pip_Package_RAG_Starter_v1_9/AIWF_Pip_Package_RAG_Starter_v1_9/packages/cuda-toolkit.md","cuda-toolkit.md",".md","3225","aiwf_atlas","source_content","","","2026-05-21T07:12:12.0000000Z"
"AIWF_Atlas_VOL1_machine_facing_v3_3_api_cli_guide/03_SOURCE_CONTENT/A_CANONICAL_SOURCE_PACKS/AIWF_Pip_Package_RAG_Starter_v1_9/AIWF_Pip_Package_RAG_Starter_v1_9/packages/datasets.md","datasets.md",".md","1352","aiwf_atlas","source_content","","","2026-05-21T07:12:12.0000000Z"
"AIWF_Atlas_VOL1_machine_facing_v3_3_api_cli_guide/03_SOURCE_CONTENT/A_CANONICAL_SOURCE_PACKS/AIWF_Pip_Package_RAG_Starter_v1_9/AIWF_Pip_Package_RAG_Starter_v1_9/packages/decord.md","decord.md",".md","1442","aiwf_atlas","source_content","","","2026-05-21T07:12:12.0000000Z"
"AIWF_Atlas_VOL1_machine_facing_v3_3_api_cli_guide/03_SOURCE_CONTENT/A_CANONICAL_SOURCE_PACKS/AIWF_Pip_Package_RAG_Starter_v1_9/AIWF_Pip_Package_RAG_Starter_v1_9/packages/delvewheel.md","delvewheel.md",".md","1905","aiwf_atlas","source_content","","","2026-05-21T07:12:12.0000000Z"
"AIWF_Atlas_VOL1_machine_facing_v3_3_api_cli_guide/03_SOURCE_CONTENT/A_CANONICAL_SOURCE_PACKS/AIWF_Pip_Package_RAG_Starter_v1_9/AIWF_Pip_Package_RAG_Starter_v1_9/packages/diffusers.md","diffusers.md",".md","1529","aiwf_atlas","source_content","","","2026-05-21T07:12:12.0000000Z"
"AIWF_Atlas_VOL1_machine_facing_v3_3_api_cli_guide/03_SOURCE_CONTENT/A_CANONICAL_SOURCE_PACKS/AIWF_Pip_Package_RAG_Starter_v1_9/AIWF_Pip_Package_RAG_Starter_v1_9/packages/dlib.md","dlib.md",".md","1439","aiwf_atlas","source_content","","","2026-05-21T07:12:12.0000000Z"
"AIWF_Atlas_VOL1_machine_facing_v3_3_api_cli_guide/03_SOURCE_CONTENT/A_CANONICAL_SOURCE_PACKS/AIWF_Pip_Package_RAG_Starter_v1_9/AIWF_Pip_Package_RAG_Starter_v1_9/packages/easyocr.md","easyocr.md",".md","1128","aiwf_atlas","source_content","","","2026-05-21T07:12:12.0000000Z"
"AIWF_Atlas_VOL1_machine_facing_v3_3_api_cli_guide/03_SOURCE_CONTENT/A_CANONICAL_SOURCE_PACKS/AIWF_Pip_Package_RAG_Starter_v1_9/AIWF_Pip_Package_RAG_Starter_v1_9/packages/einops.md","einops.md",".md","1103","aiwf_atlas","source_content","","","2026-05-21T07:12:12.0000000Z"
"AIWF_Atlas_VOL1_machine_facing_v3_3_api_cli_guide/03_SOURCE_CONTENT/A_CANONICAL_SOURCE_PACKS/AIWF_Pip_Package_RAG_Starter_v1_9/AIWF_Pip_Package_RAG_Starter_v1_9/packages/exllamav2.md","exllamav2.md",".md","1011","aiwf_atlas","source_content","","","2026-05-21T07:12:12.0000000Z"
"AIWF_Atlas_VOL1_machine_facing_v3_3_api_cli_guide/03_SOURCE_CONTENT/A_CANONICAL_SOURCE_PACKS/AIWF_Pip_Package_RAG_Starter_v1_9/AIWF_Pip_Package_RAG_Starter_v1_9/packages/facexlib.md","facexlib.md",".md","1426","aiwf_atlas","source_content","","","2026-05-21T07:12:12.0000000Z"
"AIWF_Atlas_VOL1_machine_facing_v3_3_api_cli_guide/03_SOURCE_CONTENT/A_CANONICAL_SOURCE_PACKS/AIWF_Pip_Package_RAG_Starter_v1_9/AIWF_Pip_Package_RAG_Starter_v1_9/packages/faiss-cpu.md","faiss-cpu.md",".md","1271","aiwf_atlas","source_content","","","2026-05-21T07:12:12.0000000Z"
"AIWF_Atlas_VOL1_machine_facing_v3_3_api_cli_guide/03_SOURCE_CONTENT/A_CANONICAL_SOURCE_PACKS/AIWF_Pip_Package_RAG_Starter_v1_9/AIWF_Pip_Package_RAG_Starter_v1_9/packages/fastapi.md","fastapi.md",".md","1338","aiwf_atlas","source_content","","","2026-05-21T07:12:12.0000000Z"
"AIWF_Atlas_VOL1_machine_facing_v3_3_api_cli_guide/03_SOURCE_CONTENT/A_CANONICAL_SOURCE_PACKS/AIWF_Pip_Package_RAG_Starter_v1_9/AIWF_Pip_Package_RAG_Starter_v1_9/packages/ffmpeg-python.md","ffmpeg-python.md",".md","1380","aiwf_atlas","source_content","","","2026-05-21T07:12:12.0000000Z"
"AIWF_Atlas_VOL1_machine_facing_v3_3_api_cli_guide/03_SOURCE_CONTENT/A_CANONICAL_SOURCE_PACKS/AIWF_Pip_Package_RAG_Starter_v1_9/AIWF_Pip_Package_RAG_Starter_v1_9/packages/filelock.md","filelock.md",".md","1283","aiwf_atlas","source_content","","","2026-05-21T07:12:12.0000000Z"
"AIWF_Atlas_VOL1_machine_facing_v3_3_api_cli_guide/03_SOURCE_CONTENT/A_CANONICAL_SOURCE_PACKS/AIWF_Pip_Package_RAG_Starter_v1_9/AIWF_Pip_Package_RAG_Starter_v1_9/packages/flagembedding.md","flagembedding.md",".md","1509","aiwf_atlas","source_content","","","2026-05-21T07:12:12.0000000Z"
"AIWF_Atlas_VOL1_machine_facing_v3_3_api_cli_guide/03_SOURCE_CONTENT/A_CANONICAL_SOURCE_PACKS/AIWF_Pip_Package_RAG_Starter_v1_9/AIWF_Pip_Package_RAG_Starter_v1_9/packages/flash_attn.md","flash_attn.md",".md","2481","aiwf_atlas","source_content","","","2026-05-21T07:12:12.0000000Z"
"AIWF_Atlas_VOL1_machine_facing_v3_3_api_cli_guide/03_SOURCE_CONTENT/A_CANONICAL_SOURCE_PACKS/AIWF_Pip_Package_RAG_Starter_v1_9/AIWF_Pip_Package_RAG_Starter_v1_9/packages/flashinfer_cubin.md","flashinfer_cubin.md",".md","2446","aiwf_atlas","source_content","","","2026-05-21T07:12:12.0000000Z"
"AIWF_Atlas_VOL1_machine_facing_v3_3_api_cli_guide/03_SOURCE_CONTENT/A_CANONICAL_SOURCE_PACKS/AIWF_Pip_Package_RAG_Starter_v1_9/AIWF_Pip_Package_RAG_Starter_v1_9/packages/flashinfer_jit_cache.md","flashinfer_jit_cache.md",".md","2445","aiwf_atlas","source_content","","","2026-05-21T07:12:12.0000000Z"
"AIWF_Atlas_VOL1_machine_facing_v3_3_api_cli_guide/03_SOURCE_CONTENT/A_CANONICAL_SOURCE_PACKS/AIWF_Pip_Package_RAG_Starter_v1_9/AIWF_Pip_Package_RAG_Starter_v1_9/packages/flashinfer_python.md","flashinfer_python.md",".md","2520","aiwf_atlas","source_content","","","2026-05-21T07:12:12.0000000Z"
"AIWF_Atlas_VOL1_machine_facing_v3_3_api_cli_guide/03_SOURCE_CONTENT/A_CANONICAL_SOURCE_PACKS/AIWF_Pip_Package_RAG_Starter_v1_9/AIWF_Pip_Package_RAG_Starter_v1_9/packages/ftfy.md","ftfy.md",".md","1048","aiwf_atlas","source_content","","","2026-05-21T07:12:12.0000000Z"
"AIWF_Atlas_VOL1_machine_facing_v3_3_api_cli_guide/03_SOURCE_CONTENT/A_CANONICAL_SOURCE_PACKS/AIWF_Pip_Package_RAG_Starter_v1_9/AIWF_Pip_Package_RAG_Starter_v1_9/packages/geventhttpclient.md","geventhttpclient.md",".md","2482","aiwf_atlas","source_content","","","2026-05-21T07:12:12.0000000Z"
"AIWF_Atlas_VOL1_machine_facing_v3_3_api_cli_guide/03_SOURCE_CONTENT/A_CANONICAL_SOURCE_PACKS/AIWF_Pip_Package_RAG_Starter_v1_9/AIWF_Pip_Package_RAG_Starter_v1_9/packages/gfpgan.md","gfpgan.md",".md","1472","aiwf_atlas","source_content","","","2026-05-21T07:12:12.0000000Z"
"AIWF_Atlas_VOL1_machine_facing_v3_3_api_cli_guide/03_SOURCE_CONTENT/A_CANONICAL_SOURCE_PACKS/AIWF_Pip_Package_RAG_Starter_v1_9/AIWF_Pip_Package_RAG_Starter_v1_9/packages/gguf.md","gguf.md",".md","1088","aiwf_atlas","source_content","","","2026-05-21T07:12:12.0000000Z"
"AIWF_Atlas_VOL1_machine_facing_v3_3_api_cli_guide/03_SOURCE_CONTENT/A_CANONICAL_SOURCE_PACKS/AIWF_Pip_Package_RAG_Starter_v1_9/AIWF_Pip_Package_RAG_Starter_v1_9/packages/gitpython.md","gitpython.md",".md","1317","aiwf_atlas","source_content","","","2026-05-21T07:12:12.0000000Z"
"AIWF_Atlas_VOL1_machine_facing_v3_3_api_cli_guide/03_SOURCE_CONTENT/A_CANONICAL_SOURCE_PACKS/AIWF_Pip_Package_RAG_Starter_v1_9/AIWF_Pip_Package_RAG_Starter_v1_9/packages/glfw.md","glfw.md",".md","1248","aiwf_atlas","source_content","","","2026-05-21T07:12:12.0000000Z"
"AIWF_Atlas_VOL1_machine_facing_v3_3_api_cli_guide/03_SOURCE_CONTENT/A_CANONICAL_SOURCE_PACKS/AIWF_Pip_Package_RAG_Starter_v1_9/AIWF_Pip_Package_RAG_Starter_v1_9/packages/gptqmodel.md","gptqmodel.md",".md","2480","aiwf_atlas","source_content","","","2026-05-21T07:12:12.0000000Z"
"AIWF_Atlas_VOL1_machine_facing_v3_3_api_cli_guide/03_SOURCE_CONTENT/A_CANONICAL_SOURCE_PACKS/AIWF_Pip_Package_RAG_Starter_v1_9/AIWF_Pip_Package_RAG_Starter_v1_9/packages/gradio.md","gradio.md",".md","1375","aiwf_atlas","source_content","","","2026-05-21T07:12:12.0000000Z"
"AIWF_Atlas_VOL1_machine_facing_v3_3_api_cli_guide/03_SOURCE_CONTENT/A_CANONICAL_SOURCE_PACKS/AIWF_Pip_Package_RAG_Starter_v1_9/AIWF_Pip_Package_RAG_Starter_v1_9/packages/griptape.md","griptape.md",".md","1493","aiwf_atlas","source_content","","","2026-05-21T07:12:12.0000000Z"
"AIWF_Atlas_VOL1_machine_facing_v3_3_api_cli_guide/03_SOURCE_CONTENT/A_CANONICAL_SOURCE_PACKS/AIWF_Pip_Package_RAG_Starter_v1_9/AIWF_Pip_Package_RAG_Starter_v1_9/packages/groundingdino.md","groundingdino.md",".md","1665","aiwf_atlas","source_content","","","2026-05-21T07:12:12.0000000Z"
"AIWF_Atlas_VOL1_machine_facing_v3_3_api_cli_guide/03_SOURCE_CONTENT/A_CANONICAL_SOURCE_PACKS/AIWF_Pip_Package_RAG_Starter_v1_9/AIWF_Pip_Package_RAG_Starter_v1_9/packages/groundingdino-py.md","groundingdino-py.md",".md","1581","aiwf_atlas","source_content","","","2026-05-21T07:12:12.0000000Z"
"AIWF_Atlas_VOL1_machine_facing_v3_3_api_cli_guide/03_SOURCE_CONTENT/A_CANONICAL_SOURCE_PACKS/AIWF_Pip_Package_RAG_Starter_v1_9/AIWF_Pip_Package_RAG_Starter_v1_9/packages/grpcio.md","grpcio.md",".md","2403","aiwf_atlas","source_content","","","2026-05-21T07:12:12.0000000Z"
"AIWF_Atlas_VOL1_machine_facing_v3_3_api_cli_guide/03_SOURCE_CONTENT/A_CANONICAL_SOURCE_PACKS/AIWF_Pip_Package_RAG_Starter_v1_9/AIWF_Pip_Package_RAG_Starter_v1_9/packages/grpcio-tools.md","grpcio-tools.md",".md","2346","aiwf_atlas","source_content","","","2026-05-21T07:12:12.0000000Z"
"AIWF_Atlas_VOL1_machine_facing_v3_3_api_cli_guide/03_SOURCE_CONTENT/A_CANONICAL_SOURCE_PACKS/AIWF_Pip_Package_RAG_Starter_v1_9/AIWF_Pip_Package_RAG_Starter_v1_9/packages/guidance.md","guidance.md",".md","2481","aiwf_atlas","source_content","","","2026-05-21T07:12:12.0000000Z"
"AIWF_Atlas_VOL1_machine_facing_v3_3_api_cli_guide/03_SOURCE_CONTENT/A_CANONICAL_SOURCE_PACKS/AIWF_Pip_Package_RAG_Starter_v1_9/AIWF_Pip_Package_RAG_Starter_v1_9/packages/h11.md","h11.md",".md","2408","aiwf_atlas","source_content","","","2026-05-21T07:12:12.0000000Z"
"AIWF_Atlas_VOL1_machine_facing_v3_3_api_cli_guide/03_SOURCE_CONTENT/A_CANONICAL_SOURCE_PACKS/AIWF_Pip_Package_RAG_Starter_v1_9/AIWF_Pip_Package_RAG_Starter_v1_9/packages/hf-transfer.md","hf-transfer.md",".md","859","aiwf_atlas","source_content","","","2026-05-21T07:12:12.0000000Z"
"AIWF_Atlas_VOL1_machine_facing_v3_3_api_cli_guide/03_SOURCE_CONTENT/A_CANONICAL_SOURCE_PACKS/AIWF_Pip_Package_RAG_Starter_v1_9/AIWF_Pip_Package_RAG_Starter_v1_9/packages/httptools.md","httptools.md",".md","2437","aiwf_atlas","source_content","","","2026-05-21T07:12:12.0000000Z"
"AIWF_Atlas_VOL1_machine_facing_v3_3_api_cli_guide/03_SOURCE_CONTENT/A_CANONICAL_SOURCE_PACKS/AIWF_Pip_Package_RAG_Starter_v1_9/AIWF_Pip_Package_RAG_Starter_v1_9/packages/httpx.md","httpx.md",".md","1434","aiwf_atlas","source_content","","","2026-05-21T07:12:12.0000000Z"
"AIWF_Atlas_VOL1_machine_facing_v3_3_api_cli_guide/03_SOURCE_CONTENT/A_CANONICAL_SOURCE_PACKS/AIWF_Pip_Package_RAG_Starter_v1_9/AIWF_Pip_Package_RAG_Starter_v1_9/packages/huggingface_hub.md","huggingface_hub.md",".md","2077","aiwf_atlas","source_content","","","2026-05-21T07:12:12.0000000Z"
"AIWF_Atlas_VOL1_machine_facing_v3_3_api_cli_guide/03_SOURCE_CONTENT/A_CANONICAL_SOURCE_PACKS/AIWF_Pip_Package_RAG_Starter_v1_9/AIWF_Pip_Package_RAG_Starter_v1_9/packages/imageio.md","imageio.md",".md","1508","aiwf_atlas","source_content","","","2026-05-21T07:12:12.0000000Z"
"AIWF_Atlas_VOL1_machine_facing_v3_3_api_cli_guide/03_SOURCE_CONTENT/A_CANONICAL_SOURCE_PACKS/AIWF_Pip_Package_RAG_Starter_v1_9/AIWF_Pip_Package_RAG_Starter_v1_9/packages/imageio-ffmpeg.md","imageio-ffmpeg.md",".md","1475","aiwf_atlas","source_content","","","2026-05-21T07:12:12.0000000Z"
"AIWF_Atlas_VOL1_machine_facing_v3_3_api_cli_guide/03_SOURCE_CONTENT/A_CANONICAL_SOURCE_PACKS/AIWF_Pip_Package_RAG_Starter_v1_9/AIWF_Pip_Package_RAG_Starter_v1_9/packages/insightface.md","insightface.md",".md","1776","aiwf_atlas","source_content","","","2026-05-21T07:12:12.0000000Z"
"AIWF_Atlas_VOL1_machine_facing_v3_3_api_cli_guide/03_SOURCE_CONTENT/A_CANONICAL_SOURCE_PACKS/AIWF_Pip_Package_RAG_Starter_v1_9/AIWF_Pip_Package_RAG_Starter_v1_9/packages/ipywidgets.md","ipywidgets.md",".md","1489","aiwf_atlas","source_content","","","2026-05-21T07:12:12.0000000Z"
"AIWF_Atlas_VOL1_machine_facing_v3_3_api_cli_guide/03_SOURCE_CONTENT/A_CANONICAL_SOURCE_PACKS/AIWF_Pip_Package_RAG_Starter_v1_9/AIWF_Pip_Package_RAG_Starter_v1_9/packages/jinja2.md","jinja2.md",".md","751","aiwf_atlas","source_content","","","2026-05-21T07:12:12.0000000Z"
"AIWF_Atlas_VOL1_machine_facing_v3_3_api_cli_guide/03_SOURCE_CONTENT/A_CANONICAL_SOURCE_PACKS/AIWF_Pip_Package_RAG_Starter_v1_9/AIWF_Pip_Package_RAG_Starter_v1_9/packages/k-diffusion.md","k-diffusion.md",".md","1490","aiwf_atlas","source_content","","","2026-05-21T07:12:12.0000000Z"
"AIWF_Atlas_VOL1_machine_facing_v3_3_api_cli_guide/03_SOURCE_CONTENT/A_CANONICAL_SOURCE_PACKS/AIWF_Pip_Package_RAG_Starter_v1_9/AIWF_Pip_Package_RAG_Starter_v1_9/packages/koboldcpp.md","koboldcpp.md",".md","799","aiwf_atlas","source_content","","","2026-05-21T07:12:12.0000000Z"
"AIWF_Atlas_VOL1_machine_facing_v3_3_api_cli_guide/03_SOURCE_CONTENT/A_CANONICAL_SOURCE_PACKS/AIWF_Pip_Package_RAG_Starter_v1_9/AIWF_Pip_Package_RAG_Starter_v1_9/packages/kornia.md","kornia.md",".md","1082","aiwf_atlas","source_content","","","2026-05-21T07:12:12.0000000Z"
"AIWF_Atlas_VOL1_machine_facing_v3_3_api_cli_guide/03_SOURCE_CONTENT/A_CANONICAL_SOURCE_PACKS/AIWF_Pip_Package_RAG_Starter_v1_9/AIWF_Pip_Package_RAG_Starter_v1_9/packages/kubernetes.md","kubernetes.md",".md","2483","aiwf_atlas","source_content","","","2026-05-21T07:12:12.0000000Z"
"AIWF_Atlas_VOL1_machine_facing_v3_3_api_cli_guide/03_SOURCE_CONTENT/A_CANONICAL_SOURCE_PACKS/AIWF_Pip_Package_RAG_Starter_v1_9/AIWF_Pip_Package_RAG_Starter_v1_9/packages/lancedb.md","lancedb.md",".md","1301","aiwf_atlas","source_content","","","2026-05-21T07:12:12.0000000Z"
"AIWF_Atlas_VOL1_machine_facing_v3_3_api_cli_guide/03_SOURCE_CONTENT/A_CANONICAL_SOURCE_PACKS/AIWF_Pip_Package_RAG_Starter_v1_9/AIWF_Pip_Package_RAG_Starter_v1_9/packages/langchain.md","langchain.md",".md","1329","aiwf_atlas","source_content","","","2026-05-21T07:12:12.0000000Z"
"AIWF_Atlas_VOL1_machine_facing_v3_3_api_cli_guide/03_SOURCE_CONTENT/A_CANONICAL_SOURCE_PACKS/AIWF_Pip_Package_RAG_Starter_v1_9/AIWF_Pip_Package_RAG_Starter_v1_9/packages/librosa.md","librosa.md",".md","1370","aiwf_atlas","source_content","","","2026-05-21T07:12:12.0000000Z"
"AIWF_Atlas_VOL1_machine_facing_v3_3_api_cli_guide/03_SOURCE_CONTENT/A_CANONICAL_SOURCE_PACKS/AIWF_Pip_Package_RAG_Starter_v1_9/AIWF_Pip_Package_RAG_Starter_v1_9/packages/lion-pytorch.md","lion-pytorch.md",".md","1432","aiwf_atlas","source_content","","","2026-05-21T07:12:12.0000000Z"
"AIWF_Atlas_VOL1_machine_facing_v3_3_api_cli_guide/03_SOURCE_CONTENT/A_CANONICAL_SOURCE_PACKS/AIWF_Pip_Package_RAG_Starter_v1_9/AIWF_Pip_Package_RAG_Starter_v1_9/packages/litellm.md","litellm.md",".md","2435","aiwf_atlas","source_content","","","2026-05-21T07:12:12.0000000Z"
"AIWF_Atlas_VOL1_machine_facing_v3_3_api_cli_guide/03_SOURCE_CONTENT/A_CANONICAL_SOURCE_PACKS/AIWF_Pip_Package_RAG_Starter_v1_9/AIWF_Pip_Package_RAG_Starter_v1_9/packages/llama_cpp_runtime.md","llama_cpp_runtime.md",".md","1000","aiwf_atlas","source_content","","","2026-05-21T07:12:12.0000000Z"
"AIWF_Atlas_VOL1_machine_facing_v3_3_api_cli_guide/03_SOURCE_CONTENT/A_CANONICAL_SOURCE_PACKS/AIWF_Pip_Package_RAG_Starter_v1_9/AIWF_Pip_Package_RAG_Starter_v1_9/packages/llama-cpp-python.md","llama-cpp-python.md",".md","1861","aiwf_atlas","source_content","","","2026-05-21T07:12:12.0000000Z"
"AIWF_Atlas_VOL1_machine_facing_v3_3_api_cli_guide/03_SOURCE_CONTENT/A_CANONICAL_SOURCE_PACKS/AIWF_Pip_Package_RAG_Starter_v1_9/AIWF_Pip_Package_RAG_Starter_v1_9/packages/llama-index.md","llama-index.md",".md","1385","aiwf_atlas","source_content","","","2026-05-21T07:12:12.0000000Z"
"AIWF_Atlas_VOL1_machine_facing_v3_3_api_cli_guide/03_SOURCE_CONTENT/A_CANONICAL_SOURCE_PACKS/AIWF_Pip_Package_RAG_Starter_v1_9/AIWF_Pip_Package_RAG_Starter_v1_9/packages/llmcompressor.md","llmcompressor.md",".md","2506","aiwf_atlas","source_content","","","2026-05-21T07:12:12.0000000Z"
"AIWF_Atlas_VOL1_machine_facing_v3_3_api_cli_guide/03_SOURCE_CONTENT/A_CANONICAL_SOURCE_PACKS/AIWF_Pip_Package_RAG_Starter_v1_9/AIWF_Pip_Package_RAG_Starter_v1_9/packages/lm_format_enforcer.md","lm_format_enforcer.md",".md","2498","aiwf_atlas","source_content","","","2026-05-21T07:12:12.0000000Z"
"AIWF_Atlas_VOL1_machine_facing_v3_3_api_cli_guide/03_SOURCE_CONTENT/A_CANONICAL_SOURCE_PACKS/AIWF_Pip_Package_RAG_Starter_v1_9/AIWF_Pip_Package_RAG_Starter_v1_9/packages/lmstudio.md","lmstudio.md",".md","944","aiwf_atlas","source_content","","","2026-05-21T07:12:12.0000000Z"
"AIWF_Atlas_VOL1_machine_facing_v3_3_api_cli_guide/03_SOURCE_CONTENT/A_CANONICAL_SOURCE_PACKS/AIWF_Pip_Package_RAG_Starter_v1_9/AIWF_Pip_Package_RAG_Starter_v1_9/packages/lpips.md","lpips.md",".md","1541","aiwf_atlas","source_content","","","2026-05-21T07:12:12.0000000Z"
"AIWF_Atlas_VOL1_machine_facing_v3_3_api_cli_guide/03_SOURCE_CONTENT/A_CANONICAL_SOURCE_PACKS/AIWF_Pip_Package_RAG_Starter_v1_9/AIWF_Pip_Package_RAG_Starter_v1_9/packages/matplotlib.md","matplotlib.md",".md","1305","aiwf_atlas","source_content","","","2026-05-21T07:12:12.0000000Z"
"AIWF_Atlas_VOL1_machine_facing_v3_3_api_cli_guide/03_SOURCE_CONTENT/A_CANONICAL_SOURCE_PACKS/AIWF_Pip_Package_RAG_Starter_v1_9/AIWF_Pip_Package_RAG_Starter_v1_9/packages/maturin.md","maturin.md",".md","1898","aiwf_atlas","source_content","","","2026-05-21T07:12:12.0000000Z"
"AIWF_Atlas_VOL1_machine_facing_v3_3_api_cli_guide/03_SOURCE_CONTENT/A_CANONICAL_SOURCE_PACKS/AIWF_Pip_Package_RAG_Starter_v1_9/AIWF_Pip_Package_RAG_Starter_v1_9/packages/mediapipe.md","mediapipe.md",".md","1528","aiwf_atlas","source_content","","","2026-05-21T07:12:12.0000000Z"
"AIWF_Atlas_VOL1_machine_facing_v3_3_api_cli_guide/03_SOURCE_CONTENT/A_CANONICAL_SOURCE_PACKS/AIWF_Pip_Package_RAG_Starter_v1_9/AIWF_Pip_Package_RAG_Starter_v1_9/packages/meson-python.md","meson-python.md",".md","1892","aiwf_atlas","source_content","","","2026-05-21T07:12:12.0000000Z"
"AIWF_Atlas_VOL1_machine_facing_v3_3_api_cli_guide/03_SOURCE_CONTENT/A_CANONICAL_SOURCE_PACKS/AIWF_Pip_Package_RAG_Starter_v1_9/AIWF_Pip_Package_RAG_Starter_v1_9/packages/mistral_common.md","mistral_common.md",".md","2493","aiwf_atlas","source_content","","","2026-05-21T07:12:12.0000000Z"
"AIWF_Atlas_VOL1_machine_facing_v3_3_api_cli_guide/03_SOURCE_CONTENT/A_CANONICAL_SOURCE_PACKS/AIWF_Pip_Package_RAG_Starter_v1_9/AIWF_Pip_Package_RAG_Starter_v1_9/packages/moviepy.md","moviepy.md",".md","1483","aiwf_atlas","source_content","","","2026-05-21T07:12:12.0000000Z"
"AIWF_Atlas_VOL1_machine_facing_v3_3_api_cli_guide/03_SOURCE_CONTENT/A_CANONICAL_SOURCE_PACKS/AIWF_Pip_Package_RAG_Starter_v1_9/AIWF_Pip_Package_RAG_Starter_v1_9/packages/msgspec.md","msgspec.md",".md","2411","aiwf_atlas","source_content","","","2026-05-21T07:12:12.0000000Z"
"AIWF_Atlas_VOL1_machine_facing_v3_3_api_cli_guide/03_SOURCE_CONTENT/A_CANONICAL_SOURCE_PACKS/AIWF_Pip_Package_RAG_Starter_v1_9/AIWF_Pip_Package_RAG_Starter_v1_9/packages/ninja.md","ninja.md",".md","1243","aiwf_atlas","source_content","","","2026-05-21T07:12:12.0000000Z"
"AIWF_Atlas_VOL1_machine_facing_v3_3_api_cli_guide/03_SOURCE_CONTENT/A_CANONICAL_SOURCE_PACKS/AIWF_Pip_Package_RAG_Starter_v1_9/AIWF_Pip_Package_RAG_Starter_v1_9/packages/nomic.md","nomic.md",".md","1436","aiwf_atlas","source_content","","","2026-05-21T07:12:12.0000000Z"
"AIWF_Atlas_VOL1_machine_facing_v3_3_api_cli_guide/03_SOURCE_CONTENT/A_CANONICAL_SOURCE_PACKS/AIWF_Pip_Package_RAG_Starter_v1_9/AIWF_Pip_Package_RAG_Starter_v1_9/packages/numpy.md","numpy.md",".md","1625","aiwf_atlas","source_content","","","2026-05-21T07:12:12.0000000Z"
"AIWF_Atlas_VOL1_machine_facing_v3_3_api_cli_guide/03_SOURCE_CONTENT/A_CANONICAL_SOURCE_PACKS/AIWF_Pip_Package_RAG_Starter_v1_9/AIWF_Pip_Package_RAG_Starter_v1_9/packages/nvidia-cublas-cu12.md","nvidia-cublas-cu12.md",".md","2130","aiwf_atlas","source_content","","","2026-05-21T07:12:12.0000000Z"
"AIWF_Atlas_VOL1_machine_facing_v3_3_api_cli_guide/03_SOURCE_CONTENT/A_CANONICAL_SOURCE_PACKS/AIWF_Pip_Package_RAG_Starter_v1_9/AIWF_Pip_Package_RAG_Starter_v1_9/packages/nvidia-cuda-cccl-cu12.md","nvidia-cuda-cccl-cu12.md",".md","2128","aiwf_atlas","source_content","","","2026-05-21T07:12:12.0000000Z"
"AIWF_Atlas_VOL1_machine_facing_v3_3_api_cli_guide/03_SOURCE_CONTENT/A_CANONICAL_SOURCE_PACKS/AIWF_Pip_Package_RAG_Starter_v1_9/AIWF_Pip_Package_RAG_Starter_v1_9/packages/nvidia-cuda-cupti-cu12.md","nvidia-cuda-cupti-cu12.md",".md","2087","aiwf_atlas","source_content","","","2026-05-21T07:12:12.0000000Z"
"AIWF_Atlas_VOL1_machine_facing_v3_3_api_cli_guide/03_SOURCE_CONTENT/A_CANONICAL_SOURCE_PACKS/AIWF_Pip_Package_RAG_Starter_v1_9/AIWF_Pip_Package_RAG_Starter_v1_9/packages/nvidia-cuda-nvcc-cu12.md","nvidia-cuda-nvcc-cu12.md",".md","2175","aiwf_atlas","source_content","","","2026-05-21T07:12:12.0000000Z"
"AIWF_Atlas_VOL1_machine_facing_v3_3_api_cli_guide/03_SOURCE_CONTENT/A_CANONICAL_SOURCE_PACKS/AIWF_Pip_Package_RAG_Starter_v1_9/AIWF_Pip_Package_RAG_Starter_v1_9/packages/nvidia-cuda-nvrtc-cu12.md","nvidia-cuda-nvrtc-cu12.md",".md","2170","aiwf_atlas","source_content","","","2026-05-21T07:12:12.0000000Z"
"AIWF_Atlas_VOL1_machine_facing_v3_3_api_cli_guide/03_SOURCE_CONTENT/A_CANONICAL_SOURCE_PACKS/AIWF_Pip_Package_RAG_Starter_v1_9/AIWF_Pip_Package_RAG_Starter_v1_9/packages/nvidia-cuda-runtime-cu12.md","nvidia-cuda-runtime-cu12.md",".md","2166","aiwf_atlas","source_content","","","2026-05-21T07:12:12.0000000Z"
"AIWF_Atlas_VOL1_machine_facing_v3_3_api_cli_guide/03_SOURCE_CONTENT/A_CANONICAL_SOURCE_PACKS/AIWF_Pip_Package_RAG_Starter_v1_9/AIWF_Pip_Package_RAG_Starter_v1_9/packages/nvidia-cuda-runtime-cu13.md","nvidia-cuda-runtime-cu13.md",".md","2176","aiwf_atlas","source_content","","","2026-05-21T07:12:12.0000000Z"
"AIWF_Atlas_VOL1_machine_facing_v3_3_api_cli_guide/03_SOURCE_CONTENT/A_CANONICAL_SOURCE_PACKS/AIWF_Pip_Package_RAG_Starter_v1_9/AIWF_Pip_Package_RAG_Starter_v1_9/packages/nvidia-cuda-sanitizer-api-cu12.md","nvidia-cuda-sanitizer-api-cu12.md",".md","2118","aiwf_atlas","source_content","","","2026-05-21T07:12:12.0000000Z"
"AIWF_Atlas_VOL1_machine_facing_v3_3_api_cli_guide/03_SOURCE_CONTENT/A_CANONICAL_SOURCE_PACKS/AIWF_Pip_Package_RAG_Starter_v1_9/AIWF_Pip_Package_RAG_Starter_v1_9/packages/nvidia-cudnn.md","nvidia-cudnn.md",".md","3124","aiwf_atlas","source_content","","","2026-05-21T07:12:12.0000000Z"
"AIWF_Atlas_VOL1_machine_facing_v3_3_api_cli_guide/03_SOURCE_CONTENT/A_CANONICAL_SOURCE_PACKS/AIWF_Pip_Package_RAG_Starter_v1_9/AIWF_Pip_Package_RAG_Starter_v1_9/packages/nvidia-cudnn-cu11.md","nvidia-cudnn-cu11.md",".md","3226","aiwf_atlas","source_content","","","2026-05-21T07:12:12.0000000Z"
"AIWF_Atlas_VOL1_machine_facing_v3_3_api_cli_guide/03_SOURCE_CONTENT/A_CANONICAL_SOURCE_PACKS/AIWF_Pip_Package_RAG_Starter_v1_9/AIWF_Pip_Package_RAG_Starter_v1_9/packages/nvidia-cudnn-cu12.md","nvidia-cudnn-cu12.md",".md","3416","aiwf_atlas","source_content","","","2026-05-21T07:12:12.0000000Z"
"AIWF_Atlas_VOL1_machine_facing_v3_3_api_cli_guide/03_SOURCE_CONTENT/A_CANONICAL_SOURCE_PACKS/AIWF_Pip_Package_RAG_Starter_v1_9/AIWF_Pip_Package_RAG_Starter_v1_9/packages/nvidia-cudnn-cu13.md","nvidia-cudnn-cu13.md",".md","3333","aiwf_atlas","source_content","","","2026-05-21T07:12:12.0000000Z"
"AIWF_Atlas_VOL1_machine_facing_v3_3_api_cli_guide/03_SOURCE_CONTENT/A_CANONICAL_SOURCE_PACKS/AIWF_Pip_Package_RAG_Starter_v1_9/AIWF_Pip_Package_RAG_Starter_v1_9/packages/nvidia-cudnn-frontend.md","nvidia-cudnn-frontend.md",".md","3450","aiwf_atlas","source_content","","","2026-05-21T07:12:12.0000000Z"
"AIWF_Atlas_VOL1_machine_facing_v3_3_api_cli_guide/03_SOURCE_CONTENT/A_CANONICAL_SOURCE_PACKS/AIWF_Pip_Package_RAG_Starter_v1_9/AIWF_Pip_Package_RAG_Starter_v1_9/packages/nvidia-cudnn-jit-cu12.md","nvidia-cudnn-jit-cu12.md",".md","3184","aiwf_atlas","source_content","","","2026-05-21T07:12:12.0000000Z"
"AIWF_Atlas_VOL1_machine_facing_v3_3_api_cli_guide/03_SOURCE_CONTENT/A_CANONICAL_SOURCE_PACKS/AIWF_Pip_Package_RAG_Starter_v1_9/AIWF_Pip_Package_RAG_Starter_v1_9/packages/nvidia-cudnn-jit-cu13.md","nvidia-cudnn-jit-cu13.md",".md","3118","aiwf_atlas","source_content","","","2026-05-21T07:12:12.0000000Z"
"AIWF_Atlas_VOL1_machine_facing_v3_3_api_cli_guide/03_SOURCE_CONTENT/A_CANONICAL_SOURCE_PACKS/AIWF_Pip_Package_RAG_Starter_v1_9/AIWF_Pip_Package_RAG_Starter_v1_9/packages/nvidia-cufft-cu12.md","nvidia-cufft-cu12.md",".md","2085","aiwf_atlas","source_content","","","2026-05-21T07:12:12.0000000Z"
"AIWF_Atlas_VOL1_machine_facing_v3_3_api_cli_guide/03_SOURCE_CONTENT/A_CANONICAL_SOURCE_PACKS/AIWF_Pip_Package_RAG_Starter_v1_9/AIWF_Pip_Package_RAG_Starter_v1_9/packages/nvidia-curand-cu12.md","nvidia-curand-cu12.md",".md","2093","aiwf_atlas","source_content","","","2026-05-21T07:12:12.0000000Z"
"AIWF_Atlas_VOL1_machine_facing_v3_3_api_cli_guide/03_SOURCE_CONTENT/A_CANONICAL_SOURCE_PACKS/AIWF_Pip_Package_RAG_Starter_v1_9/AIWF_Pip_Package_RAG_Starter_v1_9/packages/nvidia-cusolver-cu12.md","nvidia-cusolver-cu12.md",".md","2100","aiwf_atlas","source_content","","","2026-05-21T07:12:12.0000000Z"
"AIWF_Atlas_VOL1_machine_facing_v3_3_api_cli_guide/03_SOURCE_CONTENT/A_CANONICAL_SOURCE_PACKS/AIWF_Pip_Package_RAG_Starter_v1_9/AIWF_Pip_Package_RAG_Starter_v1_9/packages/nvidia-cusparse-cu12.md","nvidia-cusparse-cu12.md",".md","2068","aiwf_atlas","source_content","","","2026-05-21T07:12:12.0000000Z"
"AIWF_Atlas_VOL1_machine_facing_v3_3_api_cli_guide/03_SOURCE_CONTENT/A_CANONICAL_SOURCE_PACKS/AIWF_Pip_Package_RAG_Starter_v1_9/AIWF_Pip_Package_RAG_Starter_v1_9/packages/nvidia-cutlass.md","nvidia-cutlass.md",".md","2136","aiwf_atlas","source_content","","","2026-05-21T07:12:12.0000000Z"
"AIWF_Atlas_VOL1_machine_facing_v3_3_api_cli_guide/03_SOURCE_CONTENT/A_CANONICAL_SOURCE_PACKS/AIWF_Pip_Package_RAG_Starter_v1_9/AIWF_Pip_Package_RAG_Starter_v1_9/packages/nvidia-ml-py.md","nvidia-ml-py.md",".md","2407","aiwf_atlas","source_content","","","2026-05-21T07:12:12.0000000Z"
"AIWF_Atlas_VOL1_machine_facing_v3_3_api_cli_guide/03_SOURCE_CONTENT/A_CANONICAL_SOURCE_PACKS/AIWF_Pip_Package_RAG_Starter_v1_9/AIWF_Pip_Package_RAG_Starter_v1_9/packages/nvidia-modelopt.md","nvidia-modelopt.md",".md","2657","aiwf_atlas","source_content","","","2026-05-21T07:12:12.0000000Z"
"AIWF_Atlas_VOL1_machine_facing_v3_3_api_cli_guide/03_SOURCE_CONTENT/A_CANONICAL_SOURCE_PACKS/AIWF_Pip_Package_RAG_Starter_v1_9/AIWF_Pip_Package_RAG_Starter_v1_9/packages/nvidia-npp-cu12.md","nvidia-npp-cu12.md",".md","2151","aiwf_atlas","source_content","","","2026-05-21T07:12:12.0000000Z"
"AIWF_Atlas_VOL1_machine_facing_v3_3_api_cli_guide/03_SOURCE_CONTENT/A_CANONICAL_SOURCE_PACKS/AIWF_Pip_Package_RAG_Starter_v1_9/AIWF_Pip_Package_RAG_Starter_v1_9/packages/nvidia-nvjitlink-cu12.md","nvidia-nvjitlink-cu12.md",".md","2119","aiwf_atlas","source_content","","","2026-05-21T07:12:12.0000000Z"
"AIWF_Atlas_VOL1_machine_facing_v3_3_api_cli_guide/03_SOURCE_CONTENT/A_CANONICAL_SOURCE_PACKS/AIWF_Pip_Package_RAG_Starter_v1_9/AIWF_Pip_Package_RAG_Starter_v1_9/packages/nvidia-nvjpeg-cu12.md","nvidia-nvjpeg-cu12.md",".md","2102","aiwf_atlas","source_content","","","2026-05-21T07:12:12.0000000Z"
"AIWF_Atlas_VOL1_machine_facing_v3_3_api_cli_guide/03_SOURCE_CONTENT/A_CANONICAL_SOURCE_PACKS/AIWF_Pip_Package_RAG_Starter_v1_9/AIWF_Pip_Package_RAG_Starter_v1_9/packages/nvidia-nvml-dev-cu12.md","nvidia-nvml-dev-cu12.md",".md","2126","aiwf_atlas","source_content","","","2026-05-21T07:12:12.0000000Z"
"AIWF_Atlas_VOL1_machine_facing_v3_3_api_cli_guide/03_SOURCE_CONTENT/A_CANONICAL_SOURCE_PACKS/AIWF_Pip_Package_RAG_Starter_v1_9/AIWF_Pip_Package_RAG_Starter_v1_9/packages/nvidia-nvtx-cu12.md","nvidia-nvtx-cu12.md",".md","2045","aiwf_atlas","source_content","","","2026-05-21T07:12:12.0000000Z"
"AIWF_Atlas_VOL1_machine_facing_v3_3_api_cli_guide/03_SOURCE_CONTENT/A_CANONICAL_SOURCE_PACKS/AIWF_Pip_Package_RAG_Starter_v1_9/AIWF_Pip_Package_RAG_Starter_v1_9/packages/nvidia-pyindex.md","nvidia-pyindex.md",".md","2140","aiwf_atlas","source_content","","","2026-05-21T07:12:12.0000000Z"
"AIWF_Atlas_VOL1_machine_facing_v3_3_api_cli_guide/03_SOURCE_CONTENT/A_CANONICAL_SOURCE_PACKS/AIWF_Pip_Package_RAG_Starter_v1_9/AIWF_Pip_Package_RAG_Starter_v1_9/packages/ollama.md","ollama.md",".md","1774","aiwf_atlas","source_content","","","2026-05-21T07:12:12.0000000Z"
"AIWF_Atlas_VOL1_machine_facing_v3_3_api_cli_guide/03_SOURCE_CONTENT/A_CANONICAL_SOURCE_PACKS/AIWF_Pip_Package_RAG_Starter_v1_9/AIWF_Pip_Package_RAG_Starter_v1_9/packages/omegaconf.md","omegaconf.md",".md","1161","aiwf_atlas","source_content","","","2026-05-21T07:12:12.0000000Z"
"AIWF_Atlas_VOL1_machine_facing_v3_3_api_cli_guide/03_SOURCE_CONTENT/A_CANONICAL_SOURCE_PACKS/AIWF_Pip_Package_RAG_Starter_v1_9/AIWF_Pip_Package_RAG_Starter_v1_9/packages/onnx.md","onnx.md",".md","1372","aiwf_atlas","source_content","","","2026-05-21T07:12:12.0000000Z"
"AIWF_Atlas_VOL1_machine_facing_v3_3_api_cli_guide/03_SOURCE_CONTENT/A_CANONICAL_SOURCE_PACKS/AIWF_Pip_Package_RAG_Starter_v1_9/AIWF_Pip_Package_RAG_Starter_v1_9/packages/onnx-graphsurgeon.md","onnx-graphsurgeon.md",".md","2676","aiwf_atlas","source_content","","","2026-05-21T07:12:12.0000000Z"
"AIWF_Atlas_VOL1_machine_facing_v3_3_api_cli_guide/03_SOURCE_CONTENT/A_CANONICAL_SOURCE_PACKS/AIWF_Pip_Package_RAG_Starter_v1_9/AIWF_Pip_Package_RAG_Starter_v1_9/packages/onnxruntime.md","onnxruntime.md",".md","1515","aiwf_atlas","source_content","","","2026-05-21T07:12:12.0000000Z"
"AIWF_Atlas_VOL1_machine_facing_v3_3_api_cli_guide/03_SOURCE_CONTENT/A_CANONICAL_SOURCE_PACKS/AIWF_Pip_Package_RAG_Starter_v1_9/AIWF_Pip_Package_RAG_Starter_v1_9/packages/onnxruntime-directml.md","onnxruntime-directml.md",".md","1405","aiwf_atlas","source_content","","","2026-05-21T07:12:12.0000000Z"
"AIWF_Atlas_VOL1_machine_facing_v3_3_api_cli_guide/03_SOURCE_CONTENT/A_CANONICAL_SOURCE_PACKS/AIWF_Pip_Package_RAG_Starter_v1_9/AIWF_Pip_Package_RAG_Starter_v1_9/packages/onnxruntime-gpu.md","onnxruntime-gpu.md",".md","1594","aiwf_atlas","source_content","","","2026-05-21T07:12:12.0000000Z"
"AIWF_Atlas_VOL1_machine_facing_v3_3_api_cli_guide/03_SOURCE_CONTENT/A_CANONICAL_SOURCE_PACKS/AIWF_Pip_Package_RAG_Starter_v1_9/AIWF_Pip_Package_RAG_Starter_v1_9/packages/onnxslim.md","onnxslim.md",".md","2567","aiwf_atlas","source_content","","","2026-05-21T07:12:12.0000000Z"
"AIWF_Atlas_VOL1_machine_facing_v3_3_api_cli_guide/03_SOURCE_CONTENT/A_CANONICAL_SOURCE_PACKS/AIWF_Pip_Package_RAG_Starter_v1_9/AIWF_Pip_Package_RAG_Starter_v1_9/packages/openai.md","openai.md",".md","1216","aiwf_atlas","source_content","","","2026-05-21T07:12:12.0000000Z"
"AIWF_Atlas_VOL1_machine_facing_v3_3_api_cli_guide/03_SOURCE_CONTENT/A_CANONICAL_SOURCE_PACKS/AIWF_Pip_Package_RAG_Starter_v1_9/AIWF_Pip_Package_RAG_Starter_v1_9/packages/open-clip-torch.md","open-clip-torch.md",".md","1512","aiwf_atlas","source_content","","","2026-05-21T07:12:12.0000000Z"
"AIWF_Atlas_VOL1_machine_facing_v3_3_api_cli_guide/03_SOURCE_CONTENT/A_CANONICAL_SOURCE_PACKS/AIWF_Pip_Package_RAG_Starter_v1_9/AIWF_Pip_Package_RAG_Starter_v1_9/packages/opencv-python.md","opencv-python.md",".md","1541","aiwf_atlas","source_content","","","2026-05-21T07:12:12.0000000Z"
"AIWF_Atlas_VOL1_machine_facing_v3_3_api_cli_guide/03_SOURCE_CONTENT/A_CANONICAL_SOURCE_PACKS/AIWF_Pip_Package_RAG_Starter_v1_9/AIWF_Pip_Package_RAG_Starter_v1_9/packages/opencv-python-headless.md","opencv-python-headless.md",".md","1413","aiwf_atlas","source_content","","","2026-05-21T07:12:12.0000000Z"
"AIWF_Atlas_VOL1_machine_facing_v3_3_api_cli_guide/03_SOURCE_CONTENT/A_CANONICAL_SOURCE_PACKS/AIWF_Pip_Package_RAG_Starter_v1_9/AIWF_Pip_Package_RAG_Starter_v1_9/packages/open-webui.md","open-webui.md",".md","1170","aiwf_atlas","source_content","","","2026-05-21T07:12:12.0000000Z"
"AIWF_Atlas_VOL1_machine_facing_v3_3_api_cli_guide/03_SOURCE_CONTENT/A_CANONICAL_SOURCE_PACKS/AIWF_Pip_Package_RAG_Starter_v1_9/AIWF_Pip_Package_RAG_Starter_v1_9/packages/orjson.md","orjson.md",".md","1500","aiwf_atlas","source_content","","","2026-05-21T07:12:12.0000000Z"
"AIWF_Atlas_VOL1_machine_facing_v3_3_api_cli_guide/03_SOURCE_CONTENT/A_CANONICAL_SOURCE_PACKS/AIWF_Pip_Package_RAG_Starter_v1_9/AIWF_Pip_Package_RAG_Starter_v1_9/packages/outlines.md","outlines.md",".md","2552","aiwf_atlas","source_content","","","2026-05-21T07:12:12.0000000Z"
"AIWF_Atlas_VOL1_machine_facing_v3_3_api_cli_guide/03_SOURCE_CONTENT/A_CANONICAL_SOURCE_PACKS/AIWF_Pip_Package_RAG_Starter_v1_9/AIWF_Pip_Package_RAG_Starter_v1_9/packages/packaging.md","packaging.md",".md","1209","aiwf_atlas","source_content","","","2026-05-21T07:12:12.0000000Z"
"AIWF_Atlas_VOL1_machine_facing_v3_3_api_cli_guide/03_SOURCE_CONTENT/A_CANONICAL_SOURCE_PACKS/AIWF_Pip_Package_RAG_Starter_v1_9/AIWF_Pip_Package_RAG_Starter_v1_9/packages/pandas.md","pandas.md",".md","1161","aiwf_atlas","source_content","","","2026-05-21T07:12:12.0000000Z"
"AIWF_Atlas_VOL1_machine_facing_v3_3_api_cli_guide/03_SOURCE_CONTENT/A_CANONICAL_SOURCE_PACKS/AIWF_Pip_Package_RAG_Starter_v1_9/AIWF_Pip_Package_RAG_Starter_v1_9/packages/peft.md","peft.md",".md","1516","aiwf_atlas","source_content","","","2026-05-21T07:12:12.0000000Z"
"AIWF_Atlas_VOL1_machine_facing_v3_3_api_cli_guide/03_SOURCE_CONTENT/A_CANONICAL_SOURCE_PACKS/AIWF_Pip_Package_RAG_Starter_v1_9/AIWF_Pip_Package_RAG_Starter_v1_9/packages/pillow.md","pillow.md",".md","1492","aiwf_atlas","source_content","","","2026-05-21T07:12:12.0000000Z"
"AIWF_Atlas_VOL1_machine_facing_v3_3_api_cli_guide/03_SOURCE_CONTENT/A_CANONICAL_SOURCE_PACKS/AIWF_Pip_Package_RAG_Starter_v1_9/AIWF_Pip_Package_RAG_Starter_v1_9/packages/pipdeptree.md","pipdeptree.md",".md","1936","aiwf_atlas","source_content","","","2026-05-21T07:12:12.0000000Z"
"AIWF_Atlas_VOL1_machine_facing_v3_3_api_cli_guide/03_SOURCE_CONTENT/A_CANONICAL_SOURCE_PACKS/AIWF_Pip_Package_RAG_Starter_v1_9/AIWF_Pip_Package_RAG_Starter_v1_9/packages/pip-tools.md","pip-tools.md",".md","1949","aiwf_atlas","source_content","","","2026-05-21T07:12:12.0000000Z"
"AIWF_Atlas_VOL1_machine_facing_v3_3_api_cli_guide/03_SOURCE_CONTENT/A_CANONICAL_SOURCE_PACKS/AIWF_Pip_Package_RAG_Starter_v1_9/AIWF_Pip_Package_RAG_Starter_v1_9/packages/polygraphy.md","polygraphy.md",".md","2690","aiwf_atlas","source_content","","","2026-05-21T07:12:12.0000000Z"
"AIWF_Atlas_VOL1_machine_facing_v3_3_api_cli_guide/03_SOURCE_CONTENT/A_CANONICAL_SOURCE_PACKS/AIWF_Pip_Package_RAG_Starter_v1_9/AIWF_Pip_Package_RAG_Starter_v1_9/packages/prometheus-client.md","prometheus-client.md",".md","2550","aiwf_atlas","source_content","","","2026-05-21T07:12:12.0000000Z"
"AIWF_Atlas_VOL1_machine_facing_v3_3_api_cli_guide/03_SOURCE_CONTENT/A_CANONICAL_SOURCE_PACKS/AIWF_Pip_Package_RAG_Starter_v1_9/AIWF_Pip_Package_RAG_Starter_v1_9/packages/protobuf.md","protobuf.md",".md","1288","aiwf_atlas","source_content","","","2026-05-21T07:12:12.0000000Z"
"AIWF_Atlas_VOL1_machine_facing_v3_3_api_cli_guide/03_SOURCE_CONTENT/A_CANONICAL_SOURCE_PACKS/AIWF_Pip_Package_RAG_Starter_v1_9/AIWF_Pip_Package_RAG_Starter_v1_9/packages/psutil.md","psutil.md",".md","1519","aiwf_atlas","source_content","","","2026-05-21T07:12:12.0000000Z"
"AIWF_Atlas_VOL1_machine_facing_v3_3_api_cli_guide/03_SOURCE_CONTENT/A_CANONICAL_SOURCE_PACKS/AIWF_Pip_Package_RAG_Starter_v1_9/AIWF_Pip_Package_RAG_Starter_v1_9/packages/pybind11.md","pybind11.md",".md","1382","aiwf_atlas","source_content","","","2026-05-21T07:12:12.0000000Z"
"AIWF_Atlas_VOL1_machine_facing_v3_3_api_cli_guide/03_SOURCE_CONTENT/A_CANONICAL_SOURCE_PACKS/AIWF_Pip_Package_RAG_Starter_v1_9/AIWF_Pip_Package_RAG_Starter_v1_9/packages/pycocotools.md","pycocotools.md",".md","1510","aiwf_atlas","source_content","","","2026-05-21T07:12:12.0000000Z"
"AIWF_Atlas_VOL1_machine_facing_v3_3_api_cli_guide/03_SOURCE_CONTENT/A_CANONICAL_SOURCE_PACKS/AIWF_Pip_Package_RAG_Starter_v1_9/AIWF_Pip_Package_RAG_Starter_v1_9/packages/pydantic.md","pydantic.md",".md","1192","aiwf_atlas","source_content","","","2026-05-21T07:12:12.0000000Z"
"AIWF_Atlas_VOL1_machine_facing_v3_3_api_cli_guide/03_SOURCE_CONTENT/A_CANONICAL_SOURCE_PACKS/AIWF_Pip_Package_RAG_Starter_v1_9/AIWF_Pip_Package_RAG_Starter_v1_9/packages/pydantic-settings.md","pydantic-settings.md",".md","1360","aiwf_atlas","source_content","","","2026-05-21T07:12:12.0000000Z"
"AIWF_Atlas_VOL1_machine_facing_v3_3_api_cli_guide/03_SOURCE_CONTENT/A_CANONICAL_SOURCE_PACKS/AIWF_Pip_Package_RAG_Starter_v1_9/AIWF_Pip_Package_RAG_Starter_v1_9/packages/pyinstaller.md","pyinstaller.md",".md","1428","aiwf_atlas","source_content","","","2026-05-21T07:12:12.0000000Z"
"AIWF_Atlas_VOL1_machine_facing_v3_3_api_cli_guide/03_SOURCE_CONTENT/A_CANONICAL_SOURCE_PACKS/AIWF_Pip_Package_RAG_Starter_v1_9/AIWF_Pip_Package_RAG_Starter_v1_9/packages/pyopengl.md","pyopengl.md",".md","1248","aiwf_atlas","source_content","","","2026-05-21T07:12:12.0000000Z"
"AIWF_Atlas_VOL1_machine_facing_v3_3_api_cli_guide/03_SOURCE_CONTENT/A_CANONICAL_SOURCE_PACKS/AIWF_Pip_Package_RAG_Starter_v1_9/AIWF_Pip_Package_RAG_Starter_v1_9/packages/pyproject-hooks.md","pyproject-hooks.md",".md","2000","aiwf_atlas","source_content","","","2026-05-21T07:12:12.0000000Z"
"AIWF_Atlas_VOL1_machine_facing_v3_3_api_cli_guide/03_SOURCE_CONTENT/A_CANONICAL_SOURCE_PACKS/AIWF_Pip_Package_RAG_Starter_v1_9/AIWF_Pip_Package_RAG_Starter_v1_9/packages/pytesseract.md","pytesseract.md",".md","1361","aiwf_atlas","source_content","","","2026-05-21T07:12:12.0000000Z"
"AIWF_Atlas_VOL1_machine_facing_v3_3_api_cli_guide/03_SOURCE_CONTENT/A_CANONICAL_SOURCE_PACKS/AIWF_Pip_Package_RAG_Starter_v1_9/AIWF_Pip_Package_RAG_Starter_v1_9/packages/pytest.md","pytest.md",".md","1440","aiwf_atlas","source_content","","","2026-05-21T07:12:12.0000000Z"
"AIWF_Atlas_VOL1_machine_facing_v3_3_api_cli_guide/03_SOURCE_CONTENT/A_CANONICAL_SOURCE_PACKS/AIWF_Pip_Package_RAG_Starter_v1_9/AIWF_Pip_Package_RAG_Starter_v1_9/packages/pytriton.md","pytriton.md",".md","2472","aiwf_atlas","source_content","","","2026-05-21T07:12:12.0000000Z"
"AIWF_Atlas_VOL1_machine_facing_v3_3_api_cli_guide/03_SOURCE_CONTENT/A_CANONICAL_SOURCE_PACKS/AIWF_Pip_Package_RAG_Starter_v1_9/AIWF_Pip_Package_RAG_Starter_v1_9/packages/pyyaml.md","pyyaml.md",".md","1124","aiwf_atlas","source_content","","","2026-05-21T07:12:12.0000000Z"
"AIWF_Atlas_VOL1_machine_facing_v3_3_api_cli_guide/03_SOURCE_CONTENT/A_CANONICAL_SOURCE_PACKS/AIWF_Pip_Package_RAG_Starter_v1_9/AIWF_Pip_Package_RAG_Starter_v1_9/packages/ray.md","ray.md",".md","2420","aiwf_atlas","source_content","","","2026-05-21T07:12:12.0000000Z"
"AIWF_Atlas_VOL1_machine_facing_v3_3_api_cli_guide/03_SOURCE_CONTENT/A_CANONICAL_SOURCE_PACKS/AIWF_Pip_Package_RAG_Starter_v1_9/AIWF_Pip_Package_RAG_Starter_v1_9/packages/README.md","README.md",".md","461","aiwf_atlas","source_content","","","2026-05-21T07:12:12.0000000Z"
"AIWF_Atlas_VOL1_machine_facing_v3_3_api_cli_guide/03_SOURCE_CONTENT/A_CANONICAL_SOURCE_PACKS/AIWF_Pip_Package_RAG_Starter_v1_9/AIWF_Pip_Package_RAG_Starter_v1_9/packages/realesrgan.md","realesrgan.md",".md","1389","aiwf_atlas","source_content","","","2026-05-21T07:12:12.0000000Z"
"AIWF_Atlas_VOL1_machine_facing_v3_3_api_cli_guide/03_SOURCE_CONTENT/A_CANONICAL_SOURCE_PACKS/AIWF_Pip_Package_RAG_Starter_v1_9/AIWF_Pip_Package_RAG_Starter_v1_9/packages/regex.md","regex.md",".md","1039","aiwf_atlas","source_content","","","2026-05-21T07:12:12.0000000Z"
"AIWF_Atlas_VOL1_machine_facing_v3_3_api_cli_guide/03_SOURCE_CONTENT/A_CANONICAL_SOURCE_PACKS/AIWF_Pip_Package_RAG_Starter_v1_9/AIWF_Pip_Package_RAG_Starter_v1_9/packages/rembg.md","rembg.md",".md","1142","aiwf_atlas","source_content","","","2026-05-21T07:12:12.0000000Z"
"AIWF_Atlas_VOL1_machine_facing_v3_3_api_cli_guide/03_SOURCE_CONTENT/A_CANONICAL_SOURCE_PACKS/AIWF_Pip_Package_RAG_Starter_v1_9/AIWF_Pip_Package_RAG_Starter_v1_9/packages/requests.md","requests.md",".md","1112","aiwf_atlas","source_content","","","2026-05-21T07:12:12.0000000Z"
"AIWF_Atlas_VOL1_machine_facing_v3_3_api_cli_guide/03_SOURCE_CONTENT/A_CANONICAL_SOURCE_PACKS/AIWF_Pip_Package_RAG_Starter_v1_9/AIWF_Pip_Package_RAG_Starter_v1_9/packages/rich.md","rich.md",".md","1234","aiwf_atlas","source_content","","","2026-05-21T07:12:12.0000000Z"
"AIWF_Atlas_VOL1_machine_facing_v3_3_api_cli_guide/03_SOURCE_CONTENT/A_CANONICAL_SOURCE_PACKS/AIWF_Pip_Package_RAG_Starter_v1_9/AIWF_Pip_Package_RAG_Starter_v1_9/packages/ruff.md","ruff.md",".md","1409","aiwf_atlas","source_content","","","2026-05-21T07:12:12.0000000Z"
"AIWF_Atlas_VOL1_machine_facing_v3_3_api_cli_guide/03_SOURCE_CONTENT/A_CANONICAL_SOURCE_PACKS/AIWF_Pip_Package_RAG_Starter_v1_9/AIWF_Pip_Package_RAG_Starter_v1_9/packages/safetensors.md","safetensors.md",".md","1806","aiwf_atlas","source_content","","","2026-05-21T07:12:12.0000000Z"
"AIWF_Atlas_VOL1_machine_facing_v3_3_api_cli_guide/03_SOURCE_CONTENT/A_CANONICAL_SOURCE_PACKS/AIWF_Pip_Package_RAG_Starter_v1_9/AIWF_Pip_Package_RAG_Starter_v1_9/packages/sam2.md","sam2.md",".md","1959","aiwf_atlas","source_content","","","2026-05-21T07:12:12.0000000Z"
"AIWF_Atlas_VOL1_machine_facing_v3_3_api_cli_guide/03_SOURCE_CONTENT/A_CANONICAL_SOURCE_PACKS/AIWF_Pip_Package_RAG_Starter_v1_9/AIWF_Pip_Package_RAG_Starter_v1_9/packages/scikit-build-core.md","scikit-build-core.md",".md","1944","aiwf_atlas","source_content","","","2026-05-21T07:12:12.0000000Z"
"AIWF_Atlas_VOL1_machine_facing_v3_3_api_cli_guide/03_SOURCE_CONTENT/A_CANONICAL_SOURCE_PACKS/AIWF_Pip_Package_RAG_Starter_v1_9/AIWF_Pip_Package_RAG_Starter_v1_9/packages/scikit-image.md","scikit-image.md",".md","1582","aiwf_atlas","source_content","","","2026-05-21T07:12:12.0000000Z"
"AIWF_Atlas_VOL1_machine_facing_v3_3_api_cli_guide/03_SOURCE_CONTENT/A_CANONICAL_SOURCE_PACKS/AIWF_Pip_Package_RAG_Starter_v1_9/AIWF_Pip_Package_RAG_Starter_v1_9/packages/scipy.md","scipy.md",".md","1086","aiwf_atlas","source_content","","","2026-05-21T07:12:12.0000000Z"
"AIWF_Atlas_VOL1_machine_facing_v3_3_api_cli_guide/03_SOURCE_CONTENT/A_CANONICAL_SOURCE_PACKS/AIWF_Pip_Package_RAG_Starter_v1_9/AIWF_Pip_Package_RAG_Starter_v1_9/packages/segment-anything.md","segment-anything.md",".md","1572","aiwf_atlas","source_content","","","2026-05-21T07:12:12.0000000Z"
"AIWF_Atlas_VOL1_machine_facing_v3_3_api_cli_guide/03_SOURCE_CONTENT/A_CANONICAL_SOURCE_PACKS/AIWF_Pip_Package_RAG_Starter_v1_9/AIWF_Pip_Package_RAG_Starter_v1_9/packages/sentencepiece.md","sentencepiece.md",".md","1149","aiwf_atlas","source_content","","","2026-05-21T07:12:12.0000000Z"
"AIWF_Atlas_VOL1_machine_facing_v3_3_api_cli_guide/03_SOURCE_CONTENT/A_CANONICAL_SOURCE_PACKS/AIWF_Pip_Package_RAG_Starter_v1_9/AIWF_Pip_Package_RAG_Starter_v1_9/packages/sentence-transformers.md","sentence-transformers.md",".md","1486","aiwf_atlas","source_content","","","2026-05-21T07:12:12.0000000Z"
"AIWF_Atlas_VOL1_machine_facing_v3_3_api_cli_guide/03_SOURCE_CONTENT/A_CANONICAL_SOURCE_PACKS/AIWF_Pip_Package_RAG_Starter_v1_9/AIWF_Pip_Package_RAG_Starter_v1_9/packages/setuptools.md","setuptools.md",".md","1289","aiwf_atlas","source_content","","","2026-05-21T07:12:12.0000000Z"
"AIWF_Atlas_VOL1_machine_facing_v3_3_api_cli_guide/03_SOURCE_CONTENT/A_CANONICAL_SOURCE_PACKS/AIWF_Pip_Package_RAG_Starter_v1_9/AIWF_Pip_Package_RAG_Starter_v1_9/packages/setuptools-scm.md","setuptools-scm.md",".md","2033","aiwf_atlas","source_content","","","2026-05-21T07:12:12.0000000Z"
"AIWF_Atlas_VOL1_machine_facing_v3_3_api_cli_guide/03_SOURCE_CONTENT/A_CANONICAL_SOURCE_PACKS/AIWF_Pip_Package_RAG_Starter_v1_9/AIWF_Pip_Package_RAG_Starter_v1_9/packages/sgl_kernel.md","sgl_kernel.md",".md","2454","aiwf_atlas","source_content","","","2026-05-21T07:12:12.0000000Z"
"AIWF_Atlas_VOL1_machine_facing_v3_3_api_cli_guide/03_SOURCE_CONTENT/A_CANONICAL_SOURCE_PACKS/AIWF_Pip_Package_RAG_Starter_v1_9/AIWF_Pip_Package_RAG_Starter_v1_9/packages/sglang.md","sglang.md",".md","2395","aiwf_atlas","source_content","","","2026-05-21T07:12:12.0000000Z"
"AIWF_Atlas_VOL1_machine_facing_v3_3_api_cli_guide/03_SOURCE_CONTENT/A_CANONICAL_SOURCE_PACKS/AIWF_Pip_Package_RAG_Starter_v1_9/AIWF_Pip_Package_RAG_Starter_v1_9/packages/simpleeval.md","simpleeval.md",".md","1250","aiwf_atlas","source_content","","","2026-05-21T07:12:12.0000000Z"
"AIWF_Atlas_VOL1_machine_facing_v3_3_api_cli_guide/03_SOURCE_CONTENT/A_CANONICAL_SOURCE_PACKS/AIWF_Pip_Package_RAG_Starter_v1_9/AIWF_Pip_Package_RAG_Starter_v1_9/packages/soundfile.md","soundfile.md",".md","1262","aiwf_atlas","source_content","","","2026-05-21T07:12:12.0000000Z"
"AIWF_Atlas_VOL1_machine_facing_v3_3_api_cli_guide/03_SOURCE_CONTENT/A_CANONICAL_SOURCE_PACKS/AIWF_Pip_Package_RAG_Starter_v1_9/AIWF_Pip_Package_RAG_Starter_v1_9/packages/spacy.md","spacy.md",".md","1227","aiwf_atlas","source_content","","","2026-05-21T07:12:12.0000000Z"
"AIWF_Atlas_VOL1_machine_facing_v3_3_api_cli_guide/03_SOURCE_CONTENT/A_CANONICAL_SOURCE_PACKS/AIWF_Pip_Package_RAG_Starter_v1_9/AIWF_Pip_Package_RAG_Starter_v1_9/packages/spandrel.md","spandrel.md",".md","1393","aiwf_atlas","source_content","","","2026-05-21T07:12:12.0000000Z"
"AIWF_Atlas_VOL1_machine_facing_v3_3_api_cli_guide/03_SOURCE_CONTENT/A_CANONICAL_SOURCE_PACKS/AIWF_Pip_Package_RAG_Starter_v1_9/AIWF_Pip_Package_RAG_Starter_v1_9/packages/sqlalchemy.md","sqlalchemy.md",".md","1307","aiwf_atlas","source_content","","","2026-05-21T07:12:12.0000000Z"
"AIWF_Atlas_VOL1_machine_facing_v3_3_api_cli_guide/03_SOURCE_CONTENT/A_CANONICAL_SOURCE_PACKS/AIWF_Pip_Package_RAG_Starter_v1_9/AIWF_Pip_Package_RAG_Starter_v1_9/packages/sse_starlette.md","sse_starlette.md",".md","2467","aiwf_atlas","source_content","","","2026-05-21T07:12:12.0000000Z"
"AIWF_Atlas_VOL1_machine_facing_v3_3_api_cli_guide/03_SOURCE_CONTENT/A_CANONICAL_SOURCE_PACKS/AIWF_Pip_Package_RAG_Starter_v1_9/AIWF_Pip_Package_RAG_Starter_v1_9/packages/starlette.md","starlette.md",".md","1141","aiwf_atlas","source_content","","","2026-05-21T07:12:12.0000000Z"
"AIWF_Atlas_VOL1_machine_facing_v3_3_api_cli_guide/03_SOURCE_CONTENT/A_CANONICAL_SOURCE_PACKS/AIWF_Pip_Package_RAG_Starter_v1_9/AIWF_Pip_Package_RAG_Starter_v1_9/packages/supervision.md","supervision.md",".md","1526","aiwf_atlas","source_content","","","2026-05-21T07:12:12.0000000Z"
"AIWF_Atlas_VOL1_machine_facing_v3_3_api_cli_guide/03_SOURCE_CONTENT/A_CANONICAL_SOURCE_PACKS/AIWF_Pip_Package_RAG_Starter_v1_9/AIWF_Pip_Package_RAG_Starter_v1_9/packages/tabbyapi.md","tabbyapi.md",".md","901","aiwf_atlas","source_content","","","2026-05-21T07:12:12.0000000Z"
"AIWF_Atlas_VOL1_machine_facing_v3_3_api_cli_guide/03_SOURCE_CONTENT/A_CANONICAL_SOURCE_PACKS/AIWF_Pip_Package_RAG_Starter_v1_9/AIWF_Pip_Package_RAG_Starter_v1_9/packages/tensorboard.md","tensorboard.md",".md","1574","aiwf_atlas","source_content","","","2026-05-21T07:12:12.0000000Z"
"AIWF_Atlas_VOL1_machine_facing_v3_3_api_cli_guide/03_SOURCE_CONTENT/A_CANONICAL_SOURCE_PACKS/AIWF_Pip_Package_RAG_Starter_v1_9/AIWF_Pip_Package_RAG_Starter_v1_9/packages/tensorrt.md","tensorrt.md",".md","2805","aiwf_atlas","source_content","","","2026-05-21T07:12:12.0000000Z"
"AIWF_Atlas_VOL1_machine_facing_v3_3_api_cli_guide/03_SOURCE_CONTENT/A_CANONICAL_SOURCE_PACKS/AIWF_Pip_Package_RAG_Starter_v1_9/AIWF_Pip_Package_RAG_Starter_v1_9/packages/tensorrt-cu11.md","tensorrt-cu11.md",".md","2846","aiwf_atlas","source_content","","","2026-05-21T07:12:12.0000000Z"
"AIWF_Atlas_VOL1_machine_facing_v3_3_api_cli_guide/03_SOURCE_CONTENT/A_CANONICAL_SOURCE_PACKS/AIWF_Pip_Package_RAG_Starter_v1_9/AIWF_Pip_Package_RAG_Starter_v1_9/packages/tensorrt-cu12.md","tensorrt-cu12.md",".md","2868","aiwf_atlas","source_content","","","2026-05-21T07:12:12.0000000Z"
"AIWF_Atlas_VOL1_machine_facing_v3_3_api_cli_guide/03_SOURCE_CONTENT/A_CANONICAL_SOURCE_PACKS/AIWF_Pip_Package_RAG_Starter_v1_9/AIWF_Pip_Package_RAG_Starter_v1_9/packages/tensorrt-cu12-bindings.md","tensorrt-cu12-bindings.md",".md","2568","aiwf_atlas","source_content","","","2026-05-21T07:12:12.0000000Z"
"AIWF_Atlas_VOL1_machine_facing_v3_3_api_cli_guide/03_SOURCE_CONTENT/A_CANONICAL_SOURCE_PACKS/AIWF_Pip_Package_RAG_Starter_v1_9/AIWF_Pip_Package_RAG_Starter_v1_9/packages/tensorrt-cu12-libs.md","tensorrt-cu12-libs.md",".md","2584","aiwf_atlas","source_content","","","2026-05-21T07:12:12.0000000Z"
"AIWF_Atlas_VOL1_machine_facing_v3_3_api_cli_guide/03_SOURCE_CONTENT/A_CANONICAL_SOURCE_PACKS/AIWF_Pip_Package_RAG_Starter_v1_9/AIWF_Pip_Package_RAG_Starter_v1_9/packages/tensorrt-cu13.md","tensorrt-cu13.md",".md","2896","aiwf_atlas","source_content","","","2026-05-21T07:12:12.0000000Z"
"AIWF_Atlas_VOL1_machine_facing_v3_3_api_cli_guide/03_SOURCE_CONTENT/A_CANONICAL_SOURCE_PACKS/AIWF_Pip_Package_RAG_Starter_v1_9/AIWF_Pip_Package_RAG_Starter_v1_9/packages/tensorrt-cu13-bindings.md","tensorrt-cu13-bindings.md",".md","2599","aiwf_atlas","source_content","","","2026-05-21T07:12:12.0000000Z"
"AIWF_Atlas_VOL1_machine_facing_v3_3_api_cli_guide/03_SOURCE_CONTENT/A_CANONICAL_SOURCE_PACKS/AIWF_Pip_Package_RAG_Starter_v1_9/AIWF_Pip_Package_RAG_Starter_v1_9/packages/tensorrt-cu13-libs.md","tensorrt-cu13-libs.md",".md","2593","aiwf_atlas","source_content","","","2026-05-21T07:12:12.0000000Z"
"AIWF_Atlas_VOL1_machine_facing_v3_3_api_cli_guide/03_SOURCE_CONTENT/A_CANONICAL_SOURCE_PACKS/AIWF_Pip_Package_RAG_Starter_v1_9/AIWF_Pip_Package_RAG_Starter_v1_9/packages/tensorrt-lean.md","tensorrt-lean.md",".md","2579","aiwf_atlas","source_content","","","2026-05-21T07:12:12.0000000Z"
"AIWF_Atlas_VOL1_machine_facing_v3_3_api_cli_guide/03_SOURCE_CONTENT/A_CANONICAL_SOURCE_PACKS/AIWF_Pip_Package_RAG_Starter_v1_9/AIWF_Pip_Package_RAG_Starter_v1_9/packages/tensorrt-lean-cu12.md","tensorrt-lean-cu12.md",".md","2498","aiwf_atlas","source_content","","","2026-05-21T07:12:12.0000000Z"
"AIWF_Atlas_VOL1_machine_facing_v3_3_api_cli_guide/03_SOURCE_CONTENT/A_CANONICAL_SOURCE_PACKS/AIWF_Pip_Package_RAG_Starter_v1_9/AIWF_Pip_Package_RAG_Starter_v1_9/packages/tensorrt-lean-cu13.md","tensorrt-lean-cu13.md",".md","2499","aiwf_atlas","source_content","","","2026-05-21T07:12:12.0000000Z"
"AIWF_Atlas_VOL1_machine_facing_v3_3_api_cli_guide/03_SOURCE_CONTENT/A_CANONICAL_SOURCE_PACKS/AIWF_Pip_Package_RAG_Starter_v1_9/AIWF_Pip_Package_RAG_Starter_v1_9/packages/tensorrt-libs.md","tensorrt-libs.md",".md","2665","aiwf_atlas","source_content","","","2026-05-21T07:12:12.0000000Z"
"AIWF_Atlas_VOL1_machine_facing_v3_3_api_cli_guide/03_SOURCE_CONTENT/A_CANONICAL_SOURCE_PACKS/AIWF_Pip_Package_RAG_Starter_v1_9/AIWF_Pip_Package_RAG_Starter_v1_9/packages/tensorrt-llm.md","tensorrt-llm.md",".md","2726","aiwf_atlas","source_content","","","2026-05-21T07:12:12.0000000Z"
"AIWF_Atlas_VOL1_machine_facing_v3_3_api_cli_guide/03_SOURCE_CONTENT/A_CANONICAL_SOURCE_PACKS/AIWF_Pip_Package_RAG_Starter_v1_9/AIWF_Pip_Package_RAG_Starter_v1_9/packages/tensorrt-rtx.md","tensorrt-rtx.md",".md","2674","aiwf_atlas","source_content","","","2026-05-21T07:12:12.0000000Z"
"AIWF_Atlas_VOL1_machine_facing_v3_3_api_cli_guide/03_SOURCE_CONTENT/A_CANONICAL_SOURCE_PACKS/AIWF_Pip_Package_RAG_Starter_v1_9/AIWF_Pip_Package_RAG_Starter_v1_9/packages/tensorrt-rtx-cu12.md","tensorrt-rtx-cu12.md",".md","2599","aiwf_atlas","source_content","","","2026-05-21T07:12:12.0000000Z"
"AIWF_Atlas_VOL1_machine_facing_v3_3_api_cli_guide/03_SOURCE_CONTENT/A_CANONICAL_SOURCE_PACKS/AIWF_Pip_Package_RAG_Starter_v1_9/AIWF_Pip_Package_RAG_Starter_v1_9/packages/tensorrt-rtx-cu12-bindings.md","tensorrt-rtx-cu12-bindings.md",".md","2627","aiwf_atlas","source_content","","","2026-05-21T07:12:12.0000000Z"
"AIWF_Atlas_VOL1_machine_facing_v3_3_api_cli_guide/03_SOURCE_CONTENT/A_CANONICAL_SOURCE_PACKS/AIWF_Pip_Package_RAG_Starter_v1_9/AIWF_Pip_Package_RAG_Starter_v1_9/packages/tensorrt-rtx-cu12-libs.md","tensorrt-rtx-cu12-libs.md",".md","2610","aiwf_atlas","source_content","","","2026-05-21T07:12:12.0000000Z"
"AIWF_Atlas_VOL1_machine_facing_v3_3_api_cli_guide/03_SOURCE_CONTENT/A_CANONICAL_SOURCE_PACKS/AIWF_Pip_Package_RAG_Starter_v1_9/AIWF_Pip_Package_RAG_Starter_v1_9/packages/tensorrt-rtx-cu13.md","tensorrt-rtx-cu13.md",".md","2609","aiwf_atlas","source_content","","","2026-05-21T07:12:12.0000000Z"
"AIWF_Atlas_VOL1_machine_facing_v3_3_api_cli_guide/03_SOURCE_CONTENT/A_CANONICAL_SOURCE_PACKS/AIWF_Pip_Package_RAG_Starter_v1_9/AIWF_Pip_Package_RAG_Starter_v1_9/packages/tensorrt-rtx-cu13-bindings.md","tensorrt-rtx-cu13-bindings.md",".md","2625","aiwf_atlas","source_content","","","2026-05-21T07:12:12.0000000Z"
"AIWF_Atlas_VOL1_machine_facing_v3_3_api_cli_guide/03_SOURCE_CONTENT/A_CANONICAL_SOURCE_PACKS/AIWF_Pip_Package_RAG_Starter_v1_9/AIWF_Pip_Package_RAG_Starter_v1_9/packages/tensorrt-rtx-cu13-libs.md","tensorrt-rtx-cu13-libs.md",".md","2647","aiwf_atlas","source_content","","","2026-05-21T07:12:12.0000000Z"
"AIWF_Atlas_VOL1_machine_facing_v3_3_api_cli_guide/03_SOURCE_CONTENT/A_CANONICAL_SOURCE_PACKS/AIWF_Pip_Package_RAG_Starter_v1_9/AIWF_Pip_Package_RAG_Starter_v1_9/packages/text_generation.md","text_generation.md",".md","2536","aiwf_atlas","source_content","","","2026-05-21T07:12:12.0000000Z"
"AIWF_Atlas_VOL1_machine_facing_v3_3_api_cli_guide/03_SOURCE_CONTENT/A_CANONICAL_SOURCE_PACKS/AIWF_Pip_Package_RAG_Starter_v1_9/AIWF_Pip_Package_RAG_Starter_v1_9/packages/tiktoken.md","tiktoken.md",".md","1315","aiwf_atlas","source_content","","","2026-05-21T07:12:12.0000000Z"
"AIWF_Atlas_VOL1_machine_facing_v3_3_api_cli_guide/03_SOURCE_CONTENT/A_CANONICAL_SOURCE_PACKS/AIWF_Pip_Package_RAG_Starter_v1_9/AIWF_Pip_Package_RAG_Starter_v1_9/packages/timm.md","timm.md",".md","1185","aiwf_atlas","source_content","","","2026-05-21T07:12:12.0000000Z"
"AIWF_Atlas_VOL1_machine_facing_v3_3_api_cli_guide/03_SOURCE_CONTENT/A_CANONICAL_SOURCE_PACKS/AIWF_Pip_Package_RAG_Starter_v1_9/AIWF_Pip_Package_RAG_Starter_v1_9/packages/tokenizers.md","tokenizers.md",".md","1245","aiwf_atlas","source_content","","","2026-05-21T07:12:12.0000000Z"
"AIWF_Atlas_VOL1_machine_facing_v3_3_api_cli_guide/03_SOURCE_CONTENT/A_CANONICAL_SOURCE_PACKS/AIWF_Pip_Package_RAG_Starter_v1_9/AIWF_Pip_Package_RAG_Starter_v1_9/packages/tomli.md","tomli.md",".md","1348","aiwf_atlas","source_content","","","2026-05-21T07:12:12.0000000Z"
"AIWF_Atlas_VOL1_machine_facing_v3_3_api_cli_guide/03_SOURCE_CONTENT/A_CANONICAL_SOURCE_PACKS/AIWF_Pip_Package_RAG_Starter_v1_9/AIWF_Pip_Package_RAG_Starter_v1_9/packages/tomli-w.md","tomli-w.md",".md","1420","aiwf_atlas","source_content","","","2026-05-21T07:12:12.0000000Z"
"AIWF_Atlas_VOL1_machine_facing_v3_3_api_cli_guide/03_SOURCE_CONTENT/A_CANONICAL_SOURCE_PACKS/AIWF_Pip_Package_RAG_Starter_v1_9/AIWF_Pip_Package_RAG_Starter_v1_9/packages/torch.md","torch.md",".md","1815","aiwf_atlas","source_content","","","2026-05-21T07:12:12.0000000Z"
"AIWF_Atlas_VOL1_machine_facing_v3_3_api_cli_guide/03_SOURCE_CONTENT/A_CANONICAL_SOURCE_PACKS/AIWF_Pip_Package_RAG_Starter_v1_9/AIWF_Pip_Package_RAG_Starter_v1_9/packages/torchao.md","torchao.md",".md","2438","aiwf_atlas","source_content","","","2026-05-21T07:12:12.0000000Z"
"AIWF_Atlas_VOL1_machine_facing_v3_3_api_cli_guide/03_SOURCE_CONTENT/A_CANONICAL_SOURCE_PACKS/AIWF_Pip_Package_RAG_Starter_v1_9/AIWF_Pip_Package_RAG_Starter_v1_9/packages/torchaudio.md","torchaudio.md",".md","1275","aiwf_atlas","source_content","","","2026-05-21T07:12:12.0000000Z"
"AIWF_Atlas_VOL1_machine_facing_v3_3_api_cli_guide/03_SOURCE_CONTENT/A_CANONICAL_SOURCE_PACKS/AIWF_Pip_Package_RAG_Starter_v1_9/AIWF_Pip_Package_RAG_Starter_v1_9/packages/torchsde.md","torchsde.md",".md","1350","aiwf_atlas","source_content","","","2026-05-21T07:12:12.0000000Z"
"AIWF_Atlas_VOL1_machine_facing_v3_3_api_cli_guide/03_SOURCE_CONTENT/A_CANONICAL_SOURCE_PACKS/AIWF_Pip_Package_RAG_Starter_v1_9/AIWF_Pip_Package_RAG_Starter_v1_9/packages/torch-tensorrt.md","torch-tensorrt.md",".md","2665","aiwf_atlas","source_content","","","2026-05-21T07:12:12.0000000Z"
"AIWF_Atlas_VOL1_machine_facing_v3_3_api_cli_guide/03_SOURCE_CONTENT/A_CANONICAL_SOURCE_PACKS/AIWF_Pip_Package_RAG_Starter_v1_9/AIWF_Pip_Package_RAG_Starter_v1_9/packages/torchvision.md","torchvision.md",".md","1297","aiwf_atlas","source_content","","","2026-05-21T07:12:12.0000000Z"
"AIWF_Atlas_VOL1_machine_facing_v3_3_api_cli_guide/03_SOURCE_CONTENT/A_CANONICAL_SOURCE_PACKS/AIWF_Pip_Package_RAG_Starter_v1_9/AIWF_Pip_Package_RAG_Starter_v1_9/packages/tqdm.md","tqdm.md",".md","1028","aiwf_atlas","source_content","","","2026-05-21T07:12:12.0000000Z"
"AIWF_Atlas_VOL1_machine_facing_v3_3_api_cli_guide/03_SOURCE_CONTENT/A_CANONICAL_SOURCE_PACKS/AIWF_Pip_Package_RAG_Starter_v1_9/AIWF_Pip_Package_RAG_Starter_v1_9/packages/transformers.md","transformers.md",".md","2214","aiwf_atlas","source_content","","","2026-05-21T07:12:12.0000000Z"
"AIWF_Atlas_VOL1_machine_facing_v3_3_api_cli_guide/03_SOURCE_CONTENT/A_CANONICAL_SOURCE_PACKS/AIWF_Pip_Package_RAG_Starter_v1_9/AIWF_Pip_Package_RAG_Starter_v1_9/packages/transparent-background.md","transparent-background.md",".md","1293","aiwf_atlas","source_content","","","2026-05-21T07:12:12.0000000Z"
"AIWF_Atlas_VOL1_machine_facing_v3_3_api_cli_guide/03_SOURCE_CONTENT/A_CANONICAL_SOURCE_PACKS/AIWF_Pip_Package_RAG_Starter_v1_9/AIWF_Pip_Package_RAG_Starter_v1_9/packages/triton.md","triton.md",".md","1229","aiwf_atlas","source_content","","","2026-05-21T07:12:12.0000000Z"
"AIWF_Atlas_VOL1_machine_facing_v3_3_api_cli_guide/03_SOURCE_CONTENT/A_CANONICAL_SOURCE_PACKS/AIWF_Pip_Package_RAG_Starter_v1_9/AIWF_Pip_Package_RAG_Starter_v1_9/packages/tritonclient.md","tritonclient.md",".md","2651","aiwf_atlas","source_content","","","2026-05-21T07:12:12.0000000Z"
"AIWF_Atlas_VOL1_machine_facing_v3_3_api_cli_guide/03_SOURCE_CONTENT/A_CANONICAL_SOURCE_PACKS/AIWF_Pip_Package_RAG_Starter_v1_9/AIWF_Pip_Package_RAG_Starter_v1_9/packages/triton-model-analyzer.md","triton-model-analyzer.md",".md","2556","aiwf_atlas","source_content","","","2026-05-21T07:12:12.0000000Z"
"AIWF_Atlas_VOL1_machine_facing_v3_3_api_cli_guide/03_SOURCE_CONTENT/A_CANONICAL_SOURCE_PACKS/AIWF_Pip_Package_RAG_Starter_v1_9/AIWF_Pip_Package_RAG_Starter_v1_9/packages/triton-model-navigator.md","triton-model-navigator.md",".md","2579","aiwf_atlas","source_content","","","2026-05-21T07:12:12.0000000Z"
"AIWF_Atlas_VOL1_machine_facing_v3_3_api_cli_guide/03_SOURCE_CONTENT/A_CANONICAL_SOURCE_PACKS/AIWF_Pip_Package_RAG_Starter_v1_9/AIWF_Pip_Package_RAG_Starter_v1_9/packages/typer.md","typer.md",".md","1244","aiwf_atlas","source_content","","","2026-05-21T07:12:12.0000000Z"
"AIWF_Atlas_VOL1_machine_facing_v3_3_api_cli_guide/03_SOURCE_CONTENT/A_CANONICAL_SOURCE_PACKS/AIWF_Pip_Package_RAG_Starter_v1_9/AIWF_Pip_Package_RAG_Starter_v1_9/packages/ultralytics.md","ultralytics.md",".md","1443","aiwf_atlas","source_content","","","2026-05-21T07:12:12.0000000Z"
"AIWF_Atlas_VOL1_machine_facing_v3_3_api_cli_guide/03_SOURCE_CONTENT/A_CANONICAL_SOURCE_PACKS/AIWF_Pip_Package_RAG_Starter_v1_9/AIWF_Pip_Package_RAG_Starter_v1_9/packages/uv.md","uv.md",".md","1904","aiwf_atlas","source_content","","","2026-05-21T07:12:12.0000000Z"
"AIWF_Atlas_VOL1_machine_facing_v3_3_api_cli_guide/03_SOURCE_CONTENT/A_CANONICAL_SOURCE_PACKS/AIWF_Pip_Package_RAG_Starter_v1_9/AIWF_Pip_Package_RAG_Starter_v1_9/packages/uvicorn.md","uvicorn.md",".md","1242","aiwf_atlas","source_content","","","2026-05-21T07:12:12.0000000Z"
"AIWF_Atlas_VOL1_machine_facing_v3_3_api_cli_guide/03_SOURCE_CONTENT/A_CANONICAL_SOURCE_PACKS/AIWF_Pip_Package_RAG_Starter_v1_9/AIWF_Pip_Package_RAG_Starter_v1_9/packages/uvloop.md","uvloop.md",".md","2436","aiwf_atlas","source_content","","","2026-05-21T07:12:12.0000000Z"
"AIWF_Atlas_VOL1_machine_facing_v3_3_api_cli_guide/03_SOURCE_CONTENT/A_CANONICAL_SOURCE_PACKS/AIWF_Pip_Package_RAG_Starter_v1_9/AIWF_Pip_Package_RAG_Starter_v1_9/packages/vllm.md","vllm.md",".md","2676","aiwf_atlas","source_content","","","2026-05-21T07:12:12.0000000Z"
"AIWF_Atlas_VOL1_machine_facing_v3_3_api_cli_guide/03_SOURCE_CONTENT/A_CANONICAL_SOURCE_PACKS/AIWF_Pip_Package_RAG_Starter_v1_9/AIWF_Pip_Package_RAG_Starter_v1_9/packages/wandb.md","wandb.md",".md","1463","aiwf_atlas","source_content","","","2026-05-21T07:12:12.0000000Z"
"AIWF_Atlas_VOL1_machine_facing_v3_3_api_cli_guide/03_SOURCE_CONTENT/A_CANONICAL_SOURCE_PACKS/AIWF_Pip_Package_RAG_Starter_v1_9/AIWF_Pip_Package_RAG_Starter_v1_9/packages/watchdog.md","watchdog.md",".md","1480","aiwf_atlas","source_content","","","2026-05-21T07:12:12.0000000Z"
"AIWF_Atlas_VOL1_machine_facing_v3_3_api_cli_guide/03_SOURCE_CONTENT/A_CANONICAL_SOURCE_PACKS/AIWF_Pip_Package_RAG_Starter_v1_9/AIWF_Pip_Package_RAG_Starter_v1_9/packages/watchfiles.md","watchfiles.md",".md","2453","aiwf_atlas","source_content","","","2026-05-21T07:12:12.0000000Z"
"AIWF_Atlas_VOL1_machine_facing_v3_3_api_cli_guide/03_SOURCE_CONTENT/A_CANONICAL_SOURCE_PACKS/AIWF_Pip_Package_RAG_Starter_v1_9/AIWF_Pip_Package_RAG_Starter_v1_9/packages/websockets.md","websockets.md",".md","1520","aiwf_atlas","source_content","","","2026-05-21T07:12:12.0000000Z"
"AIWF_Atlas_VOL1_machine_facing_v3_3_api_cli_guide/03_SOURCE_CONTENT/A_CANONICAL_SOURCE_PACKS/AIWF_Pip_Package_RAG_Starter_v1_9/AIWF_Pip_Package_RAG_Starter_v1_9/packages/wheel.md","wheel.md",".md","1190","aiwf_atlas","source_content","","","2026-05-21T07:12:12.0000000Z"
"AIWF_Atlas_VOL1_machine_facing_v3_3_api_cli_guide/03_SOURCE_CONTENT/A_CANONICAL_SOURCE_PACKS/AIWF_Pip_Package_RAG_Starter_v1_9/AIWF_Pip_Package_RAG_Starter_v1_9/packages/xformers.md","xformers.md",".md","1598","aiwf_atlas","source_content","","","2026-05-21T07:12:12.0000000Z"
"AIWF_Atlas_VOL1_machine_facing_v3_3_api_cli_guide/03_SOURCE_CONTENT/A_CANONICAL_SOURCE_PACKS/AIWF_Pip_Package_RAG_Starter_v1_9/AIWF_Pip_Package_RAG_Starter_v1_9/packages/xgrammar.md","xgrammar.md",".md","2470","aiwf_atlas","source_content","","","2026-05-21T07:12:12.0000000Z"
"AIWF_Atlas_VOL1_machine_facing_v3_3_api_cli_guide/03_SOURCE_CONTENT/A_CANONICAL_SOURCE_PACKS/AIWF_Pip_Package_RAG_Starter_v1_9/AIWF_Pip_Package_RAG_Starter_v1_9/packages/yarl.md","yarl.md",".md","1243","aiwf_atlas","source_content","","","2026-05-21T07:12:12.0000000Z"
"AIWF_Atlas_VOL1_machine_facing_v3_3_api_cli_guide/03_SOURCE_CONTENT/A_CANONICAL_SOURCE_PACKS/AIWF_Pip_Package_RAG_Starter_v1_9/AIWF_Pip_Package_RAG_Starter_v1_9/pip_package_inventory.csv","pip_package_inventory.csv",".csv","140636","aiwf_atlas","source_content","","","2026-05-21T07:12:12.0000000Z"
"AIWF_Atlas_VOL1_machine_facing_v3_3_api_cli_guide/03_SOURCE_CONTENT/A_CANONICAL_SOURCE_PACKS/AIWF_Pip_Package_RAG_Starter_v1_9/AIWF_Pip_Package_RAG_Starter_v1_9/pip_package_inventory.json","pip_package_inventory.json",".json","221654","aiwf_atlas","source_content","","","2026-05-21T07:12:12.0000000Z"
"AIWF_Atlas_VOL1_machine_facing_v3_3_api_cli_guide/03_SOURCE_CONTENT/A_CANONICAL_SOURCE_PACKS/AIWF_Pip_Package_RAG_Starter_v1_9/AIWF_Pip_Package_RAG_Starter_v1_9/pip_package_inventory.md","pip_package_inventory.md",".md","50766","aiwf_atlas","source_content","","","2026-05-21T07:12:12.0000000Z"
"AIWF_Atlas_VOL1_machine_facing_v3_3_api_cli_guide/03_SOURCE_CONTENT/A_CANONICAL_SOURCE_PACKS/AIWF_Pip_Package_RAG_Starter_v1_9/AIWF_Pip_Package_RAG_Starter_v1_9/RAG_LOADER_NOTES.md","RAG_LOADER_NOTES.md",".md","1939","aiwf_atlas","source_content","","","2026-05-21T07:12:12.0000000Z"
"AIWF_Atlas_VOL1_machine_facing_v3_3_api_cli_guide/03_SOURCE_CONTENT/A_CANONICAL_SOURCE_PACKS/AIWF_Pip_Package_RAG_Starter_v1_9/AIWF_Pip_Package_RAG_Starter_v1_9/README.md","README.md",".md","5826","aiwf_atlas","source_content","","","2026-05-21T07:12:12.0000000Z"
"AIWF_Atlas_VOL1_machine_facing_v3_3_api_cli_guide/03_SOURCE_CONTENT/A_CANONICAL_SOURCE_PACKS/AIWF_Pip_Package_RAG_Starter_v1_9/AIWF_Pip_Package_RAG_Starter_v1_9/recipes/local_wheels/recipe_build_from_git_checkout.md","recipe_build_from_git_checkout.md",".md","302","aiwf_atlas","source_content","","","2026-05-21T07:12:12.0000000Z"
"AIWF_Atlas_VOL1_machine_facing_v3_3_api_cli_guide/03_SOURCE_CONTENT/A_CANONICAL_SOURCE_PACKS/AIWF_Pip_Package_RAG_Starter_v1_9/AIWF_Pip_Package_RAG_Starter_v1_9/recipes/local_wheels/recipe_build_requirements_wheelhouse.md","recipe_build_requirements_wheelhouse.md",".md","224","aiwf_atlas","source_content","","","2026-05-21T07:12:12.0000000Z"
"AIWF_Atlas_VOL1_machine_facing_v3_3_api_cli_guide/03_SOURCE_CONTENT/A_CANONICAL_SOURCE_PACKS/AIWF_Pip_Package_RAG_Starter_v1_9/AIWF_Pip_Package_RAG_Starter_v1_9/recipes/local_wheels/recipe_torch_cuda_extension.md","recipe_torch_cuda_extension.md",".md","318","aiwf_atlas","source_content","","","2026-05-21T07:12:12.0000000Z"
"AIWF_Atlas_VOL1_machine_facing_v3_3_api_cli_guide/03_SOURCE_CONTENT/A_CANONICAL_SOURCE_PACKS/AIWF_Pip_Package_RAG_Starter_v1_9/AIWF_Pip_Package_RAG_Starter_v1_9/recipes/native_cuda/BUILD_WINDOWS_CUDA_WHEEL_PLAYBOOK.md","BUILD_WINDOWS_CUDA_WHEEL_PLAYBOOK.md",".md","1678","aiwf_atlas","source_content","","","2026-05-21T07:12:12.0000000Z"
"AIWF_Atlas_VOL1_machine_facing_v3_3_api_cli_guide/03_SOURCE_CONTENT/A_CANONICAL_SOURCE_PACKS/AIWF_Pip_Package_RAG_Starter_v1_9/AIWF_Pip_Package_RAG_Starter_v1_9/recipes/native_cuda/CUDNN_WINDOWS_INSTALL_AND_VERIFY_PLAYBOOK.md","CUDNN_WINDOWS_INSTALL_AND_VERIFY_PLAYBOOK.md",".md","1735","aiwf_atlas","source_content","","","2026-05-21T07:12:12.0000000Z"
"AIWF_Atlas_VOL1_machine_facing_v3_3_api_cli_guide/03_SOURCE_CONTENT/A_CANONICAL_SOURCE_PACKS/AIWF_Pip_Package_RAG_Starter_v1_9/AIWF_Pip_Package_RAG_Starter_v1_9/recipes/native_cuda/TENSORRT_ONNX_BUILD_AND_VALIDATE_PLAYBOOK.md","TENSORRT_ONNX_BUILD_AND_VALIDATE_PLAYBOOK.md",".md","1250","aiwf_atlas","source_content","","","2026-05-21T07:12:12.0000000Z"
"AIWF_Atlas_VOL1_machine_facing_v3_3_api_cli_guide/03_SOURCE_CONTENT/A_CANONICAL_SOURCE_PACKS/AIWF_Pip_Package_RAG_Starter_v1_9/AIWF_Pip_Package_RAG_Starter_v1_9/recipes/serving/TRITON_LOCAL_SERVING_PLAYBOOK.md","TRITON_LOCAL_SERVING_PLAYBOOK.md",".md","1670","aiwf_atlas","source_content","","","2026-05-21T07:12:12.0000000Z"
"AIWF_Atlas_VOL1_machine_facing_v3_3_api_cli_guide/03_SOURCE_CONTENT/A_CANONICAL_SOURCE_PACKS/AIWF_Pip_Package_RAG_Starter_v1_9/AIWF_Pip_Package_RAG_Starter_v1_9/recipes/serving/VLLM_OPENAI_COMPATIBLE_LOCAL_SERVER_PLAYBOOK.md","VLLM_OPENAI_COMPATIBLE_LOCAL_SERVER_PLAYBOOK.md",".md","971","aiwf_atlas","source_content","","","2026-05-21T07:12:12.0000000Z"
"AIWF_Atlas_VOL1_machine_facing_v3_3_api_cli_guide/03_SOURCE_CONTENT/A_CANONICAL_SOURCE_PACKS/AIWF_Pip_Package_RAG_Starter_v1_9/AIWF_Pip_Package_RAG_Starter_v1_9/release_manifest.json","release_manifest.json",".json","458","aiwf_atlas","source_content","","","2026-05-21T07:12:12.0000000Z"
"AIWF_Atlas_VOL1_machine_facing_v3_3_api_cli_guide/03_SOURCE_CONTENT/A_CANONICAL_SOURCE_PACKS/AIWF_Pip_Package_RAG_Starter_v1_9/AIWF_Pip_Package_RAG_Starter_v1_9/research_passes/v0_2_core_stack_summary.md","v0_2_core_stack_summary.md",".md","916","aiwf_atlas","source_content","","","2026-05-21T07:12:12.0000000Z"
"AIWF_Atlas_VOL1_machine_facing_v3_3_api_cli_guide/03_SOURCE_CONTENT/A_CANONICAL_SOURCE_PACKS/AIWF_Pip_Package_RAG_Starter_v1_9/AIWF_Pip_Package_RAG_Starter_v1_9/research_passes/v0_3_image_restoration_face_segmentation_summary.md","v0_3_image_restoration_face_segmentation_summary.md",".md","1398","aiwf_atlas","source_content","","","2026-05-21T07:12:12.0000000Z"
"AIWF_Atlas_VOL1_machine_facing_v3_3_api_cli_guide/03_SOURCE_CONTENT/A_CANONICAL_SOURCE_PACKS/AIWF_Pip_Package_RAG_Starter_v1_9/AIWF_Pip_Package_RAG_Starter_v1_9/research_passes/v0_4_rag_ocr_llm_client_summary.md","v0_4_rag_ocr_llm_client_summary.md",".md","1412","aiwf_atlas","source_content","","","2026-05-21T07:12:12.0000000Z"
"AIWF_Atlas_VOL1_machine_facing_v3_3_api_cli_guide/03_SOURCE_CONTENT/A_CANONICAL_SOURCE_PACKS/AIWF_Pip_Package_RAG_Starter_v1_9/AIWF_Pip_Package_RAG_Starter_v1_9/research_passes/v0_5_training_data_config_llm_framework_summary.md","v0_5_training_data_config_llm_framework_summary.md",".md","1414","aiwf_atlas","source_content","","","2026-05-21T07:12:12.0000000Z"
"AIWF_Atlas_VOL1_machine_facing_v3_3_api_cli_guide/03_SOURCE_CONTENT/A_CANONICAL_SOURCE_PACKS/AIWF_Pip_Package_RAG_Starter_v1_9/AIWF_Pip_Package_RAG_Starter_v1_9/research_passes/v0_6_media_cli_build_tooling_summary.md","v0_6_media_cli_build_tooling_summary.md",".md","1397","aiwf_atlas","source_content","","","2026-05-21T07:12:12.0000000Z"
"AIWF_Atlas_VOL1_machine_facing_v3_3_api_cli_guide/03_SOURCE_CONTENT/A_CANONICAL_SOURCE_PACKS/AIWF_Pip_Package_RAG_Starter_v1_9/AIWF_Pip_Package_RAG_Starter_v1_9/research_passes/v0_7_comfyui_runtime_grounding_summary.md","v0_7_comfyui_runtime_grounding_summary.md",".md","1194","aiwf_atlas","source_content","","","2026-05-21T07:12:12.0000000Z"
"AIWF_Atlas_VOL1_machine_facing_v3_3_api_cli_guide/03_SOURCE_CONTENT/A_CANONICAL_SOURCE_PACKS/AIWF_Pip_Package_RAG_Starter_v1_9/AIWF_Pip_Package_RAG_Starter_v1_9/research_passes/v0_7_source_manifest.json","v0_7_source_manifest.json",".json","859","aiwf_atlas","source_content","","","2026-05-21T07:12:12.0000000Z"
"AIWF_Atlas_VOL1_machine_facing_v3_3_api_cli_guide/03_SOURCE_CONTENT/A_CANONICAL_SOURCE_PACKS/AIWF_Pip_Package_RAG_Starter_v1_9/AIWF_Pip_Package_RAG_Starter_v1_9/research_passes/v0_8_polish_audit_report.md","v0_8_polish_audit_report.md",".md","1475","aiwf_atlas","source_content","","","2026-05-21T07:12:12.0000000Z"
"AIWF_Atlas_VOL1_machine_facing_v3_3_api_cli_guide/03_SOURCE_CONTENT/A_CANONICAL_SOURCE_PACKS/AIWF_Pip_Package_RAG_Starter_v1_9/AIWF_Pip_Package_RAG_Starter_v1_9/research_passes/v0_9_custom_node_training_web_dependency_summary.md","v0_9_custom_node_training_web_dependency_summary.md",".md","1101","aiwf_atlas","source_content","","","2026-05-21T07:12:12.0000000Z"
"AIWF_Atlas_VOL1_machine_facing_v3_3_api_cli_guide/03_SOURCE_CONTENT/A_CANONICAL_SOURCE_PACKS/AIWF_Pip_Package_RAG_Starter_v1_9/AIWF_Pip_Package_RAG_Starter_v1_9/research_passes/v1_0_local_wheelhouse_foundation_summary.md","v1_0_local_wheelhouse_foundation_summary.md",".md","155","aiwf_atlas","source_content","","","2026-05-21T07:12:12.0000000Z"
"AIWF_Atlas_VOL1_machine_facing_v3_3_api_cli_guide/03_SOURCE_CONTENT/A_CANONICAL_SOURCE_PACKS/AIWF_Pip_Package_RAG_Starter_v1_9/AIWF_Pip_Package_RAG_Starter_v1_9/research_passes/v1_1_native_cuda_wheel_build_summary.md","v1_1_native_cuda_wheel_build_summary.md",".md","185","aiwf_atlas","source_content","","","2026-05-21T07:12:12.0000000Z"
"AIWF_Atlas_VOL1_machine_facing_v3_3_api_cli_guide/03_SOURCE_CONTENT/A_CANONICAL_SOURCE_PACKS/AIWF_Pip_Package_RAG_Starter_v1_9/AIWF_Pip_Package_RAG_Starter_v1_9/research_passes/v1_2_cpp_nvidia_cuda_deep_build_summary.md","v1_2_cpp_nvidia_cuda_deep_build_summary.md",".md","1129","aiwf_atlas","source_content","","","2026-05-21T07:12:12.0000000Z"
"AIWF_Atlas_VOL1_machine_facing_v3_3_api_cli_guide/03_SOURCE_CONTENT/A_CANONICAL_SOURCE_PACKS/AIWF_Pip_Package_RAG_Starter_v1_9/AIWF_Pip_Package_RAG_Starter_v1_9/research_passes/v1_3_cudnn_backend_frontend_toolkit_summary.md","v1_3_cudnn_backend_frontend_toolkit_summary.md",".md","1314","aiwf_atlas","source_content","","","2026-05-21T07:12:12.0000000Z"
"AIWF_Atlas_VOL1_machine_facing_v3_3_api_cli_guide/03_SOURCE_CONTENT/A_CANONICAL_SOURCE_PACKS/AIWF_Pip_Package_RAG_Starter_v1_9/AIWF_Pip_Package_RAG_Starter_v1_9/research_passes/v1_4_tensorrt_onnx_inference_stack_summary.md","v1_4_tensorrt_onnx_inference_stack_summary.md",".md","813","aiwf_atlas","source_content","","","2026-05-21T07:12:12.0000000Z"
"AIWF_Atlas_VOL1_machine_facing_v3_3_api_cli_guide/03_SOURCE_CONTENT/A_CANONICAL_SOURCE_PACKS/AIWF_Pip_Package_RAG_Starter_v1_9/AIWF_Pip_Package_RAG_Starter_v1_9/research_passes/v1_5_triton_serving_deployment_summary.md","v1_5_triton_serving_deployment_summary.md",".md","1035","aiwf_atlas","source_content","","","2026-05-21T07:12:12.0000000Z"
"AIWF_Atlas_VOL1_machine_facing_v3_3_api_cli_guide/03_SOURCE_CONTENT/A_CANONICAL_SOURCE_PACKS/AIWF_Pip_Package_RAG_Starter_v1_9/AIWF_Pip_Package_RAG_Starter_v1_9/research_passes/v1_6_llm_serving_openai_compatible_summary.md","v1_6_llm_serving_openai_compatible_summary.md",".md","1123","aiwf_atlas","source_content","","","2026-05-21T07:12:12.0000000Z"
"AIWF_Atlas_VOL1_machine_facing_v3_3_api_cli_guide/03_SOURCE_CONTENT/A_CANONICAL_SOURCE_PACKS/AIWF_Pip_Package_RAG_Starter_v1_9/AIWF_Pip_Package_RAG_Starter_v1_9/research_passes/v1_8_llm_model_formats_loader_boundary_summary.md","v1_8_llm_model_formats_loader_boundary_summary.md",".md","934","aiwf_atlas","source_content","","","2026-05-21T07:12:12.0000000Z"
"AIWF_Atlas_VOL1_machine_facing_v3_3_api_cli_guide/03_SOURCE_CONTENT/A_CANONICAL_SOURCE_PACKS/AIWF_Pip_Package_RAG_Starter_v1_9/AIWF_Pip_Package_RAG_Starter_v1_9/research_passes/v1_9_diffusion_model_file_layout_summary.md","v1_9_diffusion_model_file_layout_summary.md",".md","1553","aiwf_atlas","source_content","","","2026-05-21T07:12:12.0000000Z"
"AIWF_Atlas_VOL1_machine_facing_v3_3_api_cli_guide/03_SOURCE_CONTENT/A_CANONICAL_SOURCE_PACKS/AIWF_Pip_Package_RAG_Starter_v1_9/AIWF_Pip_Package_RAG_Starter_v1_9/ROADMAP_RESEARCH_QUEUE.md","ROADMAP_RESEARCH_QUEUE.md",".md","1377","aiwf_atlas","source_content","","","2026-05-21T07:12:12.0000000Z"
"AIWF_Atlas_VOL1_machine_facing_v3_3_api_cli_guide/03_SOURCE_CONTENT/A_CANONICAL_SOURCE_PACKS/AIWF_Pip_Package_RAG_Starter_v1_9/AIWF_Pip_Package_RAG_Starter_v1_9/scripts/Build-AIWFRequirementsWheelhouse.ps1","Build-AIWFRequirementsWheelhouse.ps1",".ps1","704","aiwf_atlas","source_content","","","2026-05-21T07:12:12.0000000Z"
"AIWF_Atlas_VOL1_machine_facing_v3_3_api_cli_guide/03_SOURCE_CONTENT/A_CANONICAL_SOURCE_PACKS/AIWF_Pip_Package_RAG_Starter_v1_9/AIWF_Pip_Package_RAG_Starter_v1_9/scripts/Build-AIWFWheel.ps1","Build-AIWFWheel.ps1",".ps1","733","aiwf_atlas","source_content","","","2026-05-21T07:12:12.0000000Z"
"AIWF_Atlas_VOL1_machine_facing_v3_3_api_cli_guide/03_SOURCE_CONTENT/A_CANONICAL_SOURCE_PACKS/AIWF_Pip_Package_RAG_Starter_v1_9/AIWF_Pip_Package_RAG_Starter_v1_9/scripts/Collect-AIWFEnvironmentGroundTruth.ps1","Collect-AIWFEnvironmentGroundTruth.ps1",".ps1","2242","aiwf_atlas","source_content","","","2026-05-21T07:12:12.0000000Z"
"AIWF_Atlas_VOL1_machine_facing_v3_3_api_cli_guide/03_SOURCE_CONTENT/A_CANONICAL_SOURCE_PACKS/AIWF_Pip_Package_RAG_Starter_v1_9/AIWF_Pip_Package_RAG_Starter_v1_9/scripts/Collect-AIWF-PipInventory.ps1","Collect-AIWF-PipInventory.ps1",".ps1","2214","aiwf_atlas","source_content","","","2026-05-21T07:12:12.0000000Z"
"AIWF_Atlas_VOL1_machine_facing_v3_3_api_cli_guide/03_SOURCE_CONTENT/A_CANONICAL_SOURCE_PACKS/AIWF_Pip_Package_RAG_Starter_v1_9/AIWF_Pip_Package_RAG_Starter_v1_9/scripts/Export-AIWF-DiffusionModelSupportBundle.ps1","Export-AIWF-DiffusionModelSupportBundle.ps1",".ps1","1023","aiwf_atlas","source_content","","","2026-05-21T07:12:12.0000000Z"
"AIWF_Atlas_VOL1_machine_facing_v3_3_api_cli_guide/03_SOURCE_CONTENT/A_CANONICAL_SOURCE_PACKS/AIWF_Pip_Package_RAG_Starter_v1_9/AIWF_Pip_Package_RAG_Starter_v1_9/scripts/Export-AIWF-LLMModelSupportBundle.ps1","Export-AIWF-LLMModelSupportBundle.ps1",".ps1","673","aiwf_atlas","source_content","","","2026-05-21T07:12:12.0000000Z"
"AIWF_Atlas_VOL1_machine_facing_v3_3_api_cli_guide/03_SOURCE_CONTENT/A_CANONICAL_SOURCE_PACKS/AIWF_Pip_Package_RAG_Starter_v1_9/AIWF_Pip_Package_RAG_Starter_v1_9/scripts/Export-AIWF-LLMServingSupportBundle.ps1","Export-AIWF-LLMServingSupportBundle.ps1",".ps1","1160","aiwf_atlas","source_content","","","2026-05-21T07:12:12.0000000Z"
"AIWF_Atlas_VOL1_machine_facing_v3_3_api_cli_guide/03_SOURCE_CONTENT/A_CANONICAL_SOURCE_PACKS/AIWF_Pip_Package_RAG_Starter_v1_9/AIWF_Pip_Package_RAG_Starter_v1_9/scripts/Export-AIWF-NvidiaDllLoadReport.ps1","Export-AIWF-NvidiaDllLoadReport.ps1",".ps1","1009","aiwf_atlas","source_content","","","2026-05-21T07:12:12.0000000Z"
"AIWF_Atlas_VOL1_machine_facing_v3_3_api_cli_guide/03_SOURCE_CONTENT/A_CANONICAL_SOURCE_PACKS/AIWF_Pip_Package_RAG_Starter_v1_9/AIWF_Pip_Package_RAG_Starter_v1_9/scripts/Export-AIWF-TensorRTSupportBundle.ps1","Export-AIWF-TensorRTSupportBundle.ps1",".ps1","921","aiwf_atlas","source_content","","","2026-05-21T07:12:12.0000000Z"
"AIWF_Atlas_VOL1_machine_facing_v3_3_api_cli_guide/03_SOURCE_CONTENT/A_CANONICAL_SOURCE_PACKS/AIWF_Pip_Package_RAG_Starter_v1_9/AIWF_Pip_Package_RAG_Starter_v1_9/scripts/Export-AIWF-TritonSupportBundle.ps1","Export-AIWF-TritonSupportBundle.ps1",".ps1","1929","aiwf_atlas","source_content","","","2026-05-21T07:12:12.0000000Z"
"AIWF_Atlas_VOL1_machine_facing_v3_3_api_cli_guide/03_SOURCE_CONTENT/A_CANONICAL_SOURCE_PACKS/AIWF_Pip_Package_RAG_Starter_v1_9/AIWF_Pip_Package_RAG_Starter_v1_9/scripts/Export-AIWFWheelBuildEnv.ps1","Export-AIWFWheelBuildEnv.ps1",".ps1","665","aiwf_atlas","source_content","","","2026-05-21T07:12:12.0000000Z"
"AIWF_Atlas_VOL1_machine_facing_v3_3_api_cli_guide/03_SOURCE_CONTENT/A_CANONICAL_SOURCE_PACKS/AIWF_Pip_Package_RAG_Starter_v1_9/AIWF_Pip_Package_RAG_Starter_v1_9/scripts/Find-AIWFRequirementsFiles.ps1","Find-AIWFRequirementsFiles.ps1",".ps1","1820","aiwf_atlas","source_content","","","2026-05-21T07:12:12.0000000Z"
"AIWF_Atlas_VOL1_machine_facing_v3_3_api_cli_guide/03_SOURCE_CONTENT/A_CANONICAL_SOURCE_PACKS/AIWF_Pip_Package_RAG_Starter_v1_9/AIWF_Pip_Package_RAG_Starter_v1_9/scripts/Initialize-AIWF-Wheelhouse.ps1","Initialize-AIWF-Wheelhouse.ps1",".ps1","483","aiwf_atlas","source_content","","","2026-05-21T07:12:12.0000000Z"
"AIWF_Atlas_VOL1_machine_facing_v3_3_api_cli_guide/03_SOURCE_CONTENT/A_CANONICAL_SOURCE_PACKS/AIWF_Pip_Package_RAG_Starter_v1_9/AIWF_Pip_Package_RAG_Starter_v1_9/scripts/Install-AIWFLocalWheelhouse.ps1","Install-AIWFLocalWheelhouse.ps1",".ps1","356","aiwf_atlas","source_content","","","2026-05-21T07:12:12.0000000Z"
"AIWF_Atlas_VOL1_machine_facing_v3_3_api_cli_guide/03_SOURCE_CONTENT/A_CANONICAL_SOURCE_PACKS/AIWF_Pip_Package_RAG_Starter_v1_9/AIWF_Pip_Package_RAG_Starter_v1_9/scripts/Merge-AIWFRequirementsIntoInventory.ps1","Merge-AIWFRequirementsIntoInventory.ps1",".ps1","2230","aiwf_atlas","source_content","","","2026-05-21T07:12:12.0000000Z"
"AIWF_Atlas_VOL1_machine_facing_v3_3_api_cli_guide/03_SOURCE_CONTENT/A_CANONICAL_SOURCE_PACKS/AIWF_Pip_Package_RAG_Starter_v1_9/AIWF_Pip_Package_RAG_Starter_v1_9/scripts/New-AIWF-ComfyExtraModelPaths.ps1","New-AIWF-ComfyExtraModelPaths.ps1",".ps1","825","aiwf_atlas","source_content","","","2026-05-21T07:12:12.0000000Z"
"AIWF_Atlas_VOL1_machine_facing_v3_3_api_cli_guide/03_SOURCE_CONTENT/A_CANONICAL_SOURCE_PACKS/AIWF_Pip_Package_RAG_Starter_v1_9/AIWF_Pip_Package_RAG_Starter_v1_9/scripts/New-AIWF-ModelfileFromGGUF.ps1","New-AIWF-ModelfileFromGGUF.ps1",".ps1","467","aiwf_atlas","source_content","","","2026-05-21T07:12:12.0000000Z"
"AIWF_Atlas_VOL1_machine_facing_v3_3_api_cli_guide/03_SOURCE_CONTENT/A_CANONICAL_SOURCE_PACKS/AIWF_Pip_Package_RAG_Starter_v1_9/AIWF_Pip_Package_RAG_Starter_v1_9/scripts/New-AIWF-TritonModelRepoSkeleton.ps1","New-AIWF-TritonModelRepoSkeleton.ps1",".ps1","1937","aiwf_atlas","source_content","","","2026-05-21T07:12:12.0000000Z"
"AIWF_Atlas_VOL1_machine_facing_v3_3_api_cli_guide/03_SOURCE_CONTENT/A_CANONICAL_SOURCE_PACKS/AIWF_Pip_Package_RAG_Starter_v1_9/AIWF_Pip_Package_RAG_Starter_v1_9/scripts/New-AIWF-VLLMLaunchProfile.ps1","New-AIWF-VLLMLaunchProfile.ps1",".ps1","598","aiwf_atlas","source_content","","","2026-05-21T07:12:12.0000000Z"
"AIWF_Atlas_VOL1_machine_facing_v3_3_api_cli_guide/03_SOURCE_CONTENT/A_CANONICAL_SOURCE_PACKS/AIWF_Pip_Package_RAG_Starter_v1_9/AIWF_Pip_Package_RAG_Starter_v1_9/scripts/New-AIWFWheelhouseManifest.ps1","New-AIWFWheelhouseManifest.ps1",".ps1","1527","aiwf_atlas","source_content","","","2026-05-21T07:12:12.0000000Z"
"AIWF_Atlas_VOL1_machine_facing_v3_3_api_cli_guide/03_SOURCE_CONTENT/A_CANONICAL_SOURCE_PACKS/AIWF_Pip_Package_RAG_Starter_v1_9/AIWF_Pip_Package_RAG_Starter_v1_9/scripts/Test-AIWF-AllKnownPackageSmoke.ps1","Test-AIWF-AllKnownPackageSmoke.ps1",".ps1","1321","aiwf_atlas","source_content","","","2026-05-21T07:12:12.0000000Z"
"AIWF_Atlas_VOL1_machine_facing_v3_3_api_cli_guide/03_SOURCE_CONTENT/A_CANONICAL_SOURCE_PACKS/AIWF_Pip_Package_RAG_Starter_v1_9/AIWF_Pip_Package_RAG_Starter_v1_9/scripts/Test-AIWF-CorePackageSmoke.ps1","Test-AIWF-CorePackageSmoke.ps1",".ps1","1188","aiwf_atlas","source_content","","","2026-05-21T07:12:12.0000000Z"
"AIWF_Atlas_VOL1_machine_facing_v3_3_api_cli_guide/03_SOURCE_CONTENT/A_CANONICAL_SOURCE_PACKS/AIWF_Pip_Package_RAG_Starter_v1_9/AIWF_Pip_Package_RAG_Starter_v1_9/scripts/Test-AIWF-CppCudaBuildEnvironment.ps1","Test-AIWF-CppCudaBuildEnvironment.ps1",".ps1","1873","aiwf_atlas","source_content","","","2026-05-21T07:12:12.0000000Z"
"AIWF_Atlas_VOL1_machine_facing_v3_3_api_cli_guide/03_SOURCE_CONTENT/A_CANONICAL_SOURCE_PACKS/AIWF_Pip_Package_RAG_Starter_v1_9/AIWF_Pip_Package_RAG_Starter_v1_9/scripts/Test-AIWF-CuDNNEnvironment.ps1","Test-AIWF-CuDNNEnvironment.ps1",".ps1","3043","aiwf_atlas","source_content","","","2026-05-21T07:12:12.0000000Z"
"AIWF_Atlas_VOL1_machine_facing_v3_3_api_cli_guide/03_SOURCE_CONTENT/A_CANONICAL_SOURCE_PACKS/AIWF_Pip_Package_RAG_Starter_v1_9/AIWF_Pip_Package_RAG_Starter_v1_9/scripts/Test-AIWF-CustomNodePackageSmoke.ps1","Test-AIWF-CustomNodePackageSmoke.ps1",".ps1","1561","aiwf_atlas","source_content","","","2026-05-21T07:12:12.0000000Z"
"AIWF_Atlas_VOL1_machine_facing_v3_3_api_cli_guide/03_SOURCE_CONTENT/A_CANONICAL_SOURCE_PACKS/AIWF_Pip_Package_RAG_Starter_v1_9/AIWF_Pip_Package_RAG_Starter_v1_9/scripts/Test-AIWF-DiffusionModelLayout.ps1","Test-AIWF-DiffusionModelLayout.ps1",".ps1","1549","aiwf_atlas","source_content","","","2026-05-21T07:12:12.0000000Z"
"AIWF_Atlas_VOL1_machine_facing_v3_3_api_cli_guide/03_SOURCE_CONTENT/A_CANONICAL_SOURCE_PACKS/AIWF_Pip_Package_RAG_Starter_v1_9/AIWF_Pip_Package_RAG_Starter_v1_9/scripts/Test-AIWF-LLMModelFileLayout.ps1","Test-AIWF-LLMModelFileLayout.ps1",".ps1","1033","aiwf_atlas","source_content","","","2026-05-21T07:12:12.0000000Z"
"AIWF_Atlas_VOL1_machine_facing_v3_3_api_cli_guide/03_SOURCE_CONTENT/A_CANONICAL_SOURCE_PACKS/AIWF_Pip_Package_RAG_Starter_v1_9/AIWF_Pip_Package_RAG_Starter_v1_9/scripts/Test-AIWF-LLMServingEnvironment.ps1","Test-AIWF-LLMServingEnvironment.ps1",".ps1","1217","aiwf_atlas","source_content","","","2026-05-21T07:12:12.0000000Z"
"AIWF_Atlas_VOL1_machine_facing_v3_3_api_cli_guide/03_SOURCE_CONTENT/A_CANONICAL_SOURCE_PACKS/AIWF_Pip_Package_RAG_Starter_v1_9/AIWF_Pip_Package_RAG_Starter_v1_9/scripts/Test-AIWF-MediaBuildPackageSmoke.ps1","Test-AIWF-MediaBuildPackageSmoke.ps1",".ps1","2349","aiwf_atlas","source_content","","","2026-05-21T07:12:12.0000000Z"
"AIWF_Atlas_VOL1_machine_facing_v3_3_api_cli_guide/03_SOURCE_CONTENT/A_CANONICAL_SOURCE_PACKS/AIWF_Pip_Package_RAG_Starter_v1_9/AIWF_Pip_Package_RAG_Starter_v1_9/scripts/Test-AIWF-RAGOCRPackageSmoke.ps1","Test-AIWF-RAGOCRPackageSmoke.ps1",".ps1","2411","aiwf_atlas","source_content","","","2026-05-21T07:12:12.0000000Z"
"AIWF_Atlas_VOL1_machine_facing_v3_3_api_cli_guide/03_SOURCE_CONTENT/A_CANONICAL_SOURCE_PACKS/AIWF_Pip_Package_RAG_Starter_v1_9/AIWF_Pip_Package_RAG_Starter_v1_9/scripts/Test-AIWF-TensorRTEnvironment.ps1","Test-AIWF-TensorRTEnvironment.ps1",".ps1","802","aiwf_atlas","source_content","","","2026-05-21T07:12:12.0000000Z"
"AIWF_Atlas_VOL1_machine_facing_v3_3_api_cli_guide/03_SOURCE_CONTENT/A_CANONICAL_SOURCE_PACKS/AIWF_Pip_Package_RAG_Starter_v1_9/AIWF_Pip_Package_RAG_Starter_v1_9/scripts/Test-AIWF-TrainingToolingPackageSmoke.ps1","Test-AIWF-TrainingToolingPackageSmoke.ps1",".ps1","1831","aiwf_atlas","source_content","","","2026-05-21T07:12:12.0000000Z"
"AIWF_Atlas_VOL1_machine_facing_v3_3_api_cli_guide/03_SOURCE_CONTENT/A_CANONICAL_SOURCE_PACKS/AIWF_Pip_Package_RAG_Starter_v1_9/AIWF_Pip_Package_RAG_Starter_v1_9/scripts/Test-AIWF-TritonServingEnvironment.ps1","Test-AIWF-TritonServingEnvironment.ps1",".ps1","1198","aiwf_atlas","source_content","","","2026-05-21T07:12:12.0000000Z"
"AIWF_Atlas_VOL1_machine_facing_v3_3_api_cli_guide/03_SOURCE_CONTENT/A_CANONICAL_SOURCE_PACKS/AIWF_Pip_Package_RAG_Starter_v1_9/AIWF_Pip_Package_RAG_Starter_v1_9/scripts/Test-AIWFWheelhouse.ps1","Test-AIWFWheelhouse.ps1",".ps1","472","aiwf_atlas","source_content","","","2026-05-21T07:12:12.0000000Z"
"AIWF_Atlas_VOL1_machine_facing_v3_3_api_cli_guide/03_SOURCE_CONTENT/A_CANONICAL_SOURCE_PACKS/AIWF_Pip_Package_RAG_Starter_v1_9/AIWF_Pip_Package_RAG_Starter_v1_9/sources/chat_source_review_v1_7.md","chat_source_review_v1_7.md",".md","4701","aiwf_atlas","source_content","","","2026-05-21T07:12:12.0000000Z"
"AIWF_Atlas_VOL1_machine_facing_v3_3_api_cli_guide/03_SOURCE_CONTENT/A_CANONICAL_SOURCE_PACKS/AIWF_Pip_Package_RAG_Starter_v1_9/AIWF_Pip_Package_RAG_Starter_v1_9/sources/chat_sources_reviewed.csv","chat_sources_reviewed.csv",".csv","5864","aiwf_atlas","source_content","","","2026-05-21T07:12:12.0000000Z"
"AIWF_Atlas_VOL1_machine_facing_v3_3_api_cli_guide/03_SOURCE_CONTENT/A_CANONICAL_SOURCE_PACKS/AIWF_Pip_Package_RAG_Starter_v1_9/AIWF_Pip_Package_RAG_Starter_v1_9/sources/families/diffusion_model_layout_sources.md","diffusion_model_layout_sources.md",".md","897","aiwf_atlas","source_content","","","2026-05-21T07:12:12.0000000Z"
"AIWF_Atlas_VOL1_machine_facing_v3_3_api_cli_guide/03_SOURCE_CONTENT/A_CANONICAL_SOURCE_PACKS/AIWF_Pip_Package_RAG_Starter_v1_9/AIWF_Pip_Package_RAG_Starter_v1_9/sources/families/github_repositories.md","github_repositories.md",".md","2072","aiwf_atlas","source_content","","","2026-05-21T07:12:12.0000000Z"
"AIWF_Atlas_VOL1_machine_facing_v3_3_api_cli_guide/03_SOURCE_CONTENT/A_CANONICAL_SOURCE_PACKS/AIWF_Pip_Package_RAG_Starter_v1_9/AIWF_Pip_Package_RAG_Starter_v1_9/sources/families/huggingface_ecosystem_docs.md","huggingface_ecosystem_docs.md",".md","2090","aiwf_atlas","source_content","","","2026-05-21T07:12:12.0000000Z"
"AIWF_Atlas_VOL1_machine_facing_v3_3_api_cli_guide/03_SOURCE_CONTENT/A_CANONICAL_SOURCE_PACKS/AIWF_Pip_Package_RAG_Starter_v1_9/AIWF_Pip_Package_RAG_Starter_v1_9/sources/families/llm_model_loader_sources.md","llm_model_loader_sources.md",".md","436","aiwf_atlas","source_content","","","2026-05-21T07:12:12.0000000Z"
"AIWF_Atlas_VOL1_machine_facing_v3_3_api_cli_guide/03_SOURCE_CONTENT/A_CANONICAL_SOURCE_PACKS/AIWF_Pip_Package_RAG_Starter_v1_9/AIWF_Pip_Package_RAG_Starter_v1_9/sources/families/llm_serving_docs.md","llm_serving_docs.md",".md","1033","aiwf_atlas","source_content","","","2026-05-21T07:12:12.0000000Z"
"AIWF_Atlas_VOL1_machine_facing_v3_3_api_cli_guide/03_SOURCE_CONTENT/A_CANONICAL_SOURCE_PACKS/AIWF_Pip_Package_RAG_Starter_v1_9/AIWF_Pip_Package_RAG_Starter_v1_9/sources/families/nvidia_cuda_inference_docs.md","nvidia_cuda_inference_docs.md",".md","2938","aiwf_atlas","source_content","","","2026-05-21T07:12:12.0000000Z"
"AIWF_Atlas_VOL1_machine_facing_v3_3_api_cli_guide/03_SOURCE_CONTENT/A_CANONICAL_SOURCE_PACKS/AIWF_Pip_Package_RAG_Starter_v1_9/AIWF_Pip_Package_RAG_Starter_v1_9/sources/families/onnx_runtime_docs.md","onnx_runtime_docs.md",".md","497","aiwf_atlas","source_content","","","2026-05-21T07:12:12.0000000Z"
"AIWF_Atlas_VOL1_machine_facing_v3_3_api_cli_guide/03_SOURCE_CONTENT/A_CANONICAL_SOURCE_PACKS/AIWF_Pip_Package_RAG_Starter_v1_9/AIWF_Pip_Package_RAG_Starter_v1_9/sources/families/other_project_docs.md","other_project_docs.md",".md","1964","aiwf_atlas","source_content","","","2026-05-21T07:12:12.0000000Z"
"AIWF_Atlas_VOL1_machine_facing_v3_3_api_cli_guide/03_SOURCE_CONTENT/A_CANONICAL_SOURCE_PACKS/AIWF_Pip_Package_RAG_Starter_v1_9/AIWF_Pip_Package_RAG_Starter_v1_9/sources/families/project_documentation.md","project_documentation.md",".md","2117","aiwf_atlas","source_content","","","2026-05-21T07:12:12.0000000Z"
"AIWF_Atlas_VOL1_machine_facing_v3_3_api_cli_guide/03_SOURCE_CONTENT/A_CANONICAL_SOURCE_PACKS/AIWF_Pip_Package_RAG_Starter_v1_9/AIWF_Pip_Package_RAG_Starter_v1_9/sources/families/pypi_package_metadata.md","pypi_package_metadata.md",".md","1781","aiwf_atlas","source_content","","","2026-05-21T07:12:12.0000000Z"
"AIWF_Atlas_VOL1_machine_facing_v3_3_api_cli_guide/03_SOURCE_CONTENT/A_CANONICAL_SOURCE_PACKS/AIWF_Pip_Package_RAG_Starter_v1_9/AIWF_Pip_Package_RAG_Starter_v1_9/sources/families/python_packaging_build_docs.md","python_packaging_build_docs.md",".md","747","aiwf_atlas","source_content","","","2026-05-21T07:12:12.0000000Z"
"AIWF_Atlas_VOL1_machine_facing_v3_3_api_cli_guide/03_SOURCE_CONTENT/A_CANONICAL_SOURCE_PACKS/AIWF_Pip_Package_RAG_Starter_v1_9/AIWF_Pip_Package_RAG_Starter_v1_9/sources/families/pytorch_docs.md","pytorch_docs.md",".md","591","aiwf_atlas","source_content","","","2026-05-21T07:12:12.0000000Z"
"AIWF_Atlas_VOL1_machine_facing_v3_3_api_cli_guide/03_SOURCE_CONTENT/A_CANONICAL_SOURCE_PACKS/AIWF_Pip_Package_RAG_Starter_v1_9/AIWF_Pip_Package_RAG_Starter_v1_9/sources/families/scientific_python_docs.md","scientific_python_docs.md",".md","667","aiwf_atlas","source_content","","","2026-05-21T07:12:12.0000000Z"
"AIWF_Atlas_VOL1_machine_facing_v3_3_api_cli_guide/03_SOURCE_CONTENT/A_CANONICAL_SOURCE_PACKS/AIWF_Pip_Package_RAG_Starter_v1_9/AIWF_Pip_Package_RAG_Starter_v1_9/sources/families/web_api_runtime_docs.md","web_api_runtime_docs.md",".md","597","aiwf_atlas","source_content","","","2026-05-21T07:12:12.0000000Z"
"AIWF_Atlas_VOL1_machine_facing_v3_3_api_cli_guide/03_SOURCE_CONTENT/A_CANONICAL_SOURCE_PACKS/AIWF_Pip_Package_RAG_Starter_v1_9/AIWF_Pip_Package_RAG_Starter_v1_9/sources/package_to_sources.csv","package_to_sources.csv",".csv","65302","aiwf_atlas","source_content","","","2026-05-21T07:12:12.0000000Z"
"AIWF_Atlas_VOL1_machine_facing_v3_3_api_cli_guide/03_SOURCE_CONTENT/A_CANONICAL_SOURCE_PACKS/AIWF_Pip_Package_RAG_Starter_v1_9/AIWF_Pip_Package_RAG_Starter_v1_9/sources/README.md","README.md",".md","1120","aiwf_atlas","source_content","","","2026-05-21T07:12:12.0000000Z"
"AIWF_Atlas_VOL1_machine_facing_v3_3_api_cli_guide/03_SOURCE_CONTENT/A_CANONICAL_SOURCE_PACKS/AIWF_Pip_Package_RAG_Starter_v1_9/AIWF_Pip_Package_RAG_Starter_v1_9/sources/source_domain_summary.csv","source_domain_summary.csv",".csv","2534","aiwf_atlas","source_content","","","2026-05-21T07:12:12.0000000Z"
"AIWF_Atlas_VOL1_machine_facing_v3_3_api_cli_guide/03_SOURCE_CONTENT/A_CANONICAL_SOURCE_PACKS/AIWF_Pip_Package_RAG_Starter_v1_9/AIWF_Pip_Package_RAG_Starter_v1_9/sources/source_quality_policy.md","source_quality_policy.md",".md","1610","aiwf_atlas","source_content","","","2026-05-21T07:12:12.0000000Z"
"AIWF_Atlas_VOL1_machine_facing_v3_3_api_cli_guide/03_SOURCE_CONTENT/A_CANONICAL_SOURCE_PACKS/AIWF_Pip_Package_RAG_Starter_v1_9/AIWF_Pip_Package_RAG_Starter_v1_9/sources/source_refresh_queue.md","source_refresh_queue.md",".md","13362","aiwf_atlas","source_content","","","2026-05-21T07:12:12.0000000Z"
"AIWF_Atlas_VOL1_machine_facing_v3_3_api_cli_guide/03_SOURCE_CONTENT/A_CANONICAL_SOURCE_PACKS/AIWF_Pip_Package_RAG_Starter_v1_9/AIWF_Pip_Package_RAG_Starter_v1_9/sources/source_registry.csv","source_registry.csv",".csv","96319","aiwf_atlas","source_content","","","2026-05-21T07:12:12.0000000Z"
"AIWF_Atlas_VOL1_machine_facing_v3_3_api_cli_guide/03_SOURCE_CONTENT/A_CANONICAL_SOURCE_PACKS/AIWF_Pip_Package_RAG_Starter_v1_9/AIWF_Pip_Package_RAG_Starter_v1_9/sources/source_registry.json","source_registry.json",".json","199973","aiwf_atlas","source_content","","","2026-05-21T07:12:12.0000000Z"
"AIWF_Atlas_VOL1_machine_facing_v3_3_api_cli_guide/03_SOURCE_CONTENT/A_CANONICAL_SOURCE_PACKS/AIWF_Pip_Package_RAG_Starter_v1_9/AIWF_Pip_Package_RAG_Starter_v1_9/sources/source_to_packages.csv","source_to_packages.csv",".csv","26847","aiwf_atlas","source_content","","","2026-05-21T07:12:12.0000000Z"
"AIWF_Atlas_VOL1_machine_facing_v3_3_api_cli_guide/03_SOURCE_CONTENT/A_CANONICAL_SOURCE_PACKS/AIWF_Pip_Package_RAG_Starter_v1_9/AIWF_Pip_Package_RAG_Starter_v1_9/sources/source_usage_map.md","source_usage_map.md",".md","1999","aiwf_atlas","source_content","","","2026-05-21T07:12:12.0000000Z"
"AIWF_Atlas_VOL1_machine_facing_v3_3_api_cli_guide/03_SOURCE_CONTENT/A_CANONICAL_SOURCE_PACKS/AIWF_Pip_Package_RAG_Starter_v1_9/AIWF_Pip_Package_RAG_Starter_v1_9/sources/SOURCES.md","SOURCES.md",".md","2416","aiwf_atlas","source_content","","","2026-05-21T07:12:12.0000000Z"
"AIWF_Atlas_VOL1_machine_facing_v3_3_api_cli_guide/03_SOURCE_CONTENT/A_CANONICAL_SOURCE_PACKS/AIWF_Pip_Package_RAG_Starter_v1_9/AIWF_Pip_Package_RAG_Starter_v1_9/START_HERE.md","START_HERE.md",".md","5454","aiwf_atlas","source_content","","","2026-05-21T07:12:12.0000000Z"
"AIWF_Atlas_VOL1_machine_facing_v3_3_api_cli_guide/03_SOURCE_CONTENT/A_CANONICAL_SOURCE_PACKS/AIWF_Pip_Package_RAG_Starter_v1_9/AIWF_Pip_Package_RAG_Starter_v1_9/templates/comfyui/extra_model_paths.central_models.example.yaml","extra_model_paths.central_models.example.yaml",".yaml","762","aiwf_atlas","source_content","","","2026-05-21T07:12:12.0000000Z"
"AIWF_Atlas_VOL1_machine_facing_v3_3_api_cli_guide/03_SOURCE_CONTENT/A_CANONICAL_SOURCE_PACKS/AIWF_Pip_Package_RAG_Starter_v1_9/AIWF_Pip_Package_RAG_Starter_v1_9/templates/diffusers/local_folder_load_example.py","local_folder_load_example.py",".py","323","aiwf_atlas","source_content","","","2026-05-21T07:12:12.0000000Z"
"AIWF_Atlas_VOL1_machine_facing_v3_3_api_cli_guide/03_SOURCE_CONTENT/A_CANONICAL_SOURCE_PACKS/AIWF_Pip_Package_RAG_Starter_v1_9/AIWF_Pip_Package_RAG_Starter_v1_9/templates/diffusers/local_single_file_load_example.py","local_single_file_load_example.py",".py","443","aiwf_atlas","source_content","","","2026-05-21T07:12:12.0000000Z"
"AIWF_Atlas_VOL1_machine_facing_v3_3_api_cli_guide/03_SOURCE_CONTENT/A_CANONICAL_SOURCE_PACKS/AIWF_Pip_Package_RAG_Starter_v1_9/AIWF_Pip_Package_RAG_Starter_v1_9/templates/github_actions/build_wheels_cibuildwheel.yml","build_wheels_cibuildwheel.yml",".yml","451","aiwf_atlas","source_content","","","2026-05-21T07:12:12.0000000Z"
"AIWF_Atlas_VOL1_machine_facing_v3_3_api_cli_guide/03_SOURCE_CONTENT/A_CANONICAL_SOURCE_PACKS/AIWF_Pip_Package_RAG_Starter_v1_9/AIWF_Pip_Package_RAG_Starter_v1_9/templates/llama_cpp/launch_llama_server_example.ps1","launch_llama_server_example.ps1",".ps1","288","aiwf_atlas","source_content","","","2026-05-21T07:12:12.0000000Z"
"AIWF_Atlas_VOL1_machine_facing_v3_3_api_cli_guide/03_SOURCE_CONTENT/A_CANONICAL_SOURCE_PACKS/AIWF_Pip_Package_RAG_Starter_v1_9/AIWF_Pip_Package_RAG_Starter_v1_9/templates/lmstudio/openai_compat_client_smoke.py","openai_compat_client_smoke.py",".py","281","aiwf_atlas","source_content","","","2026-05-21T07:12:12.0000000Z"
"AIWF_Atlas_VOL1_machine_facing_v3_3_api_cli_guide/03_SOURCE_CONTENT/A_CANONICAL_SOURCE_PACKS/AIWF_Pip_Package_RAG_Starter_v1_9/AIWF_Pip_Package_RAG_Starter_v1_9/templates/native_extension/setup_torch_cuda_extension_example.py","setup_torch_cuda_extension_example.py",".py","326","aiwf_atlas","source_content","","","2026-05-21T07:12:12.0000000Z"
"AIWF_Atlas_VOL1_machine_facing_v3_3_api_cli_guide/03_SOURCE_CONTENT/A_CANONICAL_SOURCE_PACKS/AIWF_Pip_Package_RAG_Starter_v1_9/AIWF_Pip_Package_RAG_Starter_v1_9/templates/ollama/Modelfile.gguf.example","Modelfile.gguf.example",".example","130","aiwf_atlas","source_content","","","2026-05-21T07:12:12.0000000Z"
"AIWF_Atlas_VOL1_machine_facing_v3_3_api_cli_guide/03_SOURCE_CONTENT/A_CANONICAL_SOURCE_PACKS/AIWF_Pip_Package_RAG_Starter_v1_9/AIWF_Pip_Package_RAG_Starter_v1_9/templates/pyproject/pyproject_maturin.toml","pyproject_maturin.toml",".toml","157","aiwf_atlas","source_content","","","2026-05-21T07:12:12.0000000Z"
"AIWF_Atlas_VOL1_machine_facing_v3_3_api_cli_guide/03_SOURCE_CONTENT/A_CANONICAL_SOURCE_PACKS/AIWF_Pip_Package_RAG_Starter_v1_9/AIWF_Pip_Package_RAG_Starter_v1_9/templates/pyproject/pyproject_scikit_build_core.toml","pyproject_scikit_build_core.toml",".toml","192","aiwf_atlas","source_content","","","2026-05-21T07:12:12.0000000Z"
"AIWF_Atlas_VOL1_machine_facing_v3_3_api_cli_guide/03_SOURCE_CONTENT/A_CANONICAL_SOURCE_PACKS/AIWF_Pip_Package_RAG_Starter_v1_9/AIWF_Pip_Package_RAG_Starter_v1_9/templates/pyproject/pyproject_setuptools_minimal.toml","pyproject_setuptools_minimal.toml",".toml","223","aiwf_atlas","source_content","","","2026-05-21T07:12:12.0000000Z"
"AIWF_Atlas_VOL1_machine_facing_v3_3_api_cli_guide/03_SOURCE_CONTENT/A_CANONICAL_SOURCE_PACKS/AIWF_Pip_Package_RAG_Starter_v1_9/AIWF_Pip_Package_RAG_Starter_v1_9/templates/tabbyapi/config_notes.md","config_notes.md",".md","226","aiwf_atlas","source_content","","","2026-05-21T07:12:12.0000000Z"
"AIWF_Atlas_VOL1_machine_facing_v3_3_api_cli_guide/03_SOURCE_CONTENT/A_CANONICAL_SOURCE_PACKS/AIWF_Pip_Package_RAG_Starter_v1_9/AIWF_Pip_Package_RAG_Starter_v1_9/templates/triton_model_repository/add_sub/1/model.py","model.py",".py","558","aiwf_atlas","source_content","","","2026-05-21T07:12:12.0000000Z"
"AIWF_Atlas_VOL1_machine_facing_v3_3_api_cli_guide/03_SOURCE_CONTENT/A_CANONICAL_SOURCE_PACKS/AIWF_Pip_Package_RAG_Starter_v1_9/AIWF_Pip_Package_RAG_Starter_v1_9/templates/triton_model_repository/add_sub/config.pbtxt","config.pbtxt",".pbtxt","293","aiwf_atlas","source_content","","","2026-05-21T07:12:12.0000000Z"
"AIWF_Atlas_VOL1_machine_facing_v3_3_api_cli_guide/03_SOURCE_CONTENT/A_CANONICAL_SOURCE_PACKS/AIWF_Pip_Package_RAG_Starter_v1_9/AIWF_Pip_Package_RAG_Starter_v1_9/templates/triton_model_repository/python_backend/1/model.py","model.py",".py","454","aiwf_atlas","source_content","","","2026-05-21T07:12:12.0000000Z"
"AIWF_Atlas_VOL1_machine_facing_v3_3_api_cli_guide/03_SOURCE_CONTENT/A_CANONICAL_SOURCE_PACKS/AIWF_Pip_Package_RAG_Starter_v1_9/AIWF_Pip_Package_RAG_Starter_v1_9/templates/triton_model_repository/python_backend/config.pbtxt","config.pbtxt",".pbtxt","198","aiwf_atlas","source_content","","","2026-05-21T07:12:12.0000000Z"
"AIWF_Atlas_VOL1_machine_facing_v3_3_api_cli_guide/03_SOURCE_CONTENT/A_CANONICAL_SOURCE_PACKS/AIWF_Pip_Package_RAG_Starter_v1_9/AIWF_Pip_Package_RAG_Starter_v1_9/templates/triton_model_repository/tensorrt_plan/1/README_DROP_MODEL_PLAN_HERE.txt","README_DROP_MODEL_PLAN_HERE.txt",".txt","117","aiwf_atlas","source_content","","","2026-05-21T07:12:12.0000000Z"
"AIWF_Atlas_VOL1_machine_facing_v3_3_api_cli_guide/03_SOURCE_CONTENT/A_CANONICAL_SOURCE_PACKS/AIWF_Pip_Package_RAG_Starter_v1_9/AIWF_Pip_Package_RAG_Starter_v1_9/templates/triton_model_repository/tensorrt_plan/config.pbtxt","config.pbtxt",".pbtxt","259","aiwf_atlas","source_content","","","2026-05-21T07:12:12.0000000Z"
"AIWF_Atlas_VOL1_machine_facing_v3_3_api_cli_guide/03_SOURCE_CONTENT/A_CANONICAL_SOURCE_PACKS/AIWF_Pip_Package_RAG_Starter_v1_9/AIWF_Pip_Package_RAG_Starter_v1_9/templates/vllm/launch_vllm_example.ps1","launch_vllm_example.ps1",".ps1","279","aiwf_atlas","source_content","","","2026-05-21T07:12:12.0000000Z"
"AIWF_Atlas_VOL1_machine_facing_v3_3_api_cli_guide/03_SOURCE_CONTENT/A_CANONICAL_SOURCE_PACKS/AIWF_Pip_Package_RAG_Starter_v1_9/AIWF_Pip_Package_RAG_Starter_v1_9/templates/vllm/openai_compatible_client_smoke.py","openai_compatible_client_smoke.py",".py","358","aiwf_atlas","source_content","","","2026-05-21T07:12:12.0000000Z"
"AIWF_Atlas_VOL1_machine_facing_v3_3_api_cli_guide/03_SOURCE_CONTENT/A_CANONICAL_SOURCE_PACKS/AIWF_Pip_Package_RAG_Starter_v1_9/AIWF_Pip_Package_RAG_Starter_v1_9/toolchains/cpp_native_build_mental_model.md","cpp_native_build_mental_model.md",".md","4628","aiwf_atlas","source_content","","","2026-05-21T07:12:12.0000000Z"
"AIWF_Atlas_VOL1_machine_facing_v3_3_api_cli_guide/03_SOURCE_CONTENT/A_CANONICAL_SOURCE_PACKS/AIWF_Pip_Package_RAG_Starter_v1_9/AIWF_Pip_Package_RAG_Starter_v1_9/toolchains/cudnn_backend_frontend_deep_reference.md","cudnn_backend_frontend_deep_reference.md",".md","3917","aiwf_atlas","source_content","","","2026-05-21T07:12:12.0000000Z"
"AIWF_Atlas_VOL1_machine_facing_v3_3_api_cli_guide/03_SOURCE_CONTENT/A_CANONICAL_SOURCE_PACKS/AIWF_Pip_Package_RAG_Starter_v1_9/AIWF_Pip_Package_RAG_Starter_v1_9/toolchains/cudnn_pytorch_onnxruntime_compatibility.md","cudnn_pytorch_onnxruntime_compatibility.md",".md","2027","aiwf_atlas","source_content","","","2026-05-21T07:12:12.0000000Z"
"AIWF_Atlas_VOL1_machine_facing_v3_3_api_cli_guide/03_SOURCE_CONTENT/A_CANONICAL_SOURCE_PACKS/AIWF_Pip_Package_RAG_Starter_v1_9/AIWF_Pip_Package_RAG_Starter_v1_9/toolchains/cudnn_windows_dll_loading_and_path.md","cudnn_windows_dll_loading_and_path.md",".md","2152","aiwf_atlas","source_content","","","2026-05-21T07:12:12.0000000Z"
"AIWF_Atlas_VOL1_machine_facing_v3_3_api_cli_guide/03_SOURCE_CONTENT/A_CANONICAL_SOURCE_PACKS/AIWF_Pip_Package_RAG_Starter_v1_9/AIWF_Pip_Package_RAG_Starter_v1_9/toolchains/llm_serving_engine_boundaries_vllm_sglang_tgi_litellm.md","llm_serving_engine_boundaries_vllm_sglang_tgi_litellm.md",".md","1149","aiwf_atlas","source_content","","","2026-05-21T07:12:12.0000000Z"
"AIWF_Atlas_VOL1_machine_facing_v3_3_api_cli_guide/03_SOURCE_CONTENT/A_CANONICAL_SOURCE_PACKS/AIWF_Pip_Package_RAG_Starter_v1_9/AIWF_Pip_Package_RAG_Starter_v1_9/toolchains/nvidia_cuda_windows_deep_reference.md","nvidia_cuda_windows_deep_reference.md",".md","4623","aiwf_atlas","source_content","","","2026-05-21T07:12:12.0000000Z"
"AIWF_Atlas_VOL1_machine_facing_v3_3_api_cli_guide/03_SOURCE_CONTENT/A_CANONICAL_SOURCE_PACKS/AIWF_Pip_Package_RAG_Starter_v1_9/AIWF_Pip_Package_RAG_Starter_v1_9/toolchains/onnx_graph_surgery_polygraphy_debugging.md","onnx_graph_surgery_polygraphy_debugging.md",".md","1016","aiwf_atlas","source_content","","","2026-05-21T07:12:12.0000000Z"
"AIWF_Atlas_VOL1_machine_facing_v3_3_api_cli_guide/03_SOURCE_CONTENT/A_CANONICAL_SOURCE_PACKS/AIWF_Pip_Package_RAG_Starter_v1_9/AIWF_Pip_Package_RAG_Starter_v1_9/toolchains/python_wheel_tags_and_abi.md","python_wheel_tags_and_abi.md",".md","608","aiwf_atlas","source_content","","","2026-05-21T07:12:12.0000000Z"
"AIWF_Atlas_VOL1_machine_facing_v3_3_api_cli_guide/03_SOURCE_CONTENT/A_CANONICAL_SOURCE_PACKS/AIWF_Pip_Package_RAG_Starter_v1_9/AIWF_Pip_Package_RAG_Starter_v1_9/toolchains/pytorch_cpp_cuda_extensions_deep_reference.md","pytorch_cpp_cuda_extensions_deep_reference.md",".md","3888","aiwf_atlas","source_content","","","2026-05-21T07:12:12.0000000Z"
"AIWF_Atlas_VOL1_machine_facing_v3_3_api_cli_guide/03_SOURCE_CONTENT/A_CANONICAL_SOURCE_PACKS/AIWF_Pip_Package_RAG_Starter_v1_9/AIWF_Pip_Package_RAG_Starter_v1_9/toolchains/structured_outputs_guided_decoding_deep_reference.md","structured_outputs_guided_decoding_deep_reference.md",".md","1241","aiwf_atlas","source_content","","","2026-05-21T07:12:12.0000000Z"
"AIWF_Atlas_VOL1_machine_facing_v3_3_api_cli_guide/03_SOURCE_CONTENT/A_CANONICAL_SOURCE_PACKS/AIWF_Pip_Package_RAG_Starter_v1_9/AIWF_Pip_Package_RAG_Starter_v1_9/toolchains/tensorrt_engine_plan_lifecycle.md","tensorrt_engine_plan_lifecycle.md",".md","1279","aiwf_atlas","source_content","","","2026-05-21T07:12:12.0000000Z"
"AIWF_Atlas_VOL1_machine_facing_v3_3_api_cli_guide/03_SOURCE_CONTENT/A_CANONICAL_SOURCE_PACKS/AIWF_Pip_Package_RAG_Starter_v1_9/AIWF_Pip_Package_RAG_Starter_v1_9/toolchains/tensorrt_inference_stack_deep_reference.md","tensorrt_inference_stack_deep_reference.md",".md","2297","aiwf_atlas","source_content","","","2026-05-21T07:12:12.0000000Z"
"AIWF_Atlas_VOL1_machine_facing_v3_3_api_cli_guide/03_SOURCE_CONTENT/A_CANONICAL_SOURCE_PACKS/AIWF_Pip_Package_RAG_Starter_v1_9/AIWF_Pip_Package_RAG_Starter_v1_9/toolchains/tensorrt_llm_and_rtx_boundaries.md","tensorrt_llm_and_rtx_boundaries.md",".md","1086","aiwf_atlas","source_content","","","2026-05-21T07:12:12.0000000Z"
"AIWF_Atlas_VOL1_machine_facing_v3_3_api_cli_guide/03_SOURCE_CONTENT/A_CANONICAL_SOURCE_PACKS/AIWF_Pip_Package_RAG_Starter_v1_9/AIWF_Pip_Package_RAG_Starter_v1_9/toolchains/triton_inference_server_serving_deep_reference.md","triton_inference_server_serving_deep_reference.md",".md","3223","aiwf_atlas","source_content","","","2026-05-21T07:12:12.0000000Z"
"AIWF_Atlas_VOL1_machine_facing_v3_3_api_cli_guide/03_SOURCE_CONTENT/A_CANONICAL_SOURCE_PACKS/AIWF_Pip_Package_RAG_Starter_v1_9/AIWF_Pip_Package_RAG_Starter_v1_9/toolchains/triton_model_repository_and_config_pbtxt.md","triton_model_repository_and_config_pbtxt.md",".md","2065","aiwf_atlas","source_content","","","2026-05-21T07:12:12.0000000Z"
"AIWF_Atlas_VOL1_machine_facing_v3_3_api_cli_guide/03_SOURCE_CONTENT/A_CANONICAL_SOURCE_PACKS/AIWF_Pip_Package_RAG_Starter_v1_9/AIWF_Pip_Package_RAG_Starter_v1_9/toolchains/triton_observability_health_metrics_deep_reference.md","triton_observability_health_metrics_deep_reference.md",".md","1836","aiwf_atlas","source_content","","","2026-05-21T07:12:12.0000000Z"
"AIWF_Atlas_VOL1_machine_facing_v3_3_api_cli_guide/03_SOURCE_CONTENT/A_CANONICAL_SOURCE_PACKS/AIWF_Pip_Package_RAG_Starter_v1_9/AIWF_Pip_Package_RAG_Starter_v1_9/toolchains/triton_python_backend_and_custom_runtime.md","triton_python_backend_and_custom_runtime.md",".md","1924","aiwf_atlas","source_content","","","2026-05-21T07:12:12.0000000Z"
"AIWF_Atlas_VOL1_machine_facing_v3_3_api_cli_guide/03_SOURCE_CONTENT/A_CANONICAL_SOURCE_PACKS/AIWF_Pip_Package_RAG_Starter_v1_9/AIWF_Pip_Package_RAG_Starter_v1_9/toolchains/vllm_openai_compatible_serving_deep_reference.md","vllm_openai_compatible_serving_deep_reference.md",".md","2089","aiwf_atlas","source_content","","","2026-05-21T07:12:12.0000000Z"
"AIWF_Atlas_VOL1_machine_facing_v3_3_api_cli_guide/03_SOURCE_CONTENT/A_CANONICAL_SOURCE_PACKS/AIWF_Pip_Package_RAG_Starter_v1_9/AIWF_Pip_Package_RAG_Starter_v1_9/toolchains/vllm_scheduler_kv_cache_attention_backends.md","vllm_scheduler_kv_cache_attention_backends.md",".md","1230","aiwf_atlas","source_content","","","2026-05-21T07:12:12.0000000Z"
"AIWF_Atlas_VOL1_machine_facing_v3_3_api_cli_guide/03_SOURCE_CONTENT/A_CANONICAL_SOURCE_PACKS/AIWF_Pip_Package_RAG_Starter_v1_9/AIWF_Pip_Package_RAG_Starter_v1_9/toolchains/wheel_tags_abi_deep_reference.md","wheel_tags_abi_deep_reference.md",".md","1941","aiwf_atlas","source_content","","","2026-05-21T07:12:12.0000000Z"
"AIWF_Atlas_VOL1_machine_facing_v3_3_api_cli_guide/03_SOURCE_CONTENT/A_CANONICAL_SOURCE_PACKS/AIWF_Pip_Package_RAG_Starter_v1_9/AIWF_Pip_Package_RAG_Starter_v1_9/toolchains/windows_msvc_cuda_toolchain.md","windows_msvc_cuda_toolchain.md",".md","1282","aiwf_atlas","source_content","","","2026-05-21T07:12:12.0000000Z"
"AIWF_Atlas_VOL1_machine_facing_v3_3_api_cli_guide/03_SOURCE_CONTENT/A_CANONICAL_SOURCE_PACKS/AIWF_Pip_Package_RAG_Starter_v1_9/AIWF_Pip_Package_RAG_Starter_v1_9/VALIDATION_v1_7.json","VALIDATION_v1_7.json",".json","269","aiwf_atlas","source_content","","","2026-05-21T07:12:12.0000000Z"
"AIWF_Atlas_VOL1_machine_facing_v3_3_api_cli_guide/03_SOURCE_CONTENT/A_CANONICAL_SOURCE_PACKS/AIWF_Pip_Package_RAG_Starter_v1_9/AIWF_Pip_Package_RAG_Starter_v1_9/VALIDATION_v1_8.json","VALIDATION_v1_8.json",".json","245","aiwf_atlas","source_content","","","2026-05-21T07:12:12.0000000Z"
"AIWF_Atlas_VOL1_machine_facing_v3_3_api_cli_guide/03_SOURCE_CONTENT/A_CANONICAL_SOURCE_PACKS/AIWF_Pip_Package_RAG_Starter_v1_9/AIWF_Pip_Package_RAG_Starter_v1_9/VALIDATION_v1_9.json","VALIDATION_v1_9.json",".json","250","aiwf_atlas","source_content","","","2026-05-21T07:12:12.0000000Z"
"AIWF_Atlas_VOL1_machine_facing_v3_3_api_cli_guide/03_SOURCE_CONTENT/A_CANONICAL_SOURCE_PACKS/AIWF_Pip_Package_RAG_Starter_v1_9/AIWF_Pip_Package_RAG_Starter_v1_9/wheelhouse/manifests/requirements.lock.example.txt","requirements.lock.example.txt",".txt","219","aiwf_atlas","source_content","","","2026-05-21T07:12:12.0000000Z"
"AIWF_Atlas_VOL1_machine_facing_v3_3_api_cli_guide/03_SOURCE_CONTENT/A_CANONICAL_SOURCE_PACKS/AIWF_Pip_Package_RAG_Starter_v1_9/AIWF_Pip_Package_RAG_Starter_v1_9/wheelhouse/manifests/wheelhouse_manifest.example.json","wheelhouse_manifest.example.json",".json","1298","aiwf_atlas","source_content","","","2026-05-21T07:12:12.0000000Z"
"AIWF_Atlas_VOL1_machine_facing_v3_3_api_cli_guide/03_SOURCE_CONTENT/A_CANONICAL_SOURCE_PACKS/AIWF_Pip_Package_RAG_Starter_v1_9/AIWF_Pip_Package_RAG_Starter_v1_9/wheelhouse/README.md","README.md",".md","362","aiwf_atlas","source_content","","","2026-05-21T07:12:12.0000000Z"
"AIWF_Atlas_VOL1_machine_facing_v3_3_api_cli_guide/03_SOURCE_CONTENT/A_CANONICAL_SOURCE_PACKS/AIWF_Pip_Package_RAG_Starter_v1_9/AIWF_Pip_Package_RAG_Starter_v1_9/wheelhouse/wheel_build_candidates.csv","wheel_build_candidates.csv",".csv","940","aiwf_atlas","source_content","","","2026-05-21T07:12:12.0000000Z"
"AIWF_Atlas_VOL1_machine_facing_v3_3_api_cli_guide/03_SOURCE_CONTENT/A_CANONICAL_SOURCE_PACKS/AIWF_RAG_Concept_Additions_v0_1/AIWF_RAG_Concept_Additions_v0_1/aiwf_rag_concept_index.json","aiwf_rag_concept_index.json",".json","1774","aiwf_atlas","source_content","","","2026-05-21T07:12:12.0000000Z"
"AIWF_Atlas_VOL1_machine_facing_v3_3_api_cli_guide/03_SOURCE_CONTENT/A_CANONICAL_SOURCE_PACKS/AIWF_RAG_Concept_Additions_v0_1/AIWF_RAG_Concept_Additions_v0_1/CHANGELOG.md","CHANGELOG.md",".md","281","aiwf_atlas","source_content","","","2026-05-21T07:12:12.0000000Z"
"AIWF_Atlas_VOL1_machine_facing_v3_3_api_cli_guide/03_SOURCE_CONTENT/A_CANONICAL_SOURCE_PACKS/AIWF_RAG_Concept_Additions_v0_1/AIWF_RAG_Concept_Additions_v0_1/manifest.json","manifest.json",".json","635","aiwf_atlas","source_content","","","2026-05-21T07:12:12.0000000Z"
"AIWF_Atlas_VOL1_machine_facing_v3_3_api_cli_guide/03_SOURCE_CONTENT/A_CANONICAL_SOURCE_PACKS/AIWF_RAG_Concept_Additions_v0_1/AIWF_RAG_Concept_Additions_v0_1/rag_concepts/01_aiwf_compatibility_matrix_rag.md","01_aiwf_compatibility_matrix_rag.md",".md","2876","aiwf_atlas","source_content","","","2026-05-21T07:12:12.0000000Z"
"AIWF_Atlas_VOL1_machine_facing_v3_3_api_cli_guide/03_SOURCE_CONTENT/A_CANONICAL_SOURCE_PACKS/AIWF_RAG_Concept_Additions_v0_1/AIWF_RAG_Concept_Additions_v0_1/rag_concepts/02_aiwf_failure_signature_atlas_rag.md","02_aiwf_failure_signature_atlas_rag.md",".md","2975","aiwf_atlas","source_content","","","2026-05-21T07:12:12.0000000Z"
"AIWF_Atlas_VOL1_machine_facing_v3_3_api_cli_guide/03_SOURCE_CONTENT/A_CANONICAL_SOURCE_PACKS/AIWF_RAG_Concept_Additions_v0_1/AIWF_RAG_Concept_Additions_v0_1/rag_concepts/03_aiwf_workflow_pattern_library_rag.md","03_aiwf_workflow_pattern_library_rag.md",".md","2912","aiwf_atlas","source_content","","","2026-05-21T07:12:12.0000000Z"
"AIWF_Atlas_VOL1_machine_facing_v3_3_api_cli_guide/03_SOURCE_CONTENT/A_CANONICAL_SOURCE_PACKS/AIWF_RAG_Concept_Additions_v0_1/AIWF_RAG_Concept_Additions_v0_1/rag_concepts/04_aiwf_source_ledger_evidence_rag.md","04_aiwf_source_ledger_evidence_rag.md",".md","2601","aiwf_atlas","source_content","","","2026-05-21T07:12:12.0000000Z"
"AIWF_Atlas_VOL1_machine_facing_v3_3_api_cli_guide/03_SOURCE_CONTENT/A_CANONICAL_SOURCE_PACKS/AIWF_RAG_Concept_Additions_v0_1/AIWF_RAG_Concept_Additions_v0_1/README.md","README.md",".md","1125","aiwf_atlas","source_content","","","2026-05-21T07:12:12.0000000Z"
"AIWF_Atlas_VOL1_machine_facing_v3_3_api_cli_guide/03_SOURCE_CONTENT/A_CANONICAL_SOURCE_PACKS/comfyui_advanced_pass01_official_docs/official_source_anchors_comfyui_advanced_pass01.jsonl","official_source_anchors_comfyui_advanced_pass01.jsonl",".jsonl","3587","aiwf_atlas","source_content","","","2026-05-21T07:12:12.0000000Z"
"AIWF_Atlas_VOL1_machine_facing_v3_3_api_cli_guide/03_SOURCE_CONTENT/A_CANONICAL_SOURCE_PACKS/comfyui_advanced_pass01_official_docs/SOURCE_COVERAGE_COMFYUI_ADVANCED_PASS01.md","SOURCE_COVERAGE_COMFYUI_ADVANCED_PASS01.md",".md","3129","aiwf_atlas","source_content","","","2026-05-21T07:12:12.0000000Z"
"AIWF_Atlas_VOL1_machine_facing_v3_3_api_cli_guide/03_SOURCE_CONTENT/A_CANONICAL_SOURCE_PACKS/comfyui_advanced_pass02_datatype_boundaries/source_anchors.jsonl","source_anchors.jsonl",".jsonl","1949","aiwf_atlas","source_content","","","2026-05-21T07:12:12.0000000Z"
"AIWF_Atlas_VOL1_machine_facing_v3_3_api_cli_guide/03_SOURCE_CONTENT/A_CANONICAL_SOURCE_PACKS/comfyui_advanced_pass02_datatype_boundaries/SOURCE_ANCHORS.md","SOURCE_ANCHORS.md",".md","1829","aiwf_atlas","source_content","","","2026-05-21T07:12:12.0000000Z"
"AIWF_Atlas_VOL1_machine_facing_v3_3_api_cli_guide/03_SOURCE_CONTENT/A_CANONICAL_SOURCE_PACKS/comfyui_advanced_pass03_workflow_api_automation_gradio_bridge/source_anchors.jsonl","source_anchors.jsonl",".jsonl","4383","aiwf_atlas","source_content","","","2026-05-21T07:12:12.0000000Z"
"AIWF_Atlas_VOL1_machine_facing_v3_3_api_cli_guide/03_SOURCE_CONTENT/A_CANONICAL_SOURCE_PACKS/comfyui_advanced_pass03_workflow_api_automation_gradio_bridge/SOURCE_ANCHORS.md","SOURCE_ANCHORS.md",".md","3443","aiwf_atlas","source_content","","","2026-05-21T07:12:12.0000000Z"
"AIWF_Atlas_VOL1_machine_facing_v3_3_api_cli_guide/03_SOURCE_CONTENT/A_CANONICAL_SOURCE_PACKS/comfyui_advanced_pass04_workflow_design_patterns/source_anchors.jsonl","source_anchors.jsonl",".jsonl","5155","aiwf_atlas","source_content","","","2026-05-21T07:12:12.0000000Z"
"AIWF_Atlas_VOL1_machine_facing_v3_3_api_cli_guide/03_SOURCE_CONTENT/A_CANONICAL_SOURCE_PACKS/comfyui_advanced_pass04_workflow_design_patterns/SOURCE_ANCHORS.md","SOURCE_ANCHORS.md",".md","3759","aiwf_atlas","source_content","","","2026-05-21T07:12:12.0000000Z"
"AIWF_Atlas_VOL1_machine_facing_v3_3_api_cli_guide/03_SOURCE_CONTENT/A_CANONICAL_SOURCE_PACKS/gradio6_rag_archive_20260521_0838/ATLAS_INTEGRATION_NOTE.md","ATLAS_INTEGRATION_NOTE.md",".md","693","aiwf_atlas","gradio_source_pack","","","2026-05-21T09:22:51.5285121Z"
"AIWF_Atlas_VOL1_machine_facing_v3_3_api_cli_guide/03_SOURCE_CONTENT/A_CANONICAL_SOURCE_PACKS/gradio6_rag_archive_20260521_0838/gradio6_rag_archive/AI_GUIDANCE.md","AI_GUIDANCE.md",".md","2000","aiwf_atlas","gradio_guidance","","","2026-05-20T22:47:45.0000000Z"
"AIWF_Atlas_VOL1_machine_facing_v3_3_api_cli_guide/03_SOURCE_CONTENT/A_CANONICAL_SOURCE_PACKS/gradio6_rag_archive_20260521_0838/gradio6_rag_archive/chapter_01/01_introduction.md","01_introduction.md",".md","424","aiwf_atlas","gradio_handbook","","chapter_01","2026-05-20T22:48:48.0000000Z"
"AIWF_Atlas_VOL1_machine_facing_v3_3_api_cli_guide/03_SOURCE_CONTENT/A_CANONICAL_SOURCE_PACKS/gradio6_rag_archive_20260521_0838/gradio6_rag_archive/chapter_01/02_whats_new_in_gradio6.md","02_whats_new_in_gradio6.md",".md","715","aiwf_atlas","gradio_handbook","","chapter_01","2026-05-20T22:48:53.0000000Z"
"AIWF_Atlas_VOL1_machine_facing_v3_3_api_cli_guide/03_SOURCE_CONTENT/A_CANONICAL_SOURCE_PACKS/gradio6_rag_archive_20260521_0838/gradio6_rag_archive/chapter_01/03_note_for_gradio5_users.md","03_note_for_gradio5_users.md",".md","693","aiwf_atlas","gradio_handbook","","chapter_01","2026-05-20T22:48:58.0000000Z"
"AIWF_Atlas_VOL1_machine_facing_v3_3_api_cli_guide/03_SOURCE_CONTENT/A_CANONICAL_SOURCE_PACKS/gradio6_rag_archive_20260521_0838/gradio6_rag_archive/chapter_01/04_how_to_use_this_handbook.md","04_how_to_use_this_handbook.md",".md","650","aiwf_atlas","gradio_handbook","","chapter_01","2026-05-20T22:49:06.0000000Z"
"AIWF_Atlas_VOL1_machine_facing_v3_3_api_cli_guide/03_SOURCE_CONTENT/A_CANONICAL_SOURCE_PACKS/gradio6_rag_archive_20260521_0838/gradio6_rag_archive/chapter_01/05_getting_started_recommendations.md","05_getting_started_recommendations.md",".md","503","aiwf_atlas","gradio_handbook","","chapter_01","2026-05-20T23:41:45.0000000Z"
"AIWF_Atlas_VOL1_machine_facing_v3_3_api_cli_guide/03_SOURCE_CONTENT/A_CANONICAL_SOURCE_PACKS/gradio6_rag_archive_20260521_0838/gradio6_rag_archive/chapter_01/assets/diagram-1-1-gradio-evolution.jpg","diagram-1-1-gradio-evolution.jpg",".jpg","174056","aiwf_atlas","gradio_handbook","","chapter_01","2026-05-20T22:49:12.0000000Z"
"AIWF_Atlas_VOL1_machine_facing_v3_3_api_cli_guide/03_SOURCE_CONTENT/A_CANONICAL_SOURCE_PACKS/gradio6_rag_archive_20260521_0838/gradio6_rag_archive/chapter_02/01_installation_and_setup.md","01_installation_and_setup.md",".md","348","aiwf_atlas","gradio_handbook","","chapter_02","2026-05-20T22:50:37.0000000Z"
"AIWF_Atlas_VOL1_machine_facing_v3_3_api_cli_guide/03_SOURCE_CONTENT/A_CANONICAL_SOURCE_PACKS/gradio6_rag_archive_20260521_0838/gradio6_rag_archive/chapter_02/02_your_first_gradio6_app.md","02_your_first_gradio6_app.md",".md","423","aiwf_atlas","gradio_handbook","","chapter_02","2026-05-20T22:50:44.0000000Z"
"AIWF_Atlas_VOL1_machine_facing_v3_3_api_cli_guide/03_SOURCE_CONTENT/A_CANONICAL_SOURCE_PACKS/gradio6_rag_archive_20260521_0838/gradio6_rag_archive/chapter_02/03_key_launch_parameters.md","03_key_launch_parameters.md",".md","605","aiwf_atlas","gradio_handbook","","chapter_02","2026-05-20T22:50:48.0000000Z"
"AIWF_Atlas_VOL1_machine_facing_v3_3_api_cli_guide/03_SOURCE_CONTENT/A_CANONICAL_SOURCE_PACKS/gradio6_rag_archive_20260521_0838/gradio6_rag_archive/chapter_03/01_building_chatbots_in_gradio6.md","01_building_chatbots_in_gradio6.md",".md","298","aiwf_atlas","gradio_handbook","","chapter_03","2026-05-20T22:51:34.0000000Z"
"AIWF_Atlas_VOL1_machine_facing_v3_3_api_cli_guide/03_SOURCE_CONTENT/A_CANONICAL_SOURCE_PACKS/gradio6_rag_archive_20260521_0838/gradio6_rag_archive/chapter_03/02_structured_messages_and_multimodal.md","02_structured_messages_and_multimodal.md",".md","421","aiwf_atlas","gradio_handbook","","chapter_03","2026-05-20T22:51:39.0000000Z"
"AIWF_Atlas_VOL1_machine_facing_v3_3_api_cli_guide/03_SOURCE_CONTENT/A_CANONICAL_SOURCE_PACKS/gradio6_rag_archive_20260521_0838/gradio6_rag_archive/chapter_03/03_streaming_and_multimodal_chat.md","03_streaming_and_multimodal_chat.md",".md","207","aiwf_atlas","gradio_handbook","","chapter_03","2026-05-20T23:49:09.0000000Z"
"AIWF_Atlas_VOL1_machine_facing_v3_3_api_cli_guide/03_SOURCE_CONTENT/A_CANONICAL_SOURCE_PACKS/gradio6_rag_archive_20260521_0838/gradio6_rag_archive/chapter_04/01_blocks_and_event_system_overview.md","01_blocks_and_event_system_overview.md",".md","362","aiwf_atlas","gradio_handbook","","chapter_04","2026-05-20T22:51:43.0000000Z"
"AIWF_Atlas_VOL1_machine_facing_v3_3_api_cli_guide/03_SOURCE_CONTENT/A_CANONICAL_SOURCE_PACKS/gradio6_rag_archive_20260521_0838/gradio6_rag_archive/chapter_04/02_event_chaining_and_progress.md","02_event_chaining_and_progress.md",".md","370","aiwf_atlas","gradio_handbook","","chapter_04","2026-05-20T22:51:50.0000000Z"
"AIWF_Atlas_VOL1_machine_facing_v3_3_api_cli_guide/03_SOURCE_CONTENT/A_CANONICAL_SOURCE_PACKS/gradio6_rag_archive_20260521_0838/gradio6_rag_archive/chapter_04/03_state_management.md","03_state_management.md",".md","355","aiwf_atlas","gradio_handbook","","chapter_04","2026-05-20T22:51:54.0000000Z"
"AIWF_Atlas_VOL1_machine_facing_v3_3_api_cli_guide/03_SOURCE_CONTENT/A_CANONICAL_SOURCE_PACKS/gradio6_rag_archive_20260521_0838/gradio6_rag_archive/chapter_04/04_best_practices_for_events.md","04_best_practices_for_events.md",".md","383","aiwf_atlas","gradio_handbook","","chapter_04","2026-05-20T23:41:53.0000000Z"
"AIWF_Atlas_VOL1_machine_facing_v3_3_api_cli_guide/03_SOURCE_CONTENT/A_CANONICAL_SOURCE_PACKS/gradio6_rag_archive_20260521_0838/gradio6_rag_archive/chapter_04/05_progress_and_long_running_tasks.md","05_progress_and_long_running_tasks.md",".md","225","aiwf_atlas","gradio_handbook","","chapter_04","2026-05-21T00:01:16.0000000Z"
"AIWF_Atlas_VOL1_machine_facing_v3_3_api_cli_guide/03_SOURCE_CONTENT/A_CANONICAL_SOURCE_PACKS/gradio6_rag_archive_20260521_0838/gradio6_rag_archive/chapter_05/01_core_components_overview.md","01_core_components_overview.md",".md","363","aiwf_atlas","gradio_handbook","","chapter_05","2026-05-20T22:55:06.0000000Z"
"AIWF_Atlas_VOL1_machine_facing_v3_3_api_cli_guide/03_SOURCE_CONTENT/A_CANONICAL_SOURCE_PACKS/gradio6_rag_archive_20260521_0838/gradio6_rag_archive/chapter_05/02_dataframe_and_gallery.md","02_dataframe_and_gallery.md",".md","316","aiwf_atlas","gradio_handbook","","chapter_05","2026-05-20T23:45:29.0000000Z"
"AIWF_Atlas_VOL1_machine_facing_v3_3_api_cli_guide/03_SOURCE_CONTENT/A_CANONICAL_SOURCE_PACKS/gradio6_rag_archive_20260521_0838/gradio6_rag_archive/chapter_05/03_video_and_audio_components.md","03_video_and_audio_components.md",".md","232","aiwf_atlas","gradio_handbook","","chapter_05","2026-05-20T23:49:10.0000000Z"
"AIWF_Atlas_VOL1_machine_facing_v3_3_api_cli_guide/03_SOURCE_CONTENT/A_CANONICAL_SOURCE_PACKS/gradio6_rag_archive_20260521_0838/gradio6_rag_archive/chapter_05/04_image_and_file_handling.md","04_image_and_file_handling.md",".md","162","aiwf_atlas","gradio_handbook","","chapter_05","2026-05-20T23:51:41.0000000Z"
"AIWF_Atlas_VOL1_machine_facing_v3_3_api_cli_guide/03_SOURCE_CONTENT/A_CANONICAL_SOURCE_PACKS/gradio6_rag_archive_20260521_0838/gradio6_rag_archive/chapter_06/01_theming_and_custom_components.md","01_theming_and_custom_components.md",".md","297","aiwf_atlas","gradio_handbook","","chapter_06","2026-05-20T22:55:10.0000000Z"
"AIWF_Atlas_VOL1_machine_facing_v3_3_api_cli_guide/03_SOURCE_CONTENT/A_CANONICAL_SOURCE_PACKS/gradio6_rag_archive_20260521_0838/gradio6_rag_archive/chapter_06/02_creating_custom_components.md","02_creating_custom_components.md",".md","292","aiwf_atlas","gradio_handbook","","chapter_06","2026-05-20T23:45:30.0000000Z"
"AIWF_Atlas_VOL1_machine_facing_v3_3_api_cli_guide/03_SOURCE_CONTENT/A_CANONICAL_SOURCE_PACKS/gradio6_rag_archive_20260521_0838/gradio6_rag_archive/chapter_06/03_theming_best_practices.md","03_theming_best_practices.md",".md","172","aiwf_atlas","gradio_handbook","","chapter_06","2026-05-20T23:50:02.0000000Z"
"AIWF_Atlas_VOL1_machine_facing_v3_3_api_cli_guide/03_SOURCE_CONTENT/A_CANONICAL_SOURCE_PACKS/gradio6_rag_archive_20260521_0838/gradio6_rag_archive/chapter_06/assets/diagram-6-1-theming-architecture.jpg","diagram-6-1-theming-architecture.jpg",".jpg","177986","aiwf_atlas","gradio_handbook","","chapter_06","2026-05-20T23:55:03.0000000Z"
"AIWF_Atlas_VOL1_machine_facing_v3_3_api_cli_guide/03_SOURCE_CONTENT/A_CANONICAL_SOURCE_PACKS/gradio6_rag_archive_20260521_0838/gradio6_rag_archive/chapter_07/01_events_queuing_and_realtime.md","01_events_queuing_and_realtime.md",".md","327","aiwf_atlas","gradio_handbook","","chapter_07","2026-05-20T22:55:12.0000000Z"
"AIWF_Atlas_VOL1_machine_facing_v3_3_api_cli_guide/03_SOURCE_CONTENT/A_CANONICAL_SOURCE_PACKS/gradio6_rag_archive_20260521_0838/gradio6_rag_archive/chapter_07/02_concurrency_and_queue_tuning.md","02_concurrency_and_queue_tuning.md",".md","206","aiwf_atlas","gradio_handbook","","chapter_07","2026-05-20T23:49:11.0000000Z"
"AIWF_Atlas_VOL1_machine_facing_v3_3_api_cli_guide/03_SOURCE_CONTENT/A_CANONICAL_SOURCE_PACKS/gradio6_rag_archive_20260521_0838/gradio6_rag_archive/chapter_07/03_streaming_responses.md","03_streaming_responses.md",".md","149","aiwf_atlas","gradio_handbook","","chapter_07","2026-05-20T23:51:42.0000000Z"
"AIWF_Atlas_VOL1_machine_facing_v3_3_api_cli_guide/03_SOURCE_CONTENT/A_CANONICAL_SOURCE_PACKS/gradio6_rag_archive_20260521_0838/gradio6_rag_archive/chapter_07/04_streaming_generation.md","04_streaming_generation.md",".md","197","aiwf_atlas","gradio_handbook","","chapter_07","2026-05-21T00:01:17.0000000Z"
"AIWF_Atlas_VOL1_machine_facing_v3_3_api_cli_guide/03_SOURCE_CONTENT/A_CANONICAL_SOURCE_PACKS/gradio6_rag_archive_20260521_0838/gradio6_rag_archive/chapter_08/01_state_caching_and_optimization.md","01_state_caching_and_optimization.md",".md","299","aiwf_atlas","gradio_handbook","","chapter_08","2026-05-20T22:55:13.0000000Z"
"AIWF_Atlas_VOL1_machine_facing_v3_3_api_cli_guide/03_SOURCE_CONTENT/A_CANONICAL_SOURCE_PACKS/gradio6_rag_archive_20260521_0838/gradio6_rag_archive/chapter_08/02_caching_strategies.md","02_caching_strategies.md",".md","212","aiwf_atlas","gradio_handbook","","chapter_08","2026-05-20T23:49:13.0000000Z"
"AIWF_Atlas_VOL1_machine_facing_v3_3_api_cli_guide/03_SOURCE_CONTENT/A_CANONICAL_SOURCE_PACKS/gradio6_rag_archive_20260521_0838/gradio6_rag_archive/chapter_08/03_browserstate_usage.md","03_browserstate_usage.md",".md","180","aiwf_atlas","gradio_handbook","","chapter_08","2026-05-20T23:54:00.0000000Z"
"AIWF_Atlas_VOL1_machine_facing_v3_3_api_cli_guide/03_SOURCE_CONTENT/A_CANONICAL_SOURCE_PACKS/gradio6_rag_archive_20260521_0838/gradio6_rag_archive/chapter_08/04_caching_for_generation.md","04_caching_for_generation.md",".md","205","aiwf_atlas","gradio_handbook","","chapter_08","2026-05-21T00:01:18.0000000Z"
"AIWF_Atlas_VOL1_machine_facing_v3_3_api_cli_guide/03_SOURCE_CONTENT/A_CANONICAL_SOURCE_PACKS/gradio6_rag_archive_20260521_0838/gradio6_rag_archive/chapter_08/05_session_state_for_generation.md","05_session_state_for_generation.md",".md","224","aiwf_atlas","gradio_handbook","","chapter_08","2026-05-21T00:01:21.0000000Z"
"AIWF_Atlas_VOL1_machine_facing_v3_3_api_cli_guide/03_SOURCE_CONTENT/A_CANONICAL_SOURCE_PACKS/gradio6_rag_archive_20260521_0838/gradio6_rag_archive/chapter_09/01_authentication_and_security.md","01_authentication_and_security.md",".md","291","aiwf_atlas","gradio_handbook","","chapter_09","2026-05-20T22:55:14.0000000Z"
"AIWF_Atlas_VOL1_machine_facing_v3_3_api_cli_guide/03_SOURCE_CONTENT/A_CANONICAL_SOURCE_PACKS/gradio6_rag_archive_20260521_0838/gradio6_rag_archive/chapter_09/02_rate_limiting_and_security.md","02_rate_limiting_and_security.md",".md","178","aiwf_atlas","gradio_handbook","","chapter_09","2026-05-20T23:50:03.0000000Z"
"AIWF_Atlas_VOL1_machine_facing_v3_3_api_cli_guide/03_SOURCE_CONTENT/A_CANONICAL_SOURCE_PACKS/gradio6_rag_archive_20260521_0838/gradio6_rag_archive/chapter_09/03_input_validation.md","03_input_validation.md",".md","152","aiwf_atlas","gradio_handbook","","chapter_09","2026-05-20T23:51:43.0000000Z"
"AIWF_Atlas_VOL1_machine_facing_v3_3_api_cli_guide/03_SOURCE_CONTENT/A_CANONICAL_SOURCE_PACKS/gradio6_rag_archive_20260521_0838/gradio6_rag_archive/chapter_09/04_oauth_and_auth_patterns.md","04_oauth_and_auth_patterns.md",".md","160","aiwf_atlas","gradio_handbook","","chapter_09","2026-05-20T23:54:01.0000000Z"
"AIWF_Atlas_VOL1_machine_facing_v3_3_api_cli_guide/03_SOURCE_CONTENT/A_CANONICAL_SOURCE_PACKS/gradio6_rag_archive_20260521_0838/gradio6_rag_archive/chapter_10/01_deployment_options_overview.md","01_deployment_options_overview.md",".md","304","aiwf_atlas","gradio_handbook","","chapter_10","2026-05-20T22:57:11.0000000Z"
"AIWF_Atlas_VOL1_machine_facing_v3_3_api_cli_guide/03_SOURCE_CONTENT/A_CANONICAL_SOURCE_PACKS/gradio6_rag_archive_20260521_0838/gradio6_rag_archive/chapter_10/02_lakefs_integration.md","02_lakefs_integration.md",".md","463","aiwf_atlas","gradio_handbook","","chapter_10","2026-05-20T23:41:54.0000000Z"
"AIWF_Atlas_VOL1_machine_facing_v3_3_api_cli_guide/03_SOURCE_CONTENT/A_CANONICAL_SOURCE_PACKS/gradio6_rag_archive_20260521_0838/gradio6_rag_archive/chapter_10/03_gr_server_mode.md","03_gr_server_mode.md",".md","259","aiwf_atlas","gradio_handbook","","chapter_10","2026-05-20T23:48:16.0000000Z"
"AIWF_Atlas_VOL1_machine_facing_v3_3_api_cli_guide/03_SOURCE_CONTENT/A_CANONICAL_SOURCE_PACKS/gradio6_rag_archive_20260521_0838/gradio6_rag_archive/chapter_10/assets/diagram-10-1-deployment-pipeline-lakefs.jpg","diagram-10-1-deployment-pipeline-lakefs.jpg",".jpg","191392","aiwf_atlas","gradio_handbook","","chapter_10","2026-05-20T23:55:04.0000000Z"
"AIWF_Atlas_VOL1_machine_facing_v3_3_api_cli_guide/03_SOURCE_CONTENT/A_CANONICAL_SOURCE_PACKS/gradio6_rag_archive_20260521_0838/gradio6_rag_archive/chapter_11/01_api_clients_and_integration.md","01_api_clients_and_integration.md",".md","220","aiwf_atlas","gradio_handbook","","chapter_11","2026-05-20T22:57:12.0000000Z"
"AIWF_Atlas_VOL1_machine_facing_v3_3_api_cli_guide/03_SOURCE_CONTENT/A_CANONICAL_SOURCE_PACKS/gradio6_rag_archive_20260521_0838/gradio6_rag_archive/chapter_11/02_python_and_js_clients.md","02_python_and_js_clients.md",".md","208","aiwf_atlas","gradio_handbook","","chapter_11","2026-05-20T23:49:14.0000000Z"
"AIWF_Atlas_VOL1_machine_facing_v3_3_api_cli_guide/03_SOURCE_CONTENT/A_CANONICAL_SOURCE_PACKS/gradio6_rag_archive_20260521_0838/gradio6_rag_archive/chapter_11/03_fastapi_integration.md","03_fastapi_integration.md",".md","183","aiwf_atlas","gradio_handbook","","chapter_11","2026-05-20T23:52:29.0000000Z"
"AIWF_Atlas_VOL1_machine_facing_v3_3_api_cli_guide/03_SOURCE_CONTENT/A_CANONICAL_SOURCE_PACKS/gradio6_rag_archive_20260521_0838/gradio6_rag_archive/chapter_11/04_langgraph_integration.md","04_langgraph_integration.md",".md","194","aiwf_atlas","gradio_handbook","","chapter_11","2026-05-20T23:54:02.0000000Z"
"AIWF_Atlas_VOL1_machine_facing_v3_3_api_cli_guide/03_SOURCE_CONTENT/A_CANONICAL_SOURCE_PACKS/gradio6_rag_archive_20260521_0838/gradio6_rag_archive/chapter_12/01_building_custom_components.md","01_building_custom_components.md",".md","221","aiwf_atlas","gradio_handbook","","chapter_12","2026-05-20T22:57:13.0000000Z"
"AIWF_Atlas_VOL1_machine_facing_v3_3_api_cli_guide/03_SOURCE_CONTENT/A_CANONICAL_SOURCE_PACKS/gradio6_rag_archive_20260521_0838/gradio6_rag_archive/chapter_12/02_svelte5_best_practices.md","02_svelte5_best_practices.md",".md","433","aiwf_atlas","gradio_handbook","","chapter_12","2026-05-20T23:46:38.0000000Z"
"AIWF_Atlas_VOL1_machine_facing_v3_3_api_cli_guide/03_SOURCE_CONTENT/A_CANONICAL_SOURCE_PACKS/gradio6_rag_archive_20260521_0838/gradio6_rag_archive/chapter_12/03_publishing_components.md","03_publishing_components.md",".md","173","aiwf_atlas","gradio_handbook","","chapter_12","2026-05-20T23:50:04.0000000Z"
"AIWF_Atlas_VOL1_machine_facing_v3_3_api_cli_guide/03_SOURCE_CONTENT/A_CANONICAL_SOURCE_PACKS/gradio6_rag_archive_20260521_0838/gradio6_rag_archive/chapter_12/04_versioning_components.md","04_versioning_components.md",".md","140","aiwf_atlas","gradio_handbook","","chapter_12","2026-05-20T23:51:45.0000000Z"
"AIWF_Atlas_VOL1_machine_facing_v3_3_api_cli_guide/03_SOURCE_CONTENT/A_CANONICAL_SOURCE_PACKS/gradio6_rag_archive_20260521_0838/gradio6_rag_archive/chapter_13/01_labs_overview.md","01_labs_overview.md",".md","228","aiwf_atlas","gradio_handbook","","chapter_13","2026-05-20T22:57:14.0000000Z"
"AIWF_Atlas_VOL1_machine_facing_v3_3_api_cli_guide/03_SOURCE_CONTENT/A_CANONICAL_SOURCE_PACKS/gradio6_rag_archive_20260521_0838/gradio6_rag_archive/chapter_13/02_lab1_rag_and_lakefs.md","02_lab1_rag_and_lakefs.md",".md","202","aiwf_atlas","gradio_handbook","","chapter_13","2026-05-20T23:48:17.0000000Z"
"AIWF_Atlas_VOL1_machine_facing_v3_3_api_cli_guide/03_SOURCE_CONTENT/A_CANONICAL_SOURCE_PACKS/gradio6_rag_archive_20260521_0838/gradio6_rag_archive/chapter_13/03_lab2_voice_and_ab_testing.md","03_lab2_voice_and_ab_testing.md",".md","159","aiwf_atlas","gradio_handbook","","chapter_13","2026-05-20T23:48:18.0000000Z"
"AIWF_Atlas_VOL1_machine_facing_v3_3_api_cli_guide/03_SOURCE_CONTENT/A_CANONICAL_SOURCE_PACKS/gradio6_rag_archive_20260521_0838/gradio6_rag_archive/chapter_13/04_lab3_document_ai.md","04_lab3_document_ai.md",".md","150","aiwf_atlas","gradio_handbook","","chapter_13","2026-05-20T23:49:15.0000000Z"
"AIWF_Atlas_VOL1_machine_facing_v3_3_api_cli_guide/03_SOURCE_CONTENT/A_CANONICAL_SOURCE_PACKS/gradio6_rag_archive_20260521_0838/gradio6_rag_archive/chapter_13/05_lab4_quality_dashboard.md","05_lab4_quality_dashboard.md",".md","145","aiwf_atlas","gradio_handbook","","chapter_13","2026-05-20T23:50:06.0000000Z"
"AIWF_Atlas_VOL1_machine_facing_v3_3_api_cli_guide/03_SOURCE_CONTENT/A_CANONICAL_SOURCE_PACKS/gradio6_rag_archive_20260521_0838/gradio6_rag_archive/chapter_13/06_lab5_multi_agent.md","06_lab5_multi_agent.md",".md","140","aiwf_atlas","gradio_handbook","","chapter_13","2026-05-20T23:51:46.0000000Z"
"AIWF_Atlas_VOL1_machine_facing_v3_3_api_cli_guide/03_SOURCE_CONTENT/A_CANONICAL_SOURCE_PACKS/gradio6_rag_archive_20260521_0838/gradio6_rag_archive/chapter_13/07_lab6_hardware_optimizer.md","07_lab6_hardware_optimizer.md",".md","150","aiwf_atlas","gradio_handbook","","chapter_13","2026-05-20T23:52:30.0000000Z"
"AIWF_Atlas_VOL1_machine_facing_v3_3_api_cli_guide/03_SOURCE_CONTENT/A_CANONICAL_SOURCE_PACKS/gradio6_rag_archive_20260521_0838/gradio6_rag_archive/chapter_14/01_capstones_overview.md","01_capstones_overview.md",".md","206","aiwf_atlas","gradio_handbook","","chapter_14","2026-05-20T22:57:16.0000000Z"
"AIWF_Atlas_VOL1_machine_facing_v3_3_api_cli_guide/03_SOURCE_CONTENT/A_CANONICAL_SOURCE_PACKS/gradio6_rag_archive_20260521_0838/gradio6_rag_archive/chapter_14/02_capstone1_document_agent.md","02_capstone1_document_agent.md",".md","161","aiwf_atlas","gradio_handbook","","chapter_14","2026-05-20T23:48:19.0000000Z"
"AIWF_Atlas_VOL1_machine_facing_v3_3_api_cli_guide/03_SOURCE_CONTENT/A_CANONICAL_SOURCE_PACKS/gradio6_rag_archive_20260521_0838/gradio6_rag_archive/chapter_14/03_capstone2_multi_agent.md","03_capstone2_multi_agent.md",".md","141","aiwf_atlas","gradio_handbook","","chapter_14","2026-05-20T23:49:16.0000000Z"
"AIWF_Atlas_VOL1_machine_facing_v3_3_api_cli_guide/03_SOURCE_CONTENT/A_CANONICAL_SOURCE_PACKS/gradio6_rag_archive_20260521_0838/gradio6_rag_archive/chapter_14/04_capstone3_voice_assistant.md","04_capstone3_voice_assistant.md",".md","160","aiwf_atlas","gradio_handbook","","chapter_14","2026-05-20T23:50:07.0000000Z"
"AIWF_Atlas_VOL1_machine_facing_v3_3_api_cli_guide/03_SOURCE_CONTENT/A_CANONICAL_SOURCE_PACKS/gradio6_rag_archive_20260521_0838/gradio6_rag_archive/chapter_14/05_capstone_summary.md","05_capstone_summary.md",".md","194","aiwf_atlas","gradio_handbook","","chapter_14","2026-05-20T23:52:32.0000000Z"
"AIWF_Atlas_VOL1_machine_facing_v3_3_api_cli_guide/03_SOURCE_CONTENT/A_CANONICAL_SOURCE_PACKS/gradio6_rag_archive_20260521_0838/gradio6_rag_archive/chapter_15/01_migration_from_gradio5.md","01_migration_from_gradio5.md",".md","211","aiwf_atlas","gradio_handbook","","chapter_15","2026-05-20T22:57:17.0000000Z"
"AIWF_Atlas_VOL1_machine_facing_v3_3_api_cli_guide/03_SOURCE_CONTENT/A_CANONICAL_SOURCE_PACKS/gradio6_rag_archive_20260521_0838/gradio6_rag_archive/chapter_15/02_safe_migration_strategy.md","02_safe_migration_strategy.md",".md","385","aiwf_atlas","gradio_handbook","","chapter_15","2026-05-20T23:41:55.0000000Z"
"AIWF_Atlas_VOL1_machine_facing_v3_3_api_cli_guide/03_SOURCE_CONTENT/A_CANONICAL_SOURCE_PACKS/gradio6_rag_archive_20260521_0838/gradio6_rag_archive/chapter_15/03_common_migration_issues.md","03_common_migration_issues.md",".md","422","aiwf_atlas","gradio_handbook","","chapter_15","2026-05-20T23:46:39.0000000Z"
"AIWF_Atlas_VOL1_machine_facing_v3_3_api_cli_guide/03_SOURCE_CONTENT/A_CANONICAL_SOURCE_PACKS/gradio6_rag_archive_20260521_0838/gradio6_rag_archive/chapter_15/assets/diagram-15-1-migration-decision-tree.jpg","diagram-15-1-migration-decision-tree.jpg",".jpg","181455","aiwf_atlas","gradio_handbook","","chapter_15","2026-05-20T23:55:06.0000000Z"
"AIWF_Atlas_VOL1_machine_facing_v3_3_api_cli_guide/03_SOURCE_CONTENT/A_CANONICAL_SOURCE_PACKS/gradio6_rag_archive_20260521_0838/gradio6_rag_archive/chapter_16/01_glossary_and_resources.md","01_glossary_and_resources.md",".md","168","aiwf_atlas","gradio_handbook","","chapter_16","2026-05-20T22:57:18.0000000Z"
"AIWF_Atlas_VOL1_machine_facing_v3_3_api_cli_guide/03_SOURCE_CONTENT/A_CANONICAL_SOURCE_PACKS/gradio6_rag_archive_20260521_0838/gradio6_rag_archive/chapter_16/02_glossary.md","02_glossary.md",".md","166","aiwf_atlas","gradio_handbook","","chapter_16","2026-05-20T23:49:17.0000000Z"
"AIWF_Atlas_VOL1_machine_facing_v3_3_api_cli_guide/03_SOURCE_CONTENT/A_CANONICAL_SOURCE_PACKS/gradio6_rag_archive_20260521_0838/gradio6_rag_archive/chapter_16/03_index_and_resources.md","03_index_and_resources.md",".md","188","aiwf_atlas","gradio_handbook","","chapter_16","2026-05-20T23:52:33.0000000Z"
"AIWF_Atlas_VOL1_machine_facing_v3_3_api_cli_guide/03_SOURCE_CONTENT/A_CANONICAL_SOURCE_PACKS/gradio6_rag_archive_20260521_0838/gradio6_rag_archive/chapter_17/01_production_operations_overview.md","01_production_operations_overview.md",".md","218","aiwf_atlas","gradio_handbook","","chapter_17","2026-05-20T22:57:19.0000000Z"
"AIWF_Atlas_VOL1_machine_facing_v3_3_api_cli_guide/03_SOURCE_CONTENT/A_CANONICAL_SOURCE_PACKS/gradio6_rag_archive_20260521_0838/gradio6_rag_archive/chapter_17/02_observability_in_detail.md","02_observability_in_detail.md",".md","334","aiwf_atlas","gradio_handbook","","chapter_17","2026-05-20T23:41:56.0000000Z"
"AIWF_Atlas_VOL1_machine_facing_v3_3_api_cli_guide/03_SOURCE_CONTENT/A_CANONICAL_SOURCE_PACKS/gradio6_rag_archive_20260521_0838/gradio6_rag_archive/chapter_17/03_testing_and_cicd.md","03_testing_and_cicd.md",".md","352","aiwf_atlas","gradio_handbook","","chapter_17","2026-05-20T23:45:31.0000000Z"
"AIWF_Atlas_VOL1_machine_facing_v3_3_api_cli_guide/03_SOURCE_CONTENT/A_CANONICAL_SOURCE_PACKS/gradio6_rag_archive_20260521_0838/gradio6_rag_archive/chapter_17/04_error_handling_and_ux.md","04_error_handling_and_ux.md",".md","218","aiwf_atlas","gradio_handbook","","chapter_17","2026-05-20T23:48:21.0000000Z"
"AIWF_Atlas_VOL1_machine_facing_v3_3_api_cli_guide/03_SOURCE_CONTENT/A_CANONICAL_SOURCE_PACKS/gradio6_rag_archive_20260521_0838/gradio6_rag_archive/chapter_17/05_anti_patterns.md","05_anti_patterns.md",".md","234","aiwf_atlas","gradio_handbook","","chapter_17","2026-05-20T23:48:22.0000000Z"
"AIWF_Atlas_VOL1_machine_facing_v3_3_api_cli_guide/03_SOURCE_CONTENT/A_CANONICAL_SOURCE_PACKS/gradio6_rag_archive_20260521_0838/gradio6_rag_archive/chapter_17/06_session_management.md","06_session_management.md",".md","193","aiwf_atlas","gradio_handbook","","chapter_17","2026-05-20T23:50:08.0000000Z"
"AIWF_Atlas_VOL1_machine_facing_v3_3_api_cli_guide/03_SOURCE_CONTENT/A_CANONICAL_SOURCE_PACKS/gradio6_rag_archive_20260521_0838/gradio6_rag_archive/chapter_17/07_structured_logging.md","07_structured_logging.md",".md","149","aiwf_atlas","gradio_handbook","","chapter_17","2026-05-20T23:51:47.0000000Z"
"AIWF_Atlas_VOL1_machine_facing_v3_3_api_cli_guide/03_SOURCE_CONTENT/A_CANONICAL_SOURCE_PACKS/gradio6_rag_archive_20260521_0838/gradio6_rag_archive/chapter_17/08_cost_tracking.md","08_cost_tracking.md",".md","222","aiwf_atlas","gradio_handbook","","chapter_17","2026-05-21T00:01:19.0000000Z"
"AIWF_Atlas_VOL1_machine_facing_v3_3_api_cli_guide/03_SOURCE_CONTENT/A_CANONICAL_SOURCE_PACKS/gradio6_rag_archive_20260521_0838/gradio6_rag_archive/chapter_17/09_error_handling_generation.md","09_error_handling_generation.md",".md","210","aiwf_atlas","gradio_handbook","","chapter_17","2026-05-21T00:01:20.0000000Z"
"AIWF_Atlas_VOL1_machine_facing_v3_3_api_cli_guide/03_SOURCE_CONTENT/A_CANONICAL_SOURCE_PACKS/gradio6_rag_archive_20260521_0838/gradio6_rag_archive/chapter_17/assets/diagram-10-1-deployment-pipeline-lakefs.jpg","diagram-10-1-deployment-pipeline-lakefs.jpg",".jpg","191392","aiwf_atlas","gradio_handbook","","chapter_17","2026-05-20T23:56:06.0000000Z"
"AIWF_Atlas_VOL1_machine_facing_v3_3_api_cli_guide/03_SOURCE_CONTENT/A_CANONICAL_SOURCE_PACKS/gradio6_rag_archive_20260521_0838/gradio6_rag_archive/chapter_17/assets/diagram-10-2-deployment-decision-matrix.jpg","diagram-10-2-deployment-decision-matrix.jpg",".jpg","182511","aiwf_atlas","gradio_handbook","","chapter_17","2026-05-20T23:56:07.0000000Z"
"AIWF_Atlas_VOL1_machine_facing_v3_3_api_cli_guide/03_SOURCE_CONTENT/A_CANONICAL_SOURCE_PACKS/gradio6_rag_archive_20260521_0838/gradio6_rag_archive/chapter_17/assets/diagram-11-1-api-hub-architecture.jpg","diagram-11-1-api-hub-architecture.jpg",".jpg","182686","aiwf_atlas","gradio_handbook","","chapter_17","2026-05-20T23:56:08.0000000Z"
"AIWF_Atlas_VOL1_machine_facing_v3_3_api_cli_guide/03_SOURCE_CONTENT/A_CANONICAL_SOURCE_PACKS/gradio6_rag_archive_20260521_0838/gradio6_rag_archive/chapter_17/assets/diagram-1-1-gradio-evolution.jpg","diagram-1-1-gradio-evolution.jpg",".jpg","174056","aiwf_atlas","gradio_handbook","","chapter_17","2026-05-20T23:56:05.0000000Z"
"AIWF_Atlas_VOL1_machine_facing_v3_3_api_cli_guide/03_SOURCE_CONTENT/A_CANONICAL_SOURCE_PACKS/gradio6_rag_archive_20260521_0838/gradio6_rag_archive/chapter_17/assets/diagram-13-1-lab-learning-path.jpg","diagram-13-1-lab-learning-path.jpg",".jpg","200235","aiwf_atlas","gradio_handbook","","chapter_17","2026-05-20T23:56:09.0000000Z"
"AIWF_Atlas_VOL1_machine_facing_v3_3_api_cli_guide/03_SOURCE_CONTENT/A_CANONICAL_SOURCE_PACKS/gradio6_rag_archive_20260521_0838/gradio6_rag_archive/chapter_17/assets/diagram-14-1-capstone-architecture.jpg","diagram-14-1-capstone-architecture.jpg",".jpg","213324","aiwf_atlas","gradio_handbook","","chapter_17","2026-05-20T23:56:10.0000000Z"
"AIWF_Atlas_VOL1_machine_facing_v3_3_api_cli_guide/03_SOURCE_CONTENT/A_CANONICAL_SOURCE_PACKS/gradio6_rag_archive_20260521_0838/gradio6_rag_archive/chapter_17/assets/diagram-15-1-migration-decision-tree.jpg","diagram-15-1-migration-decision-tree.jpg",".jpg","181455","aiwf_atlas","gradio_handbook","","chapter_17","2026-05-20T23:56:11.0000000Z"
"AIWF_Atlas_VOL1_machine_facing_v3_3_api_cli_guide/03_SOURCE_CONTENT/A_CANONICAL_SOURCE_PACKS/gradio6_rag_archive_20260521_0838/gradio6_rag_archive/chapter_17/assets/diagram-16-1-knowledge-graph.jpg","diagram-16-1-knowledge-graph.jpg",".jpg","200713","aiwf_atlas","gradio_handbook","","chapter_17","2026-05-20T23:56:12.0000000Z"
"AIWF_Atlas_VOL1_machine_facing_v3_3_api_cli_guide/03_SOURCE_CONTENT/A_CANONICAL_SOURCE_PACKS/gradio6_rag_archive_20260521_0838/gradio6_rag_archive/chapter_17/assets/diagram-6-1-theming-architecture.jpg","diagram-6-1-theming-architecture.jpg",".jpg","177986","aiwf_atlas","gradio_handbook","","chapter_17","2026-05-20T23:56:13.0000000Z"
"AIWF_Atlas_VOL1_machine_facing_v3_3_api_cli_guide/03_SOURCE_CONTENT/A_CANONICAL_SOURCE_PACKS/gradio6_rag_archive_20260521_0838/gradio6_rag_archive/chapter_17/assets/diagram-6-2-custom-component-lifecycle.jpg","diagram-6-2-custom-component-lifecycle.jpg",".jpg","131864","aiwf_atlas","gradio_handbook","","chapter_17","2026-05-20T23:56:14.0000000Z"
"AIWF_Atlas_VOL1_machine_facing_v3_3_api_cli_guide/03_SOURCE_CONTENT/A_CANONICAL_SOURCE_PACKS/gradio6_rag_archive_20260521_0838/gradio6_rag_archive/chapter_17/assets/diagram-7-1-event-queue-architecture.jpg","diagram-7-1-event-queue-architecture.jpg",".jpg","181711","aiwf_atlas","gradio_handbook","","chapter_17","2026-05-20T23:56:15.0000000Z"
"AIWF_Atlas_VOL1_machine_facing_v3_3_api_cli_guide/03_SOURCE_CONTENT/A_CANONICAL_SOURCE_PACKS/gradio6_rag_archive_20260521_0838/gradio6_rag_archive/chapter_17/assets/diagram-8-1-state-caching-architecture.jpg","diagram-8-1-state-caching-architecture.jpg",".jpg","177454","aiwf_atlas","gradio_handbook","","chapter_17","2026-05-20T23:56:16.0000000Z"
"AIWF_Atlas_VOL1_machine_facing_v3_3_api_cli_guide/03_SOURCE_CONTENT/A_CANONICAL_SOURCE_PACKS/gradio6_rag_archive_20260521_0838/gradio6_rag_archive/chapter_17/assets/pJoo1.jpg","pJoo1.jpg",".jpg","222612","aiwf_atlas","gradio_handbook","","chapter_17","2026-05-20T23:56:17.0000000Z"
"AIWF_Atlas_VOL1_machine_facing_v3_3_api_cli_guide/03_SOURCE_CONTENT/A_CANONICAL_SOURCE_PACKS/gradio6_rag_archive_20260521_0838/gradio6_rag_archive/chapter_17/assets/Sc1Dc.jpg","Sc1Dc.jpg",".jpg","138742","aiwf_atlas","gradio_handbook","","chapter_17","2026-05-20T23:56:04.0000000Z"
"AIWF_Atlas_VOL1_machine_facing_v3_3_api_cli_guide/03_SOURCE_CONTENT/A_CANONICAL_SOURCE_PACKS/gradio6_rag_archive_20260521_0838/gradio6_rag_archive/RAG_INDEX.md","RAG_INDEX.md",".md","2672","aiwf_atlas","gradio_index","","","2026-05-20T22:47:54.0000000Z"
"AIWF_Atlas_VOL1_machine_facing_v3_3_api_cli_guide/03_SOURCE_CONTENT/B_RAW_PROVENANCE_ARCHIVES/aiwf_node_research_pass02N_flux_model_control_sampler_mds_v1_4/aiwf_node_research_pass02N_flux_model_control_sampler_mds_v1_4/AIWF_MODERN_TIER_DECISION_LAYER_PASS02J.csv","AIWF_MODERN_TIER_DECISION_LAYER_PASS02J.csv",".csv","5136","aiwf_atlas","source_content","","","2026-05-21T07:12:10.0000000Z"
"AIWF_Atlas_VOL1_machine_facing_v3_3_api_cli_guide/03_SOURCE_CONTENT/B_RAW_PROVENANCE_ARCHIVES/aiwf_node_research_pass02N_flux_model_control_sampler_mds_v1_4/aiwf_node_research_pass02N_flux_model_control_sampler_mds_v1_4/NODE_INDEX_011_ComfyUI_GGUF.csv","NODE_INDEX_011_ComfyUI_GGUF.csv",".csv","2880","aiwf_atlas","source_content","","","2026-05-21T07:12:10.0000000Z"
"AIWF_Atlas_VOL1_machine_facing_v3_3_api_cli_guide/03_SOURCE_CONTENT/B_RAW_PROVENANCE_ARCHIVES/aiwf_node_research_pass02N_flux_model_control_sampler_mds_v1_4/aiwf_node_research_pass02N_flux_model_control_sampler_mds_v1_4/NODE_INDEX_012_comfyui_controlnet_aux.csv","NODE_INDEX_012_comfyui_controlnet_aux.csv",".csv","2435","aiwf_atlas","source_content","","","2026-05-21T07:12:10.0000000Z"
"AIWF_Atlas_VOL1_machine_facing_v3_3_api_cli_guide/03_SOURCE_CONTENT/B_RAW_PROVENANCE_ARCHIVES/aiwf_node_research_pass02N_flux_model_control_sampler_mds_v1_4/aiwf_node_research_pass02N_flux_model_control_sampler_mds_v1_4/NODE_INDEX_013_ComfyUI_IPAdapter_plus.csv","NODE_INDEX_013_ComfyUI_IPAdapter_plus.csv",".csv","25408","aiwf_atlas","source_content","","","2026-05-21T07:12:10.0000000Z"
"AIWF_Atlas_VOL1_machine_facing_v3_3_api_cli_guide/03_SOURCE_CONTENT/B_RAW_PROVENANCE_ARCHIVES/aiwf_node_research_pass02N_flux_model_control_sampler_mds_v1_4/aiwf_node_research_pass02N_flux_model_control_sampler_mds_v1_4/NODE_INDEX_014_comfyui_inpaint_nodes.csv","NODE_INDEX_014_comfyui_inpaint_nodes.csv",".csv","4641","aiwf_atlas","source_content","","","2026-05-21T07:12:10.0000000Z"
"AIWF_Atlas_VOL1_machine_facing_v3_3_api_cli_guide/03_SOURCE_CONTENT/B_RAW_PROVENANCE_ARCHIVES/aiwf_node_research_pass02N_flux_model_control_sampler_mds_v1_4/aiwf_node_research_pass02N_flux_model_control_sampler_mds_v1_4/NODE_INDEX_015_ComfyUI_WanVideoWrapper.csv","NODE_INDEX_015_ComfyUI_WanVideoWrapper.csv",".csv","17234","aiwf_atlas","source_content","","","2026-05-21T07:12:10.0000000Z"
"AIWF_Atlas_VOL1_machine_facing_v3_3_api_cli_guide/03_SOURCE_CONTENT/B_RAW_PROVENANCE_ARCHIVES/aiwf_node_research_pass02N_flux_model_control_sampler_mds_v1_4/aiwf_node_research_pass02N_flux_model_control_sampler_mds_v1_4/NODE_INDEX_016_ComfyUI_Advanced_ControlNet.csv","NODE_INDEX_016_ComfyUI_Advanced_ControlNet.csv",".csv","22877","aiwf_atlas","source_content","","","2026-05-21T07:12:10.0000000Z"
"AIWF_Atlas_VOL1_machine_facing_v3_3_api_cli_guide/03_SOURCE_CONTENT/B_RAW_PROVENANCE_ARCHIVES/aiwf_node_research_pass02N_flux_model_control_sampler_mds_v1_4/aiwf_node_research_pass02N_flux_model_control_sampler_mds_v1_4/NODE_INDEX_017_ComfyUI_Impact_Subpack.csv","NODE_INDEX_017_ComfyUI_Impact_Subpack.csv",".csv","923","aiwf_atlas","source_content","","","2026-05-21T07:12:10.0000000Z"
"AIWF_Atlas_VOL1_machine_facing_v3_3_api_cli_guide/03_SOURCE_CONTENT/B_RAW_PROVENANCE_ARCHIVES/aiwf_node_research_pass02N_flux_model_control_sampler_mds_v1_4/aiwf_node_research_pass02N_flux_model_control_sampler_mds_v1_4/NODE_INDEX_018_ComfyUI_Inpaint_CropAndStitch.csv","NODE_INDEX_018_ComfyUI_Inpaint_CropAndStitch.csv",".csv","1759","aiwf_atlas","source_content","","","2026-05-21T07:12:10.0000000Z"
"AIWF_Atlas_VOL1_machine_facing_v3_3_api_cli_guide/03_SOURCE_CONTENT/B_RAW_PROVENANCE_ARCHIVES/aiwf_node_research_pass02N_flux_model_control_sampler_mds_v1_4/aiwf_node_research_pass02N_flux_model_control_sampler_mds_v1_4/NODE_INDEX_019_ComfyUI_segment_anything_2.csv","NODE_INDEX_019_ComfyUI_segment_anything_2.csv",".csv","3674","aiwf_atlas","source_content","","","2026-05-21T07:12:10.0000000Z"
"AIWF_Atlas_VOL1_machine_facing_v3_3_api_cli_guide/03_SOURCE_CONTENT/B_RAW_PROVENANCE_ARCHIVES/aiwf_node_research_pass02N_flux_model_control_sampler_mds_v1_4/aiwf_node_research_pass02N_flux_model_control_sampler_mds_v1_4/NODE_INDEX_020_comfyui_segment_anything.csv","NODE_INDEX_020_comfyui_segment_anything.csv",".csv","2624","aiwf_atlas","source_content","","","2026-05-21T07:12:10.0000000Z"
"AIWF_Atlas_VOL1_machine_facing_v3_3_api_cli_guide/03_SOURCE_CONTENT/B_RAW_PROVENANCE_ARCHIVES/aiwf_node_research_pass02N_flux_model_control_sampler_mds_v1_4/aiwf_node_research_pass02N_flux_model_control_sampler_mds_v1_4/NODE_INDEX_021_ComfyUI_ReActor.csv","NODE_INDEX_021_ComfyUI_ReActor.csv",".csv","7640","aiwf_atlas","source_content","","","2026-05-21T07:12:10.0000000Z"
"AIWF_Atlas_VOL1_machine_facing_v3_3_api_cli_guide/03_SOURCE_CONTENT/B_RAW_PROVENANCE_ARCHIVES/aiwf_node_research_pass02N_flux_model_control_sampler_mds_v1_4/aiwf_node_research_pass02N_flux_model_control_sampler_mds_v1_4/NODE_INDEX_022_ComfyUI_LTXVideo.csv","NODE_INDEX_022_ComfyUI_LTXVideo.csv",".csv","29658","aiwf_atlas","source_content","","","2026-05-21T07:12:10.0000000Z"
"AIWF_Atlas_VOL1_machine_facing_v3_3_api_cli_guide/03_SOURCE_CONTENT/B_RAW_PROVENANCE_ARCHIVES/aiwf_node_research_pass02N_flux_model_control_sampler_mds_v1_4/aiwf_node_research_pass02N_flux_model_control_sampler_mds_v1_4/NODE_INDEX_023_ComfyUI_HunyuanVideoWrapper.csv","NODE_INDEX_023_ComfyUI_HunyuanVideoWrapper.csv",".csv","12508","aiwf_atlas","source_content","","","2026-05-21T07:12:10.0000000Z"
"AIWF_Atlas_VOL1_machine_facing_v3_3_api_cli_guide/03_SOURCE_CONTENT/B_RAW_PROVENANCE_ARCHIVES/aiwf_node_research_pass02N_flux_model_control_sampler_mds_v1_4/aiwf_node_research_pass02N_flux_model_control_sampler_mds_v1_4/NODE_INDEX_024_AnimateDiff_Evolved.csv","NODE_INDEX_024_AnimateDiff_Evolved.csv",".csv","70672","aiwf_atlas","source_content","","","2026-05-21T07:12:10.0000000Z"
"AIWF_Atlas_VOL1_machine_facing_v3_3_api_cli_guide/03_SOURCE_CONTENT/B_RAW_PROVENANCE_ARCHIVES/aiwf_node_research_pass02N_flux_model_control_sampler_mds_v1_4/aiwf_node_research_pass02N_flux_model_control_sampler_mds_v1_4/NODE_INDEX_025_ComfyUI_SUPIR.csv","NODE_INDEX_025_ComfyUI_SUPIR.csv",".csv","3908","aiwf_atlas","source_content","","","2026-05-21T07:12:10.0000000Z"
"AIWF_Atlas_VOL1_machine_facing_v3_3_api_cli_guide/03_SOURCE_CONTENT/B_RAW_PROVENANCE_ARCHIVES/aiwf_node_research_pass02N_flux_model_control_sampler_mds_v1_4/aiwf_node_research_pass02N_flux_model_control_sampler_mds_v1_4/NODE_INDEX_026_UltimateSDUpscale.csv","NODE_INDEX_026_UltimateSDUpscale.csv",".csv","2046","aiwf_atlas","source_content","","","2026-05-21T07:12:10.0000000Z"
"AIWF_Atlas_VOL1_machine_facing_v3_3_api_cli_guide/03_SOURCE_CONTENT/B_RAW_PROVENANCE_ARCHIVES/aiwf_node_research_pass02N_flux_model_control_sampler_mds_v1_4/aiwf_node_research_pass02N_flux_model_control_sampler_mds_v1_4/NODE_INDEX_027_ComfyUI_nunchaku.csv","NODE_INDEX_027_ComfyUI_nunchaku.csv",".csv","8059","aiwf_atlas","source_content","","","2026-05-21T07:12:10.0000000Z"
"AIWF_Atlas_VOL1_machine_facing_v3_3_api_cli_guide/03_SOURCE_CONTENT/B_RAW_PROVENANCE_ARCHIVES/aiwf_node_research_pass02N_flux_model_control_sampler_mds_v1_4/aiwf_node_research_pass02N_flux_model_control_sampler_mds_v1_4/NODE_INDEX_028_x_flux_comfyui.csv","NODE_INDEX_028_x_flux_comfyui.csv",".csv","3250","aiwf_atlas","source_content","","","2026-05-21T07:12:10.0000000Z"
"AIWF_Atlas_VOL1_machine_facing_v3_3_api_cli_guide/03_SOURCE_CONTENT/B_RAW_PROVENANCE_ARCHIVES/aiwf_node_research_pass02N_flux_model_control_sampler_mds_v1_4/aiwf_node_research_pass02N_flux_model_control_sampler_mds_v1_4/NODE_INDEX_029_ComfyUI_Fluxtapoz.csv","NODE_INDEX_029_ComfyUI_Fluxtapoz.csv",".csv","10968","aiwf_atlas","source_content","","","2026-05-21T07:12:10.0000000Z"
"AIWF_Atlas_VOL1_machine_facing_v3_3_api_cli_guide/03_SOURCE_CONTENT/B_RAW_PROVENANCE_ARCHIVES/aiwf_node_research_pass02N_flux_model_control_sampler_mds_v1_4/aiwf_node_research_pass02N_flux_model_control_sampler_mds_v1_4/NODE_INDEX_030_ComfyUI_FluxTrainer.csv","NODE_INDEX_030_ComfyUI_FluxTrainer.csv",".csv","6170","aiwf_atlas","source_content","","","2026-05-21T07:12:10.0000000Z"
"AIWF_Atlas_VOL1_machine_facing_v3_3_api_cli_guide/03_SOURCE_CONTENT/B_RAW_PROVENANCE_ARCHIVES/aiwf_node_research_pass02N_flux_model_control_sampler_mds_v1_4/aiwf_node_research_pass02N_flux_model_control_sampler_mds_v1_4/NODE_INDEX_031_Efficiency_Nodes_for_ComfyUI_Version_2_0.csv","NODE_INDEX_031_Efficiency_Nodes_for_ComfyUI_Version_2_0.csv",".csv","3689","aiwf_atlas","source_content","","","2026-05-21T07:12:10.0000000Z"
"AIWF_Atlas_VOL1_machine_facing_v3_3_api_cli_guide/03_SOURCE_CONTENT/B_RAW_PROVENANCE_ARCHIVES/aiwf_node_research_pass02N_flux_model_control_sampler_mds_v1_4/aiwf_node_research_pass02N_flux_model_control_sampler_mds_v1_4/NODE_INDEX_032_WAS_Node_Suite_Revised.csv","NODE_INDEX_032_WAS_Node_Suite_Revised.csv",".csv","1593","aiwf_atlas","source_content","","","2026-05-21T07:12:10.0000000Z"
"AIWF_Atlas_VOL1_machine_facing_v3_3_api_cli_guide/03_SOURCE_CONTENT/B_RAW_PROVENANCE_ARCHIVES/aiwf_node_research_pass02N_flux_model_control_sampler_mds_v1_4/aiwf_node_research_pass02N_flux_model_control_sampler_mds_v1_4/NODE_INDEX_033_MTB_Nodes.csv","NODE_INDEX_033_MTB_Nodes.csv",".csv","1282","aiwf_atlas","source_content","","","2026-05-21T07:12:10.0000000Z"
"AIWF_Atlas_VOL1_machine_facing_v3_3_api_cli_guide/03_SOURCE_CONTENT/B_RAW_PROVENANCE_ARCHIVES/aiwf_node_research_pass02N_flux_model_control_sampler_mds_v1_4/aiwf_node_research_pass02N_flux_model_control_sampler_mds_v1_4/NODE_INDEX_034_Comfyroll_Studio.csv","NODE_INDEX_034_Comfyroll_Studio.csv",".csv","3394","aiwf_atlas","source_content","","","2026-05-21T07:12:10.0000000Z"
"AIWF_Atlas_VOL1_machine_facing_v3_3_api_cli_guide/03_SOURCE_CONTENT/B_RAW_PROVENANCE_ARCHIVES/aiwf_node_research_pass02N_flux_model_control_sampler_mds_v1_4/aiwf_node_research_pass02N_flux_model_control_sampler_mds_v1_4/NODE_INDEX_035_ComfyUI_tinyterraNodes.csv","NODE_INDEX_035_ComfyUI_tinyterraNodes.csv",".csv","3066","aiwf_atlas","source_content","","","2026-05-21T07:12:10.0000000Z"
"AIWF_Atlas_VOL1_machine_facing_v3_3_api_cli_guide/03_SOURCE_CONTENT/B_RAW_PROVENANCE_ARCHIVES/aiwf_node_research_pass02N_flux_model_control_sampler_mds_v1_4/aiwf_node_research_pass02N_flux_model_control_sampler_mds_v1_4/NODE_INDEX_036_ComfyUI_Browser.csv","NODE_INDEX_036_ComfyUI_Browser.csv",".csv","2143","aiwf_atlas","source_content","","","2026-05-21T07:12:10.0000000Z"
"AIWF_Atlas_VOL1_machine_facing_v3_3_api_cli_guide/03_SOURCE_CONTENT/B_RAW_PROVENANCE_ARCHIVES/aiwf_node_research_pass02N_flux_model_control_sampler_mds_v1_4/aiwf_node_research_pass02N_flux_model_control_sampler_mds_v1_4/NODE_INDEX_037_ComfyUI_Workspace_Manager___Comfyspace.csv","NODE_INDEX_037_ComfyUI_Workspace_Manager___Comfyspace.csv",".csv","825","aiwf_atlas","source_content","","","2026-05-21T07:12:10.0000000Z"
"AIWF_Atlas_VOL1_machine_facing_v3_3_api_cli_guide/03_SOURCE_CONTENT/B_RAW_PROVENANCE_ARCHIVES/aiwf_node_research_pass02N_flux_model_control_sampler_mds_v1_4/aiwf_node_research_pass02N_flux_model_control_sampler_mds_v1_4/NODE_INDEX_038_ComfyUI_Copilot.csv","NODE_INDEX_038_ComfyUI_Copilot.csv",".csv","823","aiwf_atlas","source_content","","","2026-05-21T07:12:10.0000000Z"
"AIWF_Atlas_VOL1_machine_facing_v3_3_api_cli_guide/03_SOURCE_CONTENT/B_RAW_PROVENANCE_ARCHIVES/aiwf_node_research_pass02N_flux_model_control_sampler_mds_v1_4/aiwf_node_research_pass02N_flux_model_control_sampler_mds_v1_4/NODE_INDEX_039_ComfyUI_Image_Selector.csv","NODE_INDEX_039_ComfyUI_Image_Selector.csv",".csv","1664","aiwf_atlas","source_content","","","2026-05-21T07:12:10.0000000Z"
"AIWF_Atlas_VOL1_machine_facing_v3_3_api_cli_guide/03_SOURCE_CONTENT/B_RAW_PROVENANCE_ARCHIVES/aiwf_node_research_pass02N_flux_model_control_sampler_mds_v1_4/aiwf_node_research_pass02N_flux_model_control_sampler_mds_v1_4/NODE_INDEX_040_ImagesGrid.csv","NODE_INDEX_040_ImagesGrid.csv",".csv","2141","aiwf_atlas","source_content","","","2026-05-21T07:12:10.0000000Z"
"AIWF_Atlas_VOL1_machine_facing_v3_3_api_cli_guide/03_SOURCE_CONTENT/B_RAW_PROVENANCE_ARCHIVES/aiwf_node_research_pass02N_flux_model_control_sampler_mds_v1_4/aiwf_node_research_pass02N_flux_model_control_sampler_mds_v1_4/NODE_INDEX_041_Save_Image_with_Generation_Metadata.csv","NODE_INDEX_041_Save_Image_with_Generation_Metadata.csv",".csv","3545","aiwf_atlas","source_content","","","2026-05-21T07:12:10.0000000Z"
"AIWF_Atlas_VOL1_machine_facing_v3_3_api_cli_guide/03_SOURCE_CONTENT/B_RAW_PROVENANCE_ARCHIVES/aiwf_node_research_pass02N_flux_model_control_sampler_mds_v1_4/aiwf_node_research_pass02N_flux_model_control_sampler_mds_v1_4/NODE_INDEX_042_SD_Prompt_Reader.csv","NODE_INDEX_042_SD_Prompt_Reader.csv",".csv","1377","aiwf_atlas","source_content","","","2026-05-21T07:12:10.0000000Z"
"AIWF_Atlas_VOL1_machine_facing_v3_3_api_cli_guide/03_SOURCE_CONTENT/B_RAW_PROVENANCE_ARCHIVES/aiwf_node_research_pass02N_flux_model_control_sampler_mds_v1_4/aiwf_node_research_pass02N_flux_model_control_sampler_mds_v1_4/NODE_INDEX_043_DynamicPrompts_Custom_Nodes.csv","NODE_INDEX_043_DynamicPrompts_Custom_Nodes.csv",".csv","3205","aiwf_atlas","source_content","","","2026-05-21T07:12:10.0000000Z"
"AIWF_Atlas_VOL1_machine_facing_v3_3_api_cli_guide/03_SOURCE_CONTENT/B_RAW_PROVENANCE_ARCHIVES/aiwf_node_research_pass02N_flux_model_control_sampler_mds_v1_4/aiwf_node_research_pass02N_flux_model_control_sampler_mds_v1_4/NODE_INDEX_044_One_Button_Prompt.csv","NODE_INDEX_044_One_Button_Prompt.csv",".csv","1323","aiwf_atlas","source_content","","","2026-05-21T07:12:10.0000000Z"
"AIWF_Atlas_VOL1_machine_facing_v3_3_api_cli_guide/03_SOURCE_CONTENT/B_RAW_PROVENANCE_ARCHIVES/aiwf_node_research_pass02N_flux_model_control_sampler_mds_v1_4/aiwf_node_research_pass02N_flux_model_control_sampler_mds_v1_4/NODE_INDEX_045_SDXL_Prompt_Styler.csv","NODE_INDEX_045_SDXL_Prompt_Styler.csv",".csv","1250","aiwf_atlas","source_content","","","2026-05-21T07:12:10.0000000Z"
"AIWF_Atlas_VOL1_machine_facing_v3_3_api_cli_guide/03_SOURCE_CONTENT/B_RAW_PROVENANCE_ARCHIVES/aiwf_node_research_pass02N_flux_model_control_sampler_mds_v1_4/aiwf_node_research_pass02N_flux_model_control_sampler_mds_v1_4/NODE_INDEX_046_comfyui_prompt_composer.csv","NODE_INDEX_046_comfyui_prompt_composer.csv",".csv","774","aiwf_atlas","source_content","","","2026-05-21T07:12:10.0000000Z"
"AIWF_Atlas_VOL1_machine_facing_v3_3_api_cli_guide/03_SOURCE_CONTENT/B_RAW_PROVENANCE_ARCHIVES/aiwf_node_research_pass02N_flux_model_control_sampler_mds_v1_4/aiwf_node_research_pass02N_flux_model_control_sampler_mds_v1_4/NODE_INDEX_047_ComfyUI_Prompt_Control.csv","NODE_INDEX_047_ComfyUI_Prompt_Control.csv",".csv","4261","aiwf_atlas","source_content","","","2026-05-21T07:12:10.0000000Z"
"AIWF_Atlas_VOL1_machine_facing_v3_3_api_cli_guide/03_SOURCE_CONTENT/B_RAW_PROVENANCE_ARCHIVES/aiwf_node_research_pass02N_flux_model_control_sampler_mds_v1_4/aiwf_node_research_pass02N_flux_model_control_sampler_mds_v1_4/NODE_INDEX_049_Quick_Connections.csv","NODE_INDEX_049_Quick_Connections.csv",".csv","686","aiwf_atlas","source_content","","","2026-05-21T07:12:10.0000000Z"
"AIWF_Atlas_VOL1_machine_facing_v3_3_api_cli_guide/03_SOURCE_CONTENT/B_RAW_PROVENANCE_ARCHIVES/aiwf_node_research_pass02N_flux_model_control_sampler_mds_v1_4/aiwf_node_research_pass02N_flux_model_control_sampler_mds_v1_4/NODE_INDEX_050_AIGODLIKE_ComfyUI_Studio.csv","NODE_INDEX_050_AIGODLIKE_ComfyUI_Studio.csv",".csv","714","aiwf_atlas","source_content","","","2026-05-21T07:12:10.0000000Z"
"AIWF_Atlas_VOL1_machine_facing_v3_3_api_cli_guide/03_SOURCE_CONTENT/B_RAW_PROVENANCE_ARCHIVES/aiwf_node_research_pass02N_flux_model_control_sampler_mds_v1_4/aiwf_node_research_pass02N_flux_model_control_sampler_mds_v1_4/NODE_INDEX_051_AIGODLIKE_COMFYUI_TRANSLATION.csv","NODE_INDEX_051_AIGODLIKE_COMFYUI_TRANSLATION.csv",".csv","726","aiwf_atlas","source_content","","","2026-05-21T07:12:10.0000000Z"
"AIWF_Atlas_VOL1_machine_facing_v3_3_api_cli_guide/03_SOURCE_CONTENT/B_RAW_PROVENANCE_ARCHIVES/aiwf_node_research_pass02N_flux_model_control_sampler_mds_v1_4/aiwf_node_research_pass02N_flux_model_control_sampler_mds_v1_4/NODE_INDEX_052_ComfyUI_RMBG.csv","NODE_INDEX_052_ComfyUI_RMBG.csv",".csv","7752","aiwf_atlas","source_content","","","2026-05-21T07:12:10.0000000Z"
"AIWF_Atlas_VOL1_machine_facing_v3_3_api_cli_guide/03_SOURCE_CONTENT/B_RAW_PROVENANCE_ARCHIVES/aiwf_node_research_pass02N_flux_model_control_sampler_mds_v1_4/aiwf_node_research_pass02N_flux_model_control_sampler_mds_v1_4/NODE_INDEX_053_ComfyUI_BiRefNet_Hugo.csv","NODE_INDEX_053_ComfyUI_BiRefNet_Hugo.csv",".csv","887","aiwf_atlas","source_content","","","2026-05-21T07:12:10.0000000Z"
"AIWF_Atlas_VOL1_machine_facing_v3_3_api_cli_guide/03_SOURCE_CONTENT/B_RAW_PROVENANCE_ARCHIVES/aiwf_node_research_pass02N_flux_model_control_sampler_mds_v1_4/aiwf_node_research_pass02N_flux_model_control_sampler_mds_v1_4/NODE_INDEX_054_ComfyUI_BiRefNet_ll.csv","NODE_INDEX_054_ComfyUI_BiRefNet_ll.csv",".csv","814","aiwf_atlas","source_content","","","2026-05-21T07:12:10.0000000Z"
"AIWF_Atlas_VOL1_machine_facing_v3_3_api_cli_guide/03_SOURCE_CONTENT/B_RAW_PROVENANCE_ARCHIVES/aiwf_node_research_pass02N_flux_model_control_sampler_mds_v1_4/aiwf_node_research_pass02N_flux_model_control_sampler_mds_v1_4/NODE_INDEX_055_ComfyUI_Inspyrenet_Rembg.csv","NODE_INDEX_055_ComfyUI_Inspyrenet_Rembg.csv",".csv","841","aiwf_atlas","source_content","","","2026-05-21T07:12:10.0000000Z"
"AIWF_Atlas_VOL1_machine_facing_v3_3_api_cli_guide/03_SOURCE_CONTENT/B_RAW_PROVENANCE_ARCHIVES/aiwf_node_research_pass02N_flux_model_control_sampler_mds_v1_4/aiwf_node_research_pass02N_flux_model_control_sampler_mds_v1_4/NODE_INDEX_056_ComfyUI_BRIA_AI_RMBG.csv","NODE_INDEX_056_ComfyUI_BRIA_AI_RMBG.csv",".csv","834","aiwf_atlas","source_content","","","2026-05-21T07:12:10.0000000Z"
"AIWF_Atlas_VOL1_machine_facing_v3_3_api_cli_guide/03_SOURCE_CONTENT/B_RAW_PROVENANCE_ARCHIVES/aiwf_node_research_pass02N_flux_model_control_sampler_mds_v1_4/aiwf_node_research_pass02N_flux_model_control_sampler_mds_v1_4/NODE_INDEX_057_CLIPSeg.csv","NODE_INDEX_057_CLIPSeg.csv",".csv","1330","aiwf_atlas","source_content","","","2026-05-21T07:12:10.0000000Z"
"AIWF_Atlas_VOL1_machine_facing_v3_3_api_cli_guide/03_SOURCE_CONTENT/B_RAW_PROVENANCE_ARCHIVES/aiwf_node_research_pass02N_flux_model_control_sampler_mds_v1_4/aiwf_node_research_pass02N_flux_model_control_sampler_mds_v1_4/NODE_INDEX_058_Masquerade_Nodes.csv","NODE_INDEX_058_Masquerade_Nodes.csv",".csv","4378","aiwf_atlas","source_content","","","2026-05-21T07:12:10.0000000Z"
"AIWF_Atlas_VOL1_machine_facing_v3_3_api_cli_guide/03_SOURCE_CONTENT/B_RAW_PROVENANCE_ARCHIVES/aiwf_node_research_pass02N_flux_model_control_sampler_mds_v1_4/aiwf_node_research_pass02N_flux_model_control_sampler_mds_v1_4/NODE_INDEX_059_a_person_mask_generator.csv","NODE_INDEX_059_a_person_mask_generator.csv",".csv","799","aiwf_atlas","source_content","","","2026-05-21T07:12:10.0000000Z"
"AIWF_Atlas_VOL1_machine_facing_v3_3_api_cli_guide/03_SOURCE_CONTENT/B_RAW_PROVENANCE_ARCHIVES/aiwf_node_research_pass02N_flux_model_control_sampler_mds_v1_4/aiwf_node_research_pass02N_flux_model_control_sampler_mds_v1_4/NODE_INDEX_060_ComfyUI_YoloWorld_EfficientSAM.csv","NODE_INDEX_060_ComfyUI_YoloWorld_EfficientSAM.csv",".csv","934","aiwf_atlas","source_content","","","2026-05-21T07:12:10.0000000Z"
"AIWF_Atlas_VOL1_machine_facing_v3_3_api_cli_guide/03_SOURCE_CONTENT/B_RAW_PROVENANCE_ARCHIVES/aiwf_node_research_pass02N_flux_model_control_sampler_mds_v1_4/aiwf_node_research_pass02N_flux_model_control_sampler_mds_v1_4/NODE_INDEX_061_ComfyUI_SAM2_Segment_Anything_2.csv","NODE_INDEX_061_ComfyUI_SAM2_Segment_Anything_2.csv",".csv","3006","aiwf_atlas","source_content","","","2026-05-21T07:12:10.0000000Z"
"AIWF_Atlas_VOL1_machine_facing_v3_3_api_cli_guide/03_SOURCE_CONTENT/B_RAW_PROVENANCE_ARCHIVES/aiwf_node_research_pass02N_flux_model_control_sampler_mds_v1_4/aiwf_node_research_pass02N_flux_model_control_sampler_mds_v1_4/NODE_INDEX_063_ComfyUI_Video_Matting.csv","NODE_INDEX_063_ComfyUI_Video_Matting.csv",".csv","1485","aiwf_atlas","source_content","","","2026-05-21T07:12:10.0000000Z"
"AIWF_Atlas_VOL1_machine_facing_v3_3_api_cli_guide/03_SOURCE_CONTENT/B_RAW_PROVENANCE_ARCHIVES/aiwf_node_research_pass02N_flux_model_control_sampler_mds_v1_4/aiwf_node_research_pass02N_flux_model_control_sampler_mds_v1_4/NODE_INDEX_082_FUSE_Face_Enhancer.csv","NODE_INDEX_082_FUSE_Face_Enhancer.csv",".csv","861","aiwf_atlas","source_content","","","2026-05-21T07:12:10.0000000Z"
"AIWF_Atlas_VOL1_machine_facing_v3_3_api_cli_guide/03_SOURCE_CONTENT/B_RAW_PROVENANCE_ARCHIVES/aiwf_node_research_pass02N_flux_model_control_sampler_mds_v1_4/aiwf_node_research_pass02N_flux_model_control_sampler_mds_v1_4/NODE_INDEX_083_DZ_FaceDetailer.csv","NODE_INDEX_083_DZ_FaceDetailer.csv",".csv","799","aiwf_atlas","source_content","","","2026-05-21T07:12:10.0000000Z"
"AIWF_Atlas_VOL1_machine_facing_v3_3_api_cli_guide/03_SOURCE_CONTENT/B_RAW_PROVENANCE_ARCHIVES/aiwf_node_research_pass02N_flux_model_control_sampler_mds_v1_4/aiwf_node_research_pass02N_flux_model_control_sampler_mds_v1_4/NODE_INDEX_084_Facerestore_CF.csv","NODE_INDEX_084_Facerestore_CF.csv",".csv","743","aiwf_atlas","source_content","","","2026-05-21T07:12:10.0000000Z"
"AIWF_Atlas_VOL1_machine_facing_v3_3_api_cli_guide/03_SOURCE_CONTENT/B_RAW_PROVENANCE_ARCHIVES/aiwf_node_research_pass02N_flux_model_control_sampler_mds_v1_4/aiwf_node_research_pass02N_flux_model_control_sampler_mds_v1_4/NODE_INDEX_085_ComfyUI_Portrait_Maker.csv","NODE_INDEX_085_ComfyUI_Portrait_Maker.csv",".csv","754","aiwf_atlas","source_content","","","2026-05-21T07:12:10.0000000Z"
"AIWF_Atlas_VOL1_machine_facing_v3_3_api_cli_guide/03_SOURCE_CONTENT/B_RAW_PROVENANCE_ARCHIVES/aiwf_node_research_pass02N_flux_model_control_sampler_mds_v1_4/aiwf_node_research_pass02N_flux_model_control_sampler_mds_v1_4/NODE_INDEX_086_ComfyUI_InfiniteYou.csv","NODE_INDEX_086_ComfyUI_InfiniteYou.csv",".csv","2935","aiwf_atlas","source_content","","","2026-05-21T07:12:10.0000000Z"
"AIWF_Atlas_VOL1_machine_facing_v3_3_api_cli_guide/03_SOURCE_CONTENT/B_RAW_PROVENANCE_ARCHIVES/aiwf_node_research_pass02N_flux_model_control_sampler_mds_v1_4/aiwf_node_research_pass02N_flux_model_control_sampler_mds_v1_4/NODE_INDEX_087_ComfyUI_HyperLoRA.csv","NODE_INDEX_087_ComfyUI_HyperLoRA.csv",".csv","5971","aiwf_atlas","source_content","","","2026-05-21T07:12:10.0000000Z"
"AIWF_Atlas_VOL1_machine_facing_v3_3_api_cli_guide/03_SOURCE_CONTENT/B_RAW_PROVENANCE_ARCHIVES/aiwf_node_research_pass02N_flux_model_control_sampler_mds_v1_4/aiwf_node_research_pass02N_flux_model_control_sampler_mds_v1_4/NODE_INDEX_088_comfyui_portrait_master.csv","NODE_INDEX_088_comfyui_portrait_master.csv",".csv","755","aiwf_atlas","source_content","","","2026-05-21T07:12:10.0000000Z"
"AIWF_Atlas_VOL1_machine_facing_v3_3_api_cli_guide/03_SOURCE_CONTENT/B_RAW_PROVENANCE_ARCHIVES/aiwf_node_research_pass02N_flux_model_control_sampler_mds_v1_4/aiwf_node_research_pass02N_flux_model_control_sampler_mds_v1_4/NODE_INDEX_089_comfyui_portrait_master_zh_cn.csv","NODE_INDEX_089_comfyui_portrait_master_zh_cn.csv",".csv","705","aiwf_atlas","source_content","","","2026-05-21T07:12:10.0000000Z"
"AIWF_Atlas_VOL1_machine_facing_v3_3_api_cli_guide/03_SOURCE_CONTENT/B_RAW_PROVENANCE_ARCHIVES/aiwf_node_research_pass02N_flux_model_control_sampler_mds_v1_4/aiwf_node_research_pass02N_flux_model_control_sampler_mds_v1_4/NODE_INDEX_090_Tiled_Diffusion_VAE_for_ComfyUI.csv","NODE_INDEX_090_Tiled_Diffusion_VAE_for_ComfyUI.csv",".csv","865","aiwf_atlas","source_content","","","2026-05-21T07:12:10.0000000Z"
"AIWF_Atlas_VOL1_machine_facing_v3_3_api_cli_guide/03_SOURCE_CONTENT/B_RAW_PROVENANCE_ARCHIVES/aiwf_node_research_pass02N_flux_model_control_sampler_mds_v1_4/aiwf_node_research_pass02N_flux_model_control_sampler_mds_v1_4/NODE_INDEX_091_Tiled_sampling_for_ComfyUI.csv","NODE_INDEX_091_Tiled_sampling_for_ComfyUI.csv",".csv","771","aiwf_atlas","source_content","","","2026-05-21T07:12:10.0000000Z"
"AIWF_Atlas_VOL1_machine_facing_v3_3_api_cli_guide/03_SOURCE_CONTENT/B_RAW_PROVENANCE_ARCHIVES/aiwf_node_research_pass02N_flux_model_control_sampler_mds_v1_4/aiwf_node_research_pass02N_flux_model_control_sampler_mds_v1_4/NODE_INDEX_092_ComfyUI_CCSR.csv","NODE_INDEX_092_ComfyUI_CCSR.csv",".csv","1766","aiwf_atlas","source_content","","","2026-05-21T07:12:10.0000000Z"
"AIWF_Atlas_VOL1_machine_facing_v3_3_api_cli_guide/03_SOURCE_CONTENT/B_RAW_PROVENANCE_ARCHIVES/aiwf_node_research_pass02N_flux_model_control_sampler_mds_v1_4/aiwf_node_research_pass02N_flux_model_control_sampler_mds_v1_4/NODE_INDEX_093_ComfyUI_APISR.csv","NODE_INDEX_093_ComfyUI_APISR.csv",".csv","727","aiwf_atlas","source_content","","","2026-05-21T07:12:10.0000000Z"
"AIWF_Atlas_VOL1_machine_facing_v3_3_api_cli_guide/03_SOURCE_CONTENT/B_RAW_PROVENANCE_ARCHIVES/aiwf_node_research_pass02N_flux_model_control_sampler_mds_v1_4/aiwf_node_research_pass02N_flux_model_control_sampler_mds_v1_4/NODE_INDEX_094_ComfyUI_SeedVR2_VideoUpscaler.csv","NODE_INDEX_094_ComfyUI_SeedVR2_VideoUpscaler.csv",".csv","3276","aiwf_atlas","source_content","","","2026-05-21T07:12:10.0000000Z"
"AIWF_Atlas_VOL1_machine_facing_v3_3_api_cli_guide/03_SOURCE_CONTENT/B_RAW_PROVENANCE_ARCHIVES/aiwf_node_research_pass02N_flux_model_control_sampler_mds_v1_4/aiwf_node_research_pass02N_flux_model_control_sampler_mds_v1_4/NODE_INDEX_095_ComfyUI_InvSR.csv","NODE_INDEX_095_ComfyUI_InvSR.csv",".csv","695","aiwf_atlas","source_content","","","2026-05-21T07:12:10.0000000Z"
"AIWF_Atlas_VOL1_machine_facing_v3_3_api_cli_guide/03_SOURCE_CONTENT/B_RAW_PROVENANCE_ARCHIVES/aiwf_node_research_pass02N_flux_model_control_sampler_mds_v1_4/aiwf_node_research_pass02N_flux_model_control_sampler_mds_v1_4/NODE_INDEX_096_ComfyUI_Neural_Network_Latent_Upscale.csv","NODE_INDEX_096_ComfyUI_Neural_Network_Latent_Upscale.csv",".csv","754","aiwf_atlas","source_content","","","2026-05-21T07:12:10.0000000Z"
"AIWF_Atlas_VOL1_machine_facing_v3_3_api_cli_guide/03_SOURCE_CONTENT/B_RAW_PROVENANCE_ARCHIVES/aiwf_node_research_pass02N_flux_model_control_sampler_mds_v1_4/aiwf_node_research_pass02N_flux_model_control_sampler_mds_v1_4/NODE_INDEX_097_SD_Latent_Upscaler.csv","NODE_INDEX_097_SD_Latent_Upscaler.csv",".csv","736","aiwf_atlas","source_content","","","2026-05-21T07:12:10.0000000Z"
"AIWF_Atlas_VOL1_machine_facing_v3_3_api_cli_guide/03_SOURCE_CONTENT/B_RAW_PROVENANCE_ARCHIVES/aiwf_node_research_pass02N_flux_model_control_sampler_mds_v1_4/aiwf_node_research_pass02N_flux_model_control_sampler_mds_v1_4/NODE_INDEX_098_Latent_Interposer.csv","NODE_INDEX_098_Latent_Interposer.csv",".csv","742","aiwf_atlas","source_content","","","2026-05-21T07:12:10.0000000Z"
"AIWF_Atlas_VOL1_machine_facing_v3_3_api_cli_guide/03_SOURCE_CONTENT/B_RAW_PROVENANCE_ARCHIVES/aiwf_node_research_pass02N_flux_model_control_sampler_mds_v1_4/aiwf_node_research_pass02N_flux_model_control_sampler_mds_v1_4/NODE_INDEX_099_ComfyUI_Flowty_LDSR.csv","NODE_INDEX_099_ComfyUI_Flowty_LDSR.csv",".csv","713","aiwf_atlas","source_content","","","2026-05-21T07:12:10.0000000Z"
"AIWF_Atlas_VOL1_machine_facing_v3_3_api_cli_guide/03_SOURCE_CONTENT/B_RAW_PROVENANCE_ARCHIVES/aiwf_node_research_pass02N_flux_model_control_sampler_mds_v1_4/aiwf_node_research_pass02N_flux_model_control_sampler_mds_v1_4/NODE_INDEX_100_AuraSR_ComfyUI.csv","NODE_INDEX_100_AuraSR_ComfyUI.csv",".csv","699","aiwf_atlas","source_content","","","2026-05-21T07:12:10.0000000Z"
"AIWF_Atlas_VOL1_machine_facing_v3_3_api_cli_guide/03_SOURCE_CONTENT/B_RAW_PROVENANCE_ARCHIVES/aiwf_node_research_pass02N_flux_model_control_sampler_mds_v1_4/aiwf_node_research_pass02N_flux_model_control_sampler_mds_v1_4/NODE_INDEX_101_Comfy_Topaz.csv","NODE_INDEX_101_Comfy_Topaz.csv",".csv","720","aiwf_atlas","source_content","","","2026-05-21T07:12:10.0000000Z"
"AIWF_Atlas_VOL1_machine_facing_v3_3_api_cli_guide/03_SOURCE_CONTENT/B_RAW_PROVENANCE_ARCHIVES/aiwf_node_research_pass02N_flux_model_control_sampler_mds_v1_4/aiwf_node_research_pass02N_flux_model_control_sampler_mds_v1_4/NODE_INDEX_102_ComfyUI_TopazVideoAI.csv","NODE_INDEX_102_ComfyUI_TopazVideoAI.csv",".csv","1453","aiwf_atlas","source_content","","","2026-05-21T07:12:10.0000000Z"
"AIWF_Atlas_VOL1_machine_facing_v3_3_api_cli_guide/03_SOURCE_CONTENT/B_RAW_PROVENANCE_ARCHIVES/aiwf_node_research_pass02N_flux_model_control_sampler_mds_v1_4/aiwf_node_research_pass02N_flux_model_control_sampler_mds_v1_4/NODE_INDEX_103_ComfyUI_Bringing_Old_Photos_Back_to_Life.csv","NODE_INDEX_103_ComfyUI_Bringing_Old_Photos_Back_to_Life.csv",".csv","2105","aiwf_atlas","source_content","","","2026-05-21T07:12:10.0000000Z"
"AIWF_Atlas_VOL1_machine_facing_v3_3_api_cli_guide/03_SOURCE_CONTENT/B_RAW_PROVENANCE_ARCHIVES/aiwf_node_research_pass02N_flux_model_control_sampler_mds_v1_4/aiwf_node_research_pass02N_flux_model_control_sampler_mds_v1_4/NODE_INDEX_104_ComfyUI_InstantIR_Wrapper.csv","NODE_INDEX_104_ComfyUI_InstantIR_Wrapper.csv",".csv","1358","aiwf_atlas","source_content","","","2026-05-21T07:12:10.0000000Z"
"AIWF_Atlas_VOL1_machine_facing_v3_3_api_cli_guide/03_SOURCE_CONTENT/B_RAW_PROVENANCE_ARCHIVES/aiwf_node_research_pass02N_flux_model_control_sampler_mds_v1_4/aiwf_node_research_pass02N_flux_model_control_sampler_mds_v1_4/NODE_INDEX_105_HandFixer.csv","NODE_INDEX_105_HandFixer.csv",".csv","751","aiwf_atlas","source_content","","","2026-05-21T07:12:10.0000000Z"
"AIWF_Atlas_VOL1_machine_facing_v3_3_api_cli_guide/03_SOURCE_CONTENT/B_RAW_PROVENANCE_ARCHIVES/aiwf_node_research_pass02N_flux_model_control_sampler_mds_v1_4/aiwf_node_research_pass02N_flux_model_control_sampler_mds_v1_4/NODE_INDEX_106_ComfyUI_Detail_Daemon.csv","NODE_INDEX_106_ComfyUI_Detail_Daemon.csv",".csv","2119","aiwf_atlas","source_content","","","2026-05-21T07:12:10.0000000Z"
"AIWF_Atlas_VOL1_machine_facing_v3_3_api_cli_guide/03_SOURCE_CONTENT/B_RAW_PROVENANCE_ARCHIVES/aiwf_node_research_pass02N_flux_model_control_sampler_mds_v1_4/aiwf_node_research_pass02N_flux_model_control_sampler_mds_v1_4/NODE_INDEX_107_ComfyUI_Frame_Interpolation.csv","NODE_INDEX_107_ComfyUI_Frame_Interpolation.csv",".csv","1267","aiwf_atlas","source_content","","","2026-05-21T07:12:10.0000000Z"
"AIWF_Atlas_VOL1_machine_facing_v3_3_api_cli_guide/03_SOURCE_CONTENT/B_RAW_PROVENANCE_ARCHIVES/aiwf_node_research_pass02N_flux_model_control_sampler_mds_v1_4/aiwf_node_research_pass02N_flux_model_control_sampler_mds_v1_4/NODE_INDEX_108_ComfyUI_GIMM_VFI.csv","NODE_INDEX_108_ComfyUI_GIMM_VFI.csv",".csv","1305","aiwf_atlas","source_content","","","2026-05-21T07:12:10.0000000Z"
"AIWF_Atlas_VOL1_machine_facing_v3_3_api_cli_guide/03_SOURCE_CONTENT/B_RAW_PROVENANCE_ARCHIVES/aiwf_node_research_pass02N_flux_model_control_sampler_mds_v1_4/aiwf_node_research_pass02N_flux_model_control_sampler_mds_v1_4/NODE_INDEX_109_ComfyUI_fastblend.csv","NODE_INDEX_109_ComfyUI_fastblend.csv",".csv","687","aiwf_atlas","source_content","","","2026-05-21T07:12:10.0000000Z"
"AIWF_Atlas_VOL1_machine_facing_v3_3_api_cli_guide/03_SOURCE_CONTENT/B_RAW_PROVENANCE_ARCHIVES/aiwf_node_research_pass02N_flux_model_control_sampler_mds_v1_4/aiwf_node_research_pass02N_flux_model_control_sampler_mds_v1_4/NODE_INDEX_110_ComfyUI_DynamiCrafterWrapper.csv","NODE_INDEX_110_ComfyUI_DynamiCrafterWrapper.csv",".csv","1354","aiwf_atlas","source_content","","","2026-05-21T07:12:10.0000000Z"
"AIWF_Atlas_VOL1_machine_facing_v3_3_api_cli_guide/03_SOURCE_CONTENT/B_RAW_PROVENANCE_ARCHIVES/aiwf_node_research_pass02N_flux_model_control_sampler_mds_v1_4/aiwf_node_research_pass02N_flux_model_control_sampler_mds_v1_4/NODE_INDEX_111_ComfyUI_CogVideoXWrapper.csv","NODE_INDEX_111_ComfyUI_CogVideoXWrapper.csv",".csv","1358","aiwf_atlas","source_content","","","2026-05-21T07:12:10.0000000Z"
"AIWF_Atlas_VOL1_machine_facing_v3_3_api_cli_guide/03_SOURCE_CONTENT/B_RAW_PROVENANCE_ARCHIVES/aiwf_node_research_pass02N_flux_model_control_sampler_mds_v1_4/aiwf_node_research_pass02N_flux_model_control_sampler_mds_v1_4/NODE_INDEX_112_ComfyUI_PyramidFlowWrapper.csv","NODE_INDEX_112_ComfyUI_PyramidFlowWrapper.csv",".csv","1364","aiwf_atlas","source_content","","","2026-05-21T07:12:10.0000000Z"
"AIWF_Atlas_VOL1_machine_facing_v3_3_api_cli_guide/03_SOURCE_CONTENT/B_RAW_PROVENANCE_ARCHIVES/aiwf_node_research_pass02N_flux_model_control_sampler_mds_v1_4/aiwf_node_research_pass02N_flux_model_control_sampler_mds_v1_4/NODE_INDEX_113_ComfyUI_RH_FramePack.csv","NODE_INDEX_113_ComfyUI_RH_FramePack.csv",".csv","902","aiwf_atlas","source_content","","","2026-05-21T07:12:10.0000000Z"
"AIWF_Atlas_VOL1_machine_facing_v3_3_api_cli_guide/03_SOURCE_CONTENT/B_RAW_PROVENANCE_ARCHIVES/aiwf_node_research_pass02N_flux_model_control_sampler_mds_v1_4/aiwf_node_research_pass02N_flux_model_control_sampler_mds_v1_4/NODE_INDEX_114_ComfyUI_WanVideoStartEndFrames.csv","NODE_INDEX_114_ComfyUI_WanVideoStartEndFrames.csv",".csv","744","aiwf_atlas","source_content","","","2026-05-21T07:12:10.0000000Z"
"AIWF_Atlas_VOL1_machine_facing_v3_3_api_cli_guide/03_SOURCE_CONTENT/B_RAW_PROVENANCE_ARCHIVES/aiwf_node_research_pass02N_flux_model_control_sampler_mds_v1_4/aiwf_node_research_pass02N_flux_model_control_sampler_mds_v1_4/NODE_INDEX_115_ComfyUI_ControlNeXt_SVD.csv","NODE_INDEX_115_ComfyUI_ControlNeXt_SVD.csv",".csv","710","aiwf_atlas","source_content","","","2026-05-21T07:12:10.0000000Z"
"AIWF_Atlas_VOL1_machine_facing_v3_3_api_cli_guide/03_SOURCE_CONTENT/B_RAW_PROVENANCE_ARCHIVES/aiwf_node_research_pass02N_flux_model_control_sampler_mds_v1_4/aiwf_node_research_pass02N_flux_model_control_sampler_mds_v1_4/NODE_INDEX_116_Steerable_Motion.csv","NODE_INDEX_116_Steerable_Motion.csv",".csv","1046","aiwf_atlas","source_content","","","2026-05-21T07:12:10.0000000Z"
"AIWF_Atlas_VOL1_machine_facing_v3_3_api_cli_guide/03_SOURCE_CONTENT/B_RAW_PROVENANCE_ARCHIVES/aiwf_node_research_pass02N_flux_model_control_sampler_mds_v1_4/aiwf_node_research_pass02N_flux_model_control_sampler_mds_v1_4/NODE_INDEX_117_FizzNodes.csv","NODE_INDEX_117_FizzNodes.csv",".csv","954","aiwf_atlas","source_content","","","2026-05-21T07:12:10.0000000Z"
"AIWF_Atlas_VOL1_machine_facing_v3_3_api_cli_guide/03_SOURCE_CONTENT/B_RAW_PROVENANCE_ARCHIVES/aiwf_node_research_pass02N_flux_model_control_sampler_mds_v1_4/aiwf_node_research_pass02N_flux_model_control_sampler_mds_v1_4/NODE_INDEX_118_RyanOnTheInside.csv","NODE_INDEX_118_RyanOnTheInside.csv",".csv","1197","aiwf_atlas","source_content","","","2026-05-21T07:12:10.0000000Z"
"AIWF_Atlas_VOL1_machine_facing_v3_3_api_cli_guide/03_SOURCE_CONTENT/B_RAW_PROVENANCE_ARCHIVES/aiwf_node_research_pass02N_flux_model_control_sampler_mds_v1_4/aiwf_node_research_pass02N_flux_model_control_sampler_mds_v1_4/NODE_INDEX_119_Jovimetrix.csv","NODE_INDEX_119_Jovimetrix.csv",".csv","949","aiwf_atlas","source_content","","","2026-05-21T07:12:10.0000000Z"
"AIWF_Atlas_VOL1_machine_facing_v3_3_api_cli_guide/03_SOURCE_CONTENT/B_RAW_PROVENANCE_ARCHIVES/aiwf_node_research_pass02N_flux_model_control_sampler_mds_v1_4/aiwf_node_research_pass02N_flux_model_control_sampler_mds_v1_4/NODE_INDEX_120_Deforum_Nodes.csv","NODE_INDEX_120_Deforum_Nodes.csv",".csv","1025","aiwf_atlas","source_content","","","2026-05-21T07:12:10.0000000Z"
"AIWF_Atlas_VOL1_machine_facing_v3_3_api_cli_guide/03_SOURCE_CONTENT/B_RAW_PROVENANCE_ARCHIVES/aiwf_node_research_pass02N_flux_model_control_sampler_mds_v1_4/aiwf_node_research_pass02N_flux_model_control_sampler_mds_v1_4/NODE_INDEX_121_Depthflow_Nodes.csv","NODE_INDEX_121_Depthflow_Nodes.csv",".csv","890","aiwf_atlas","source_content","","","2026-05-21T07:12:10.0000000Z"
"AIWF_Atlas_VOL1_machine_facing_v3_3_api_cli_guide/03_SOURCE_CONTENT/B_RAW_PROVENANCE_ARCHIVES/aiwf_node_research_pass02N_flux_model_control_sampler_mds_v1_4/aiwf_node_research_pass02N_flux_model_control_sampler_mds_v1_4/NODE_INDEX_122_DepthCrafter_Nodes.csv","NODE_INDEX_122_DepthCrafter_Nodes.csv",".csv","944","aiwf_atlas","source_content","","","2026-05-21T07:12:10.0000000Z"
"AIWF_Atlas_VOL1_machine_facing_v3_3_api_cli_guide/03_SOURCE_CONTENT/B_RAW_PROVENANCE_ARCHIVES/aiwf_node_research_pass02N_flux_model_control_sampler_mds_v1_4/aiwf_node_research_pass02N_flux_model_control_sampler_mds_v1_4/NODE_INDEX_123_ComfyUI_MotionDiff.csv","NODE_INDEX_123_ComfyUI_MotionDiff.csv",".csv","919","aiwf_atlas","source_content","","","2026-05-21T07:12:10.0000000Z"
"AIWF_Atlas_VOL1_machine_facing_v3_3_api_cli_guide/03_SOURCE_CONTENT/B_RAW_PROVENANCE_ARCHIVES/aiwf_node_research_pass02N_flux_model_control_sampler_mds_v1_4/aiwf_node_research_pass02N_flux_model_control_sampler_mds_v1_4/NODE_INDEX_124_ComfyUI_MimicMotionWrapper.csv","NODE_INDEX_124_ComfyUI_MimicMotionWrapper.csv",".csv","1034","aiwf_atlas","source_content","","","2026-05-21T07:12:10.0000000Z"
"AIWF_Atlas_VOL1_machine_facing_v3_3_api_cli_guide/03_SOURCE_CONTENT/B_RAW_PROVENANCE_ARCHIVES/aiwf_node_research_pass02N_flux_model_control_sampler_mds_v1_4/aiwf_node_research_pass02N_flux_model_control_sampler_mds_v1_4/NODE_INDEX_125_ComfyUI_MimicMotion.csv","NODE_INDEX_125_ComfyUI_MimicMotion.csv",".csv","959","aiwf_atlas","source_content","","","2026-05-21T07:12:10.0000000Z"
"AIWF_Atlas_VOL1_machine_facing_v3_3_api_cli_guide/03_SOURCE_CONTENT/B_RAW_PROVENANCE_ARCHIVES/aiwf_node_research_pass02N_flux_model_control_sampler_mds_v1_4/aiwf_node_research_pass02N_flux_model_control_sampler_mds_v1_4/NODE_INDEX_126_ComfyUI_AnimateAnyone_Evolved.csv","NODE_INDEX_126_ComfyUI_AnimateAnyone_Evolved.csv",".csv","1015","aiwf_atlas","source_content","","","2026-05-21T07:12:10.0000000Z"
"AIWF_Atlas_VOL1_machine_facing_v3_3_api_cli_guide/03_SOURCE_CONTENT/B_RAW_PROVENANCE_ARCHIVES/aiwf_node_research_pass02N_flux_model_control_sampler_mds_v1_4/aiwf_node_research_pass02N_flux_model_control_sampler_mds_v1_4/NODE_INDEX_127_Comfyui_MusePose.csv","NODE_INDEX_127_Comfyui_MusePose.csv",".csv","895","aiwf_atlas","source_content","","","2026-05-21T07:12:10.0000000Z"
"AIWF_Atlas_VOL1_machine_facing_v3_3_api_cli_guide/03_SOURCE_CONTENT/B_RAW_PROVENANCE_ARCHIVES/aiwf_node_research_pass02N_flux_model_control_sampler_mds_v1_4/aiwf_node_research_pass02N_flux_model_control_sampler_mds_v1_4/NODE_INDEX_128_ComfyUI_MagicAnimate.csv","NODE_INDEX_128_ComfyUI_MagicAnimate.csv",".csv","889","aiwf_atlas","source_content","","","2026-05-21T07:12:10.0000000Z"
"AIWF_Atlas_VOL1_machine_facing_v3_3_api_cli_guide/03_SOURCE_CONTENT/B_RAW_PROVENANCE_ARCHIVES/aiwf_node_research_pass02N_flux_model_control_sampler_mds_v1_4/aiwf_node_research_pass02N_flux_model_control_sampler_mds_v1_4/NODE_INDEX_129_ComfyUI_ToonCrafter.csv","NODE_INDEX_129_ComfyUI_ToonCrafter.csv",".csv","926","aiwf_atlas","source_content","","","2026-05-21T07:12:10.0000000Z"
"AIWF_Atlas_VOL1_machine_facing_v3_3_api_cli_guide/03_SOURCE_CONTENT/B_RAW_PROVENANCE_ARCHIVES/aiwf_node_research_pass02N_flux_model_control_sampler_mds_v1_4/aiwf_node_research_pass02N_flux_model_control_sampler_mds_v1_4/NODE_INDEX_130_ComfyUI_HelloMeme.csv","NODE_INDEX_130_ComfyUI_HelloMeme.csv",".csv","810","aiwf_atlas","source_content","","","2026-05-21T07:12:10.0000000Z"
"AIWF_Atlas_VOL1_machine_facing_v3_3_api_cli_guide/03_SOURCE_CONTENT/B_RAW_PROVENANCE_ARCHIVES/aiwf_node_research_pass02N_flux_model_control_sampler_mds_v1_4/aiwf_node_research_pass02N_flux_model_control_sampler_mds_v1_4/NODE_INDEX_131_ComfyUI_Sonic.csv","NODE_INDEX_131_ComfyUI_Sonic.csv",".csv","964","aiwf_atlas","source_content","","","2026-05-21T07:12:10.0000000Z"
"AIWF_Atlas_VOL1_machine_facing_v3_3_api_cli_guide/03_SOURCE_CONTENT/B_RAW_PROVENANCE_ARCHIVES/aiwf_node_research_pass02N_flux_model_control_sampler_mds_v1_4/aiwf_node_research_pass02N_flux_model_control_sampler_mds_v1_4/NODE_INDEX_132_ComfyUI_EchoMimic.csv","NODE_INDEX_132_ComfyUI_EchoMimic.csv",".csv","833","aiwf_atlas","source_content","","","2026-05-21T07:12:10.0000000Z"
"AIWF_Atlas_VOL1_machine_facing_v3_3_api_cli_guide/03_SOURCE_CONTENT/B_RAW_PROVENANCE_ARCHIVES/aiwf_node_research_pass02N_flux_model_control_sampler_mds_v1_4/aiwf_node_research_pass02N_flux_model_control_sampler_mds_v1_4/NODE_INDEX_133_ComfyUI_LatentSyncWrapper.csv","NODE_INDEX_133_ComfyUI_LatentSyncWrapper.csv",".csv","885","aiwf_atlas","source_content","","","2026-05-21T07:12:10.0000000Z"
"AIWF_Atlas_VOL1_machine_facing_v3_3_api_cli_guide/03_SOURCE_CONTENT/B_RAW_PROVENANCE_ARCHIVES/aiwf_node_research_pass02N_flux_model_control_sampler_mds_v1_4/aiwf_node_research_pass02N_flux_model_control_sampler_mds_v1_4/NODE_INDEX_134_ComfyUI_MuseTalk.csv","NODE_INDEX_134_ComfyUI_MuseTalk.csv",".csv","822","aiwf_atlas","source_content","","","2026-05-21T07:12:10.0000000Z"
"AIWF_Atlas_VOL1_machine_facing_v3_3_api_cli_guide/03_SOURCE_CONTENT/B_RAW_PROVENANCE_ARCHIVES/aiwf_node_research_pass02N_flux_model_control_sampler_mds_v1_4/aiwf_node_research_pass02N_flux_model_control_sampler_mds_v1_4/NODE_INDEX_135_ComfyUI_Hallo.csv","NODE_INDEX_135_ComfyUI_Hallo.csv",".csv","754","aiwf_atlas","source_content","","","2026-05-21T07:12:10.0000000Z"
"AIWF_Atlas_VOL1_machine_facing_v3_3_api_cli_guide/03_SOURCE_CONTENT/B_RAW_PROVENANCE_ARCHIVES/aiwf_node_research_pass02N_flux_model_control_sampler_mds_v1_4/aiwf_node_research_pass02N_flux_model_control_sampler_mds_v1_4/NODE_INDEX_136_DeepFuze.csv","NODE_INDEX_136_DeepFuze.csv",".csv","856","aiwf_atlas","source_content","","","2026-05-21T07:12:10.0000000Z"
"AIWF_Atlas_VOL1_machine_facing_v3_3_api_cli_guide/03_SOURCE_CONTENT/B_RAW_PROVENANCE_ARCHIVES/aiwf_node_research_pass02N_flux_model_control_sampler_mds_v1_4/aiwf_node_research_pass02N_flux_model_control_sampler_mds_v1_4/NODE_INDEX_137_ComfyUI_TeaCache.csv","NODE_INDEX_137_ComfyUI_TeaCache.csv",".csv","845","aiwf_atlas","source_content","","","2026-05-21T07:12:10.0000000Z"
"AIWF_Atlas_VOL1_machine_facing_v3_3_api_cli_guide/03_SOURCE_CONTENT/B_RAW_PROVENANCE_ARCHIVES/aiwf_node_research_pass02N_flux_model_control_sampler_mds_v1_4/aiwf_node_research_pass02N_flux_model_control_sampler_mds_v1_4/NODE_INDEX_138_ComfyUI_MagCache.csv","NODE_INDEX_138_ComfyUI_MagCache.csv",".csv","874","aiwf_atlas","source_content","","","2026-05-21T07:12:10.0000000Z"
"AIWF_Atlas_VOL1_machine_facing_v3_3_api_cli_guide/03_SOURCE_CONTENT/B_RAW_PROVENANCE_ARCHIVES/aiwf_node_research_pass02N_flux_model_control_sampler_mds_v1_4/aiwf_node_research_pass02N_flux_model_control_sampler_mds_v1_4/NODE_INDEX_990_ComfyUI_Core_Native_Wan22.csv","NODE_INDEX_990_ComfyUI_Core_Native_Wan22.csv",".csv","7782","aiwf_atlas","source_content","","","2026-05-21T07:12:10.0000000Z"
"AIWF_Atlas_VOL1_machine_facing_v3_3_api_cli_guide/03_SOURCE_CONTENT/B_RAW_PROVENANCE_ARCHIVES/aiwf_node_research_pass02N_flux_model_control_sampler_mds_v1_4/aiwf_node_research_pass02N_flux_model_control_sampler_mds_v1_4/NODEPACK_SUMMARY.csv","NODEPACK_SUMMARY.csv",".csv","9846","aiwf_atlas","source_content","","","2026-05-21T07:12:10.0000000Z"
"AIWF_Atlas_VOL1_machine_facing_v3_3_api_cli_guide/03_SOURCE_CONTENT/B_RAW_PROVENANCE_ARCHIVES/aiwf_node_research_pass02N_flux_model_control_sampler_mds_v1_4/aiwf_node_research_pass02N_flux_model_control_sampler_mds_v1_4/ORIGINAL_COVERAGE_LEDGER.csv","ORIGINAL_COVERAGE_LEDGER.csv",".csv","60588","aiwf_atlas","source_content","","","2026-05-21T07:12:10.0000000Z"
"AIWF_Atlas_VOL1_machine_facing_v3_3_api_cli_guide/03_SOURCE_CONTENT/B_RAW_PROVENANCE_ARCHIVES/aiwf_node_research_pass02N_flux_model_control_sampler_mds_v1_4/aiwf_node_research_pass02N_flux_model_control_sampler_mds_v1_4/PASS_02_NODE_INDEX.csv","PASS_02_NODE_INDEX.csv",".csv","374582","aiwf_atlas","source_content","","","2026-05-21T07:12:10.0000000Z"
"AIWF_Atlas_VOL1_machine_facing_v3_3_api_cli_guide/03_SOURCE_CONTENT/B_RAW_PROVENANCE_ARCHIVES/aiwf_node_research_pass02N_flux_model_control_sampler_mds_v1_4/aiwf_node_research_pass02N_flux_model_control_sampler_mds_v1_4/PASS_02_NODE_INDEX_ORIGINAL_02A.csv","PASS_02_NODE_INDEX_ORIGINAL_02A.csv",".csv","61149","aiwf_atlas","source_content","","","2026-05-21T07:12:10.0000000Z"
"AIWF_Atlas_VOL1_machine_facing_v3_3_api_cli_guide/03_SOURCE_CONTENT/B_RAW_PROVENANCE_ARCHIVES/aiwf_node_research_pass02N_flux_model_control_sampler_mds_v1_4/aiwf_node_research_pass02N_flux_model_control_sampler_mds_v1_4/PASS_02A_CHANGELOG.md","PASS_02A_CHANGELOG.md",".md","635","aiwf_atlas","source_content","","","2026-05-21T07:12:10.0000000Z"
"AIWF_Atlas_VOL1_machine_facing_v3_3_api_cli_guide/03_SOURCE_CONTENT/B_RAW_PROVENANCE_ARCHIVES/aiwf_node_research_pass02N_flux_model_control_sampler_mds_v1_4/aiwf_node_research_pass02N_flux_model_control_sampler_mds_v1_4/PASS_02A_INDEX.md","PASS_02A_INDEX.md",".md","1947","aiwf_atlas","source_content","","","2026-05-21T07:12:10.0000000Z"
"AIWF_Atlas_VOL1_machine_facing_v3_3_api_cli_guide/03_SOURCE_CONTENT/B_RAW_PROVENANCE_ARCHIVES/aiwf_node_research_pass02N_flux_model_control_sampler_mds_v1_4/aiwf_node_research_pass02N_flux_model_control_sampler_mds_v1_4/PASS_02A_MANIFEST.json","PASS_02A_MANIFEST.json",".json","867","aiwf_atlas","source_content","","","2026-05-21T07:12:10.0000000Z"
"AIWF_Atlas_VOL1_machine_facing_v3_3_api_cli_guide/03_SOURCE_CONTENT/B_RAW_PROVENANCE_ARCHIVES/aiwf_node_research_pass02N_flux_model_control_sampler_mds_v1_4/aiwf_node_research_pass02N_flux_model_control_sampler_mds_v1_4/PASS_02A_WORKFLOW_POLICY.md","PASS_02A_WORKFLOW_POLICY.md",".md","1409","aiwf_atlas","source_content","","","2026-05-21T07:12:10.0000000Z"
"AIWF_Atlas_VOL1_machine_facing_v3_3_api_cli_guide/03_SOURCE_CONTENT/B_RAW_PROVENANCE_ARCHIVES/aiwf_node_research_pass02N_flux_model_control_sampler_mds_v1_4/aiwf_node_research_pass02N_flux_model_control_sampler_mds_v1_4/PASS_02B_CHANGELOG.md","PASS_02B_CHANGELOG.md",".md","536","aiwf_atlas","source_content","","","2026-05-21T07:12:10.0000000Z"
"AIWF_Atlas_VOL1_machine_facing_v3_3_api_cli_guide/03_SOURCE_CONTENT/B_RAW_PROVENANCE_ARCHIVES/aiwf_node_research_pass02N_flux_model_control_sampler_mds_v1_4/aiwf_node_research_pass02N_flux_model_control_sampler_mds_v1_4/PASS_02B_INDEX.md","PASS_02B_INDEX.md",".md","2205","aiwf_atlas","source_content","","","2026-05-21T07:12:10.0000000Z"
"AIWF_Atlas_VOL1_machine_facing_v3_3_api_cli_guide/03_SOURCE_CONTENT/B_RAW_PROVENANCE_ARCHIVES/aiwf_node_research_pass02N_flux_model_control_sampler_mds_v1_4/aiwf_node_research_pass02N_flux_model_control_sampler_mds_v1_4/PASS_02B_MANIFEST.json","PASS_02B_MANIFEST.json",".json","1304","aiwf_atlas","source_content","","","2026-05-21T07:12:10.0000000Z"
"AIWF_Atlas_VOL1_machine_facing_v3_3_api_cli_guide/03_SOURCE_CONTENT/B_RAW_PROVENANCE_ARCHIVES/aiwf_node_research_pass02N_flux_model_control_sampler_mds_v1_4/aiwf_node_research_pass02N_flux_model_control_sampler_mds_v1_4/PASS_02B_WORKFLOW_POLICY.md","PASS_02B_WORKFLOW_POLICY.md",".md","1910","aiwf_atlas","source_content","","","2026-05-21T07:12:10.0000000Z"
"AIWF_Atlas_VOL1_machine_facing_v3_3_api_cli_guide/03_SOURCE_CONTENT/B_RAW_PROVENANCE_ARCHIVES/aiwf_node_research_pass02N_flux_model_control_sampler_mds_v1_4/aiwf_node_research_pass02N_flux_model_control_sampler_mds_v1_4/PASS_02C_CHANGELOG.md","PASS_02C_CHANGELOG.md",".md","264","aiwf_atlas","source_content","","","2026-05-21T07:12:10.0000000Z"
"AIWF_Atlas_VOL1_machine_facing_v3_3_api_cli_guide/03_SOURCE_CONTENT/B_RAW_PROVENANCE_ARCHIVES/aiwf_node_research_pass02N_flux_model_control_sampler_mds_v1_4/aiwf_node_research_pass02N_flux_model_control_sampler_mds_v1_4/PASS_02C_COVERAGE_STATUS.md","PASS_02C_COVERAGE_STATUS.md",".md","1306","aiwf_atlas","source_content","","","2026-05-21T07:12:10.0000000Z"
"AIWF_Atlas_VOL1_machine_facing_v3_3_api_cli_guide/03_SOURCE_CONTENT/B_RAW_PROVENANCE_ARCHIVES/aiwf_node_research_pass02N_flux_model_control_sampler_mds_v1_4/aiwf_node_research_pass02N_flux_model_control_sampler_mds_v1_4/PASS_02C_INDEX.md","PASS_02C_INDEX.md",".md","1446","aiwf_atlas","source_content","","","2026-05-21T07:12:10.0000000Z"
"AIWF_Atlas_VOL1_machine_facing_v3_3_api_cli_guide/03_SOURCE_CONTENT/B_RAW_PROVENANCE_ARCHIVES/aiwf_node_research_pass02N_flux_model_control_sampler_mds_v1_4/aiwf_node_research_pass02N_flux_model_control_sampler_mds_v1_4/PASS_02C_MANIFEST.json","PASS_02C_MANIFEST.json",".json","2407","aiwf_atlas","source_content","","","2026-05-21T07:12:10.0000000Z"
"AIWF_Atlas_VOL1_machine_facing_v3_3_api_cli_guide/03_SOURCE_CONTENT/B_RAW_PROVENANCE_ARCHIVES/aiwf_node_research_pass02N_flux_model_control_sampler_mds_v1_4/aiwf_node_research_pass02N_flux_model_control_sampler_mds_v1_4/PASS_02C_WORKFLOW_POLICY.md","PASS_02C_WORKFLOW_POLICY.md",".md","1255","aiwf_atlas","source_content","","","2026-05-21T07:12:10.0000000Z"
"AIWF_Atlas_VOL1_machine_facing_v3_3_api_cli_guide/03_SOURCE_CONTENT/B_RAW_PROVENANCE_ARCHIVES/aiwf_node_research_pass02N_flux_model_control_sampler_mds_v1_4/aiwf_node_research_pass02N_flux_model_control_sampler_mds_v1_4/PASS_02D_CHANGELOG.md","PASS_02D_CHANGELOG.md",".md","765","aiwf_atlas","source_content","","","2026-05-21T07:12:10.0000000Z"
"AIWF_Atlas_VOL1_machine_facing_v3_3_api_cli_guide/03_SOURCE_CONTENT/B_RAW_PROVENANCE_ARCHIVES/aiwf_node_research_pass02N_flux_model_control_sampler_mds_v1_4/aiwf_node_research_pass02N_flux_model_control_sampler_mds_v1_4/PASS_02D_COVERAGE_STATUS.md","PASS_02D_COVERAGE_STATUS.md",".md","1652","aiwf_atlas","source_content","","","2026-05-21T07:12:10.0000000Z"
"AIWF_Atlas_VOL1_machine_facing_v3_3_api_cli_guide/03_SOURCE_CONTENT/B_RAW_PROVENANCE_ARCHIVES/aiwf_node_research_pass02N_flux_model_control_sampler_mds_v1_4/aiwf_node_research_pass02N_flux_model_control_sampler_mds_v1_4/PASS_02D_INDEX.md","PASS_02D_INDEX.md",".md","2617","aiwf_atlas","source_content","","","2026-05-21T07:12:10.0000000Z"
"AIWF_Atlas_VOL1_machine_facing_v3_3_api_cli_guide/03_SOURCE_CONTENT/B_RAW_PROVENANCE_ARCHIVES/aiwf_node_research_pass02N_flux_model_control_sampler_mds_v1_4/aiwf_node_research_pass02N_flux_model_control_sampler_mds_v1_4/PASS_02D_MANIFEST.json","PASS_02D_MANIFEST.json",".json","706","aiwf_atlas","source_content","","","2026-05-21T07:12:10.0000000Z"
"AIWF_Atlas_VOL1_machine_facing_v3_3_api_cli_guide/03_SOURCE_CONTENT/B_RAW_PROVENANCE_ARCHIVES/aiwf_node_research_pass02N_flux_model_control_sampler_mds_v1_4/aiwf_node_research_pass02N_flux_model_control_sampler_mds_v1_4/PASS_02D_WORKFLOW_POLICY.md","PASS_02D_WORKFLOW_POLICY.md",".md","2121","aiwf_atlas","source_content","","","2026-05-21T07:12:10.0000000Z"
"AIWF_Atlas_VOL1_machine_facing_v3_3_api_cli_guide/03_SOURCE_CONTENT/B_RAW_PROVENANCE_ARCHIVES/aiwf_node_research_pass02N_flux_model_control_sampler_mds_v1_4/aiwf_node_research_pass02N_flux_model_control_sampler_mds_v1_4/PASS_02E_CHANGELOG.md","PASS_02E_CHANGELOG.md",".md","325","aiwf_atlas","source_content","","","2026-05-21T07:12:10.0000000Z"
"AIWF_Atlas_VOL1_machine_facing_v3_3_api_cli_guide/03_SOURCE_CONTENT/B_RAW_PROVENANCE_ARCHIVES/aiwf_node_research_pass02N_flux_model_control_sampler_mds_v1_4/aiwf_node_research_pass02N_flux_model_control_sampler_mds_v1_4/PASS_02E_COVERAGE_STATUS.md","PASS_02E_COVERAGE_STATUS.md",".md","498","aiwf_atlas","source_content","","","2026-05-21T07:12:10.0000000Z"
"AIWF_Atlas_VOL1_machine_facing_v3_3_api_cli_guide/03_SOURCE_CONTENT/B_RAW_PROVENANCE_ARCHIVES/aiwf_node_research_pass02N_flux_model_control_sampler_mds_v1_4/aiwf_node_research_pass02N_flux_model_control_sampler_mds_v1_4/PASS_02E_INDEX.md","PASS_02E_INDEX.md",".md","1222","aiwf_atlas","source_content","","","2026-05-21T07:12:10.0000000Z"
"AIWF_Atlas_VOL1_machine_facing_v3_3_api_cli_guide/03_SOURCE_CONTENT/B_RAW_PROVENANCE_ARCHIVES/aiwf_node_research_pass02N_flux_model_control_sampler_mds_v1_4/aiwf_node_research_pass02N_flux_model_control_sampler_mds_v1_4/PASS_02E_MANIFEST.json","PASS_02E_MANIFEST.json",".json","216","aiwf_atlas","source_content","","","2026-05-21T07:12:10.0000000Z"
"AIWF_Atlas_VOL1_machine_facing_v3_3_api_cli_guide/03_SOURCE_CONTENT/B_RAW_PROVENANCE_ARCHIVES/aiwf_node_research_pass02N_flux_model_control_sampler_mds_v1_4/aiwf_node_research_pass02N_flux_model_control_sampler_mds_v1_4/PASS_02E_WORKFLOW_POLICY.md","PASS_02E_WORKFLOW_POLICY.md",".md","986","aiwf_atlas","source_content","","","2026-05-21T07:12:10.0000000Z"
"AIWF_Atlas_VOL1_machine_facing_v3_3_api_cli_guide/03_SOURCE_CONTENT/B_RAW_PROVENANCE_ARCHIVES/aiwf_node_research_pass02N_flux_model_control_sampler_mds_v1_4/aiwf_node_research_pass02N_flux_model_control_sampler_mds_v1_4/PASS_02F_CHANGELOG.md","PASS_02F_CHANGELOG.md",".md","506","aiwf_atlas","source_content","","","2026-05-21T07:12:10.0000000Z"
"AIWF_Atlas_VOL1_machine_facing_v3_3_api_cli_guide/03_SOURCE_CONTENT/B_RAW_PROVENANCE_ARCHIVES/aiwf_node_research_pass02N_flux_model_control_sampler_mds_v1_4/aiwf_node_research_pass02N_flux_model_control_sampler_mds_v1_4/PASS_02F_COVERAGE_STATUS.md","PASS_02F_COVERAGE_STATUS.md",".md","1332","aiwf_atlas","source_content","","","2026-05-21T07:12:10.0000000Z"
"AIWF_Atlas_VOL1_machine_facing_v3_3_api_cli_guide/03_SOURCE_CONTENT/B_RAW_PROVENANCE_ARCHIVES/aiwf_node_research_pass02N_flux_model_control_sampler_mds_v1_4/aiwf_node_research_pass02N_flux_model_control_sampler_mds_v1_4/PASS_02F_INDEX.md","PASS_02F_INDEX.md",".md","1393","aiwf_atlas","source_content","","","2026-05-21T07:12:10.0000000Z"
"AIWF_Atlas_VOL1_machine_facing_v3_3_api_cli_guide/03_SOURCE_CONTENT/B_RAW_PROVENANCE_ARCHIVES/aiwf_node_research_pass02N_flux_model_control_sampler_mds_v1_4/aiwf_node_research_pass02N_flux_model_control_sampler_mds_v1_4/PASS_02F_MANIFEST.json","PASS_02F_MANIFEST.json",".json","346","aiwf_atlas","source_content","","","2026-05-21T07:12:10.0000000Z"
"AIWF_Atlas_VOL1_machine_facing_v3_3_api_cli_guide/03_SOURCE_CONTENT/B_RAW_PROVENANCE_ARCHIVES/aiwf_node_research_pass02N_flux_model_control_sampler_mds_v1_4/aiwf_node_research_pass02N_flux_model_control_sampler_mds_v1_4/PASS_02F_WORKFLOW_POLICY.md","PASS_02F_WORKFLOW_POLICY.md",".md","903","aiwf_atlas","source_content","","","2026-05-21T07:12:10.0000000Z"
"AIWF_Atlas_VOL1_machine_facing_v3_3_api_cli_guide/03_SOURCE_CONTENT/B_RAW_PROVENANCE_ARCHIVES/aiwf_node_research_pass02N_flux_model_control_sampler_mds_v1_4/aiwf_node_research_pass02N_flux_model_control_sampler_mds_v1_4/PASS_02G_CHANGELOG.md","PASS_02G_CHANGELOG.md",".md","286","aiwf_atlas","source_content","","","2026-05-21T07:12:10.0000000Z"
"AIWF_Atlas_VOL1_machine_facing_v3_3_api_cli_guide/03_SOURCE_CONTENT/B_RAW_PROVENANCE_ARCHIVES/aiwf_node_research_pass02N_flux_model_control_sampler_mds_v1_4/aiwf_node_research_pass02N_flux_model_control_sampler_mds_v1_4/PASS_02G_COVERAGE_STATUS.md","PASS_02G_COVERAGE_STATUS.md",".md","418","aiwf_atlas","source_content","","","2026-05-21T07:12:10.0000000Z"
"AIWF_Atlas_VOL1_machine_facing_v3_3_api_cli_guide/03_SOURCE_CONTENT/B_RAW_PROVENANCE_ARCHIVES/aiwf_node_research_pass02N_flux_model_control_sampler_mds_v1_4/aiwf_node_research_pass02N_flux_model_control_sampler_mds_v1_4/PASS_02G_INDEX.md","PASS_02G_INDEX.md",".md","2224","aiwf_atlas","source_content","","","2026-05-21T07:12:10.0000000Z"
"AIWF_Atlas_VOL1_machine_facing_v3_3_api_cli_guide/03_SOURCE_CONTENT/B_RAW_PROVENANCE_ARCHIVES/aiwf_node_research_pass02N_flux_model_control_sampler_mds_v1_4/aiwf_node_research_pass02N_flux_model_control_sampler_mds_v1_4/PASS_02G_MANIFEST.json","PASS_02G_MANIFEST.json",".json","502","aiwf_atlas","source_content","","","2026-05-21T07:12:10.0000000Z"
"AIWF_Atlas_VOL1_machine_facing_v3_3_api_cli_guide/03_SOURCE_CONTENT/B_RAW_PROVENANCE_ARCHIVES/aiwf_node_research_pass02N_flux_model_control_sampler_mds_v1_4/aiwf_node_research_pass02N_flux_model_control_sampler_mds_v1_4/PASS_02G_WORKFLOW_POLICY.md","PASS_02G_WORKFLOW_POLICY.md",".md","799","aiwf_atlas","source_content","","","2026-05-21T07:12:10.0000000Z"
"AIWF_Atlas_VOL1_machine_facing_v3_3_api_cli_guide/03_SOURCE_CONTENT/B_RAW_PROVENANCE_ARCHIVES/aiwf_node_research_pass02N_flux_model_control_sampler_mds_v1_4/aiwf_node_research_pass02N_flux_model_control_sampler_mds_v1_4/PASS_02H_CHANGELOG.md","PASS_02H_CHANGELOG.md",".md","347","aiwf_atlas","source_content","","","2026-05-21T07:12:10.0000000Z"
"AIWF_Atlas_VOL1_machine_facing_v3_3_api_cli_guide/03_SOURCE_CONTENT/B_RAW_PROVENANCE_ARCHIVES/aiwf_node_research_pass02N_flux_model_control_sampler_mds_v1_4/aiwf_node_research_pass02N_flux_model_control_sampler_mds_v1_4/PASS_02H_COVERAGE_STATUS.md","PASS_02H_COVERAGE_STATUS.md",".md","839","aiwf_atlas","source_content","","","2026-05-21T07:12:10.0000000Z"
"AIWF_Atlas_VOL1_machine_facing_v3_3_api_cli_guide/03_SOURCE_CONTENT/B_RAW_PROVENANCE_ARCHIVES/aiwf_node_research_pass02N_flux_model_control_sampler_mds_v1_4/aiwf_node_research_pass02N_flux_model_control_sampler_mds_v1_4/PASS_02H_INDEX.md","PASS_02H_INDEX.md",".md","2503","aiwf_atlas","source_content","","","2026-05-21T07:12:10.0000000Z"
"AIWF_Atlas_VOL1_machine_facing_v3_3_api_cli_guide/03_SOURCE_CONTENT/B_RAW_PROVENANCE_ARCHIVES/aiwf_node_research_pass02N_flux_model_control_sampler_mds_v1_4/aiwf_node_research_pass02N_flux_model_control_sampler_mds_v1_4/PASS_02H_MANIFEST.json","PASS_02H_MANIFEST.json",".json","7892","aiwf_atlas","source_content","","","2026-05-21T07:12:10.0000000Z"
"AIWF_Atlas_VOL1_machine_facing_v3_3_api_cli_guide/03_SOURCE_CONTENT/B_RAW_PROVENANCE_ARCHIVES/aiwf_node_research_pass02N_flux_model_control_sampler_mds_v1_4/aiwf_node_research_pass02N_flux_model_control_sampler_mds_v1_4/PASS_02H_WORKFLOW_POLICY.md","PASS_02H_WORKFLOW_POLICY.md",".md","933","aiwf_atlas","source_content","","","2026-05-21T07:12:10.0000000Z"
"AIWF_Atlas_VOL1_machine_facing_v3_3_api_cli_guide/03_SOURCE_CONTENT/B_RAW_PROVENANCE_ARCHIVES/aiwf_node_research_pass02N_flux_model_control_sampler_mds_v1_4/aiwf_node_research_pass02N_flux_model_control_sampler_mds_v1_4/PASS_02I_CHANGELOG.md","PASS_02I_CHANGELOG.md",".md","519","aiwf_atlas","source_content","","","2026-05-21T07:12:10.0000000Z"
"AIWF_Atlas_VOL1_machine_facing_v3_3_api_cli_guide/03_SOURCE_CONTENT/B_RAW_PROVENANCE_ARCHIVES/aiwf_node_research_pass02N_flux_model_control_sampler_mds_v1_4/aiwf_node_research_pass02N_flux_model_control_sampler_mds_v1_4/PASS_02I_COVERAGE_STATUS.md","PASS_02I_COVERAGE_STATUS.md",".md","935","aiwf_atlas","source_content","","","2026-05-21T07:12:10.0000000Z"
"AIWF_Atlas_VOL1_machine_facing_v3_3_api_cli_guide/03_SOURCE_CONTENT/B_RAW_PROVENANCE_ARCHIVES/aiwf_node_research_pass02N_flux_model_control_sampler_mds_v1_4/aiwf_node_research_pass02N_flux_model_control_sampler_mds_v1_4/PASS_02I_INDEX.md","PASS_02I_INDEX.md",".md","2371","aiwf_atlas","source_content","","","2026-05-21T07:12:10.0000000Z"
"AIWF_Atlas_VOL1_machine_facing_v3_3_api_cli_guide/03_SOURCE_CONTENT/B_RAW_PROVENANCE_ARCHIVES/aiwf_node_research_pass02N_flux_model_control_sampler_mds_v1_4/aiwf_node_research_pass02N_flux_model_control_sampler_mds_v1_4/PASS_02I_MANIFEST.json","PASS_02I_MANIFEST.json",".json","855","aiwf_atlas","source_content","","","2026-05-21T07:12:10.0000000Z"
"AIWF_Atlas_VOL1_machine_facing_v3_3_api_cli_guide/03_SOURCE_CONTENT/B_RAW_PROVENANCE_ARCHIVES/aiwf_node_research_pass02N_flux_model_control_sampler_mds_v1_4/aiwf_node_research_pass02N_flux_model_control_sampler_mds_v1_4/PASS_02I_RETRY_EXPANSION_FINDINGS.md","PASS_02I_RETRY_EXPANSION_FINDINGS.md",".md","1458","aiwf_atlas","source_content","","","2026-05-21T07:12:10.0000000Z"
"AIWF_Atlas_VOL1_machine_facing_v3_3_api_cli_guide/03_SOURCE_CONTENT/B_RAW_PROVENANCE_ARCHIVES/aiwf_node_research_pass02N_flux_model_control_sampler_mds_v1_4/aiwf_node_research_pass02N_flux_model_control_sampler_mds_v1_4/PASS_02I_WORKFLOW_POLICY.md","PASS_02I_WORKFLOW_POLICY.md",".md","1082","aiwf_atlas","source_content","","","2026-05-21T07:12:10.0000000Z"
"AIWF_Atlas_VOL1_machine_facing_v3_3_api_cli_guide/03_SOURCE_CONTENT/B_RAW_PROVENANCE_ARCHIVES/aiwf_node_research_pass02N_flux_model_control_sampler_mds_v1_4/aiwf_node_research_pass02N_flux_model_control_sampler_mds_v1_4/PASS_02J_CHANGELOG.md","PASS_02J_CHANGELOG.md",".md","978","aiwf_atlas","source_content","","","2026-05-21T07:12:10.0000000Z"
"AIWF_Atlas_VOL1_machine_facing_v3_3_api_cli_guide/03_SOURCE_CONTENT/B_RAW_PROVENANCE_ARCHIVES/aiwf_node_research_pass02N_flux_model_control_sampler_mds_v1_4/aiwf_node_research_pass02N_flux_model_control_sampler_mds_v1_4/PASS_02J_COVERAGE_STATUS.md","PASS_02J_COVERAGE_STATUS.md",".md","1264","aiwf_atlas","source_content","","","2026-05-21T07:12:10.0000000Z"
"AIWF_Atlas_VOL1_machine_facing_v3_3_api_cli_guide/03_SOURCE_CONTENT/B_RAW_PROVENANCE_ARCHIVES/aiwf_node_research_pass02N_flux_model_control_sampler_mds_v1_4/aiwf_node_research_pass02N_flux_model_control_sampler_mds_v1_4/PASS_02J_FIELD_REPORT_ANALYSIS.md","PASS_02J_FIELD_REPORT_ANALYSIS.md",".md","4158","aiwf_atlas","source_content","","","2026-05-21T07:12:10.0000000Z"
"AIWF_Atlas_VOL1_machine_facing_v3_3_api_cli_guide/03_SOURCE_CONTENT/B_RAW_PROVENANCE_ARCHIVES/aiwf_node_research_pass02N_flux_model_control_sampler_mds_v1_4/aiwf_node_research_pass02N_flux_model_control_sampler_mds_v1_4/PASS_02J_INDEX.md","PASS_02J_INDEX.md",".md","1487","aiwf_atlas","source_content","","","2026-05-21T07:12:10.0000000Z"
"AIWF_Atlas_VOL1_machine_facing_v3_3_api_cli_guide/03_SOURCE_CONTENT/B_RAW_PROVENANCE_ARCHIVES/aiwf_node_research_pass02N_flux_model_control_sampler_mds_v1_4/aiwf_node_research_pass02N_flux_model_control_sampler_mds_v1_4/PASS_02J_MANIFEST.json","PASS_02J_MANIFEST.json",".json","823","aiwf_atlas","source_content","","","2026-05-21T07:12:10.0000000Z"
"AIWF_Atlas_VOL1_machine_facing_v3_3_api_cli_guide/03_SOURCE_CONTENT/B_RAW_PROVENANCE_ARCHIVES/aiwf_node_research_pass02N_flux_model_control_sampler_mds_v1_4/aiwf_node_research_pass02N_flux_model_control_sampler_mds_v1_4/PASS_02J_WORKFLOW_POLICY.md","PASS_02J_WORKFLOW_POLICY.md",".md","2477","aiwf_atlas","source_content","","","2026-05-21T07:12:10.0000000Z"
"AIWF_Atlas_VOL1_machine_facing_v3_3_api_cli_guide/03_SOURCE_CONTENT/B_RAW_PROVENANCE_ARCHIVES/aiwf_node_research_pass02N_flux_model_control_sampler_mds_v1_4/aiwf_node_research_pass02N_flux_model_control_sampler_mds_v1_4/PASS_02K_CHANGELOG.md","PASS_02K_CHANGELOG.md",".md","840","aiwf_atlas","source_content","","","2026-05-21T07:12:10.0000000Z"
"AIWF_Atlas_VOL1_machine_facing_v3_3_api_cli_guide/03_SOURCE_CONTENT/B_RAW_PROVENANCE_ARCHIVES/aiwf_node_research_pass02N_flux_model_control_sampler_mds_v1_4/aiwf_node_research_pass02N_flux_model_control_sampler_mds_v1_4/PASS_02K_CHAT_REVIEW_SUMMARY.md","PASS_02K_CHAT_REVIEW_SUMMARY.md",".md","1902","aiwf_atlas","source_content","","","2026-05-21T07:12:10.0000000Z"
"AIWF_Atlas_VOL1_machine_facing_v3_3_api_cli_guide/03_SOURCE_CONTENT/B_RAW_PROVENANCE_ARCHIVES/aiwf_node_research_pass02N_flux_model_control_sampler_mds_v1_4/aiwf_node_research_pass02N_flux_model_control_sampler_mds_v1_4/PASS_02K_INDEX.md","PASS_02K_INDEX.md",".md","1789","aiwf_atlas","source_content","","","2026-05-21T07:12:10.0000000Z"
"AIWF_Atlas_VOL1_machine_facing_v3_3_api_cli_guide/03_SOURCE_CONTENT/B_RAW_PROVENANCE_ARCHIVES/aiwf_node_research_pass02N_flux_model_control_sampler_mds_v1_4/aiwf_node_research_pass02N_flux_model_control_sampler_mds_v1_4/PASS_02K_MANIFEST.json","PASS_02K_MANIFEST.json",".json","1561","aiwf_atlas","source_content","","","2026-05-21T07:12:10.0000000Z"
"AIWF_Atlas_VOL1_machine_facing_v3_3_api_cli_guide/03_SOURCE_CONTENT/B_RAW_PROVENANCE_ARCHIVES/aiwf_node_research_pass02N_flux_model_control_sampler_mds_v1_4/aiwf_node_research_pass02N_flux_model_control_sampler_mds_v1_4/PASS_02K_SOURCE_REGISTER.csv","PASS_02K_SOURCE_REGISTER.csv",".csv","47300","aiwf_atlas","source_content","","","2026-05-21T07:12:10.0000000Z"
"AIWF_Atlas_VOL1_machine_facing_v3_3_api_cli_guide/03_SOURCE_CONTENT/B_RAW_PROVENANCE_ARCHIVES/aiwf_node_research_pass02N_flux_model_control_sampler_mds_v1_4/aiwf_node_research_pass02N_flux_model_control_sampler_mds_v1_4/PASS_02K_SOURCE_REGISTER.md","PASS_02K_SOURCE_REGISTER.md",".md","2642","aiwf_atlas","source_content","","","2026-05-21T07:12:10.0000000Z"
"AIWF_Atlas_VOL1_machine_facing_v3_3_api_cli_guide/03_SOURCE_CONTENT/B_RAW_PROVENANCE_ARCHIVES/aiwf_node_research_pass02N_flux_model_control_sampler_mds_v1_4/aiwf_node_research_pass02N_flux_model_control_sampler_mds_v1_4/PASS_02K_SOURCE_TO_DECISION_MAP.csv","PASS_02K_SOURCE_TO_DECISION_MAP.csv",".csv","4784","aiwf_atlas","source_content","","","2026-05-21T07:12:10.0000000Z"
"AIWF_Atlas_VOL1_machine_facing_v3_3_api_cli_guide/03_SOURCE_CONTENT/B_RAW_PROVENANCE_ARCHIVES/aiwf_node_research_pass02N_flux_model_control_sampler_mds_v1_4/aiwf_node_research_pass02N_flux_model_control_sampler_mds_v1_4/PASS_02L_COVERAGE_STATUS.md","PASS_02L_COVERAGE_STATUS.md",".md","1395","aiwf_atlas","source_content","","","2026-05-21T07:12:10.0000000Z"
"AIWF_Atlas_VOL1_machine_facing_v3_3_api_cli_guide/03_SOURCE_CONTENT/B_RAW_PROVENANCE_ARCHIVES/aiwf_node_research_pass02N_flux_model_control_sampler_mds_v1_4/aiwf_node_research_pass02N_flux_model_control_sampler_mds_v1_4/PASS_02L_INDEX.md","PASS_02L_INDEX.md",".md","972","aiwf_atlas","source_content","","","2026-05-21T07:12:10.0000000Z"
"AIWF_Atlas_VOL1_machine_facing_v3_3_api_cli_guide/03_SOURCE_CONTENT/B_RAW_PROVENANCE_ARCHIVES/aiwf_node_research_pass02N_flux_model_control_sampler_mds_v1_4/aiwf_node_research_pass02N_flux_model_control_sampler_mds_v1_4/PASS_02L_MANIFEST.json","PASS_02L_MANIFEST.json",".json","472","aiwf_atlas","source_content","","","2026-05-21T07:12:10.0000000Z"
"AIWF_Atlas_VOL1_machine_facing_v3_3_api_cli_guide/03_SOURCE_CONTENT/B_RAW_PROVENANCE_ARCHIVES/aiwf_node_research_pass02N_flux_model_control_sampler_mds_v1_4/aiwf_node_research_pass02N_flux_model_control_sampler_mds_v1_4/PASS_02L_SOURCE_ADDITIONS.csv","PASS_02L_SOURCE_ADDITIONS.csv",".csv","1469","aiwf_atlas","source_content","","","2026-05-21T07:12:10.0000000Z"
"AIWF_Atlas_VOL1_machine_facing_v3_3_api_cli_guide/03_SOURCE_CONTENT/B_RAW_PROVENANCE_ARCHIVES/aiwf_node_research_pass02N_flux_model_control_sampler_mds_v1_4/aiwf_node_research_pass02N_flux_model_control_sampler_mds_v1_4/PASS_02L_WORKFLOW_POLICY.md","PASS_02L_WORKFLOW_POLICY.md",".md","649","aiwf_atlas","source_content","","","2026-05-21T07:12:10.0000000Z"
"AIWF_Atlas_VOL1_machine_facing_v3_3_api_cli_guide/03_SOURCE_CONTENT/B_RAW_PROVENANCE_ARCHIVES/aiwf_node_research_pass02N_flux_model_control_sampler_mds_v1_4/aiwf_node_research_pass02N_flux_model_control_sampler_mds_v1_4/PASS_02M_CHANGELOG.md","PASS_02M_CHANGELOG.md",".md","343","aiwf_atlas","source_content","","","2026-05-21T07:12:10.0000000Z"
"AIWF_Atlas_VOL1_machine_facing_v3_3_api_cli_guide/03_SOURCE_CONTENT/B_RAW_PROVENANCE_ARCHIVES/aiwf_node_research_pass02N_flux_model_control_sampler_mds_v1_4/aiwf_node_research_pass02N_flux_model_control_sampler_mds_v1_4/PASS_02M_COVERAGE_STATUS.md","PASS_02M_COVERAGE_STATUS.md",".md","651","aiwf_atlas","source_content","","","2026-05-21T07:12:10.0000000Z"
"AIWF_Atlas_VOL1_machine_facing_v3_3_api_cli_guide/03_SOURCE_CONTENT/B_RAW_PROVENANCE_ARCHIVES/aiwf_node_research_pass02N_flux_model_control_sampler_mds_v1_4/aiwf_node_research_pass02N_flux_model_control_sampler_mds_v1_4/PASS_02M_INDEX.md","PASS_02M_INDEX.md",".md","1066","aiwf_atlas","source_content","","","2026-05-21T07:12:10.0000000Z"
"AIWF_Atlas_VOL1_machine_facing_v3_3_api_cli_guide/03_SOURCE_CONTENT/B_RAW_PROVENANCE_ARCHIVES/aiwf_node_research_pass02N_flux_model_control_sampler_mds_v1_4/aiwf_node_research_pass02N_flux_model_control_sampler_mds_v1_4/PASS_02M_MANIFEST.json","PASS_02M_MANIFEST.json",".json","11071","aiwf_atlas","source_content","","","2026-05-21T07:12:10.0000000Z"
"AIWF_Atlas_VOL1_machine_facing_v3_3_api_cli_guide/03_SOURCE_CONTENT/B_RAW_PROVENANCE_ARCHIVES/aiwf_node_research_pass02N_flux_model_control_sampler_mds_v1_4/aiwf_node_research_pass02N_flux_model_control_sampler_mds_v1_4/PASS_02M_SOURCE_ADDITIONS.csv","PASS_02M_SOURCE_ADDITIONS.csv",".csv","5194","aiwf_atlas","source_content","","","2026-05-21T07:12:10.0000000Z"
"AIWF_Atlas_VOL1_machine_facing_v3_3_api_cli_guide/03_SOURCE_CONTENT/B_RAW_PROVENANCE_ARCHIVES/aiwf_node_research_pass02N_flux_model_control_sampler_mds_v1_4/aiwf_node_research_pass02N_flux_model_control_sampler_mds_v1_4/PASS_02M_WORKFLOW_POLICY.md","PASS_02M_WORKFLOW_POLICY.md",".md","1059","aiwf_atlas","source_content","","","2026-05-21T07:12:10.0000000Z"
"AIWF_Atlas_VOL1_machine_facing_v3_3_api_cli_guide/03_SOURCE_CONTENT/B_RAW_PROVENANCE_ARCHIVES/aiwf_node_research_pass02N_flux_model_control_sampler_mds_v1_4/aiwf_node_research_pass02N_flux_model_control_sampler_mds_v1_4/PASS_02N_COVERAGE_STATUS.md","PASS_02N_COVERAGE_STATUS.md",".md","1147","aiwf_atlas","source_content","","","2026-05-21T07:12:10.0000000Z"
"AIWF_Atlas_VOL1_machine_facing_v3_3_api_cli_guide/03_SOURCE_CONTENT/B_RAW_PROVENANCE_ARCHIVES/aiwf_node_research_pass02N_flux_model_control_sampler_mds_v1_4/aiwf_node_research_pass02N_flux_model_control_sampler_mds_v1_4/PASS_02N_INDEX.md","PASS_02N_INDEX.md",".md","682","aiwf_atlas","source_content","","","2026-05-21T07:12:10.0000000Z"
"AIWF_Atlas_VOL1_machine_facing_v3_3_api_cli_guide/03_SOURCE_CONTENT/B_RAW_PROVENANCE_ARCHIVES/aiwf_node_research_pass02N_flux_model_control_sampler_mds_v1_4/aiwf_node_research_pass02N_flux_model_control_sampler_mds_v1_4/PASS_02N_SOURCE_ADDITIONS.csv","PASS_02N_SOURCE_ADDITIONS.csv",".csv","1433","aiwf_atlas","source_content","","","2026-05-21T07:12:10.0000000Z"
"AIWF_Atlas_VOL1_machine_facing_v3_3_api_cli_guide/03_SOURCE_CONTENT/B_RAW_PROVENANCE_ARCHIVES/aiwf_node_research_pass02N_flux_model_control_sampler_mds_v1_4/aiwf_node_research_pass02N_flux_model_control_sampler_mds_v1_4/PASS_02N_WORKFLOW_POLICY.md","PASS_02N_WORKFLOW_POLICY.md",".md","1023","aiwf_atlas","source_content","","","2026-05-21T07:12:10.0000000Z"
"AIWF_Atlas_VOL1_machine_facing_v3_3_api_cli_guide/03_SOURCE_CONTENT/B_RAW_PROVENANCE_ARCHIVES/aiwf_node_research_pass02N_flux_model_control_sampler_mds_v1_4/aiwf_node_research_pass02N_flux_model_control_sampler_mds_v1_4/RAG_FIELD_REPORT_2026_MODERN_TIER_PASS02J.md","RAG_FIELD_REPORT_2026_MODERN_TIER_PASS02J.md",".md","3280","aiwf_atlas","source_content","","","2026-05-21T07:12:10.0000000Z"
"AIWF_Atlas_VOL1_machine_facing_v3_3_api_cli_guide/03_SOURCE_CONTENT/B_RAW_PROVENANCE_ARCHIVES/aiwf_node_research_pass02N_flux_model_control_sampler_mds_v1_4/aiwf_node_research_pass02N_flux_model_control_sampler_mds_v1_4/RAG_NODEPACK_011_ComfyUI-GGUF_PASS02A.md","RAG_NODEPACK_011_ComfyUI-GGUF_PASS02A.md",".md","684","aiwf_atlas","source_content","","","2026-05-21T07:12:10.0000000Z"
"AIWF_Atlas_VOL1_machine_facing_v3_3_api_cli_guide/03_SOURCE_CONTENT/B_RAW_PROVENANCE_ARCHIVES/aiwf_node_research_pass02N_flux_model_control_sampler_mds_v1_4/aiwf_node_research_pass02N_flux_model_control_sampler_mds_v1_4/RAG_NODEPACK_012_comfyui_controlnet_aux_PASS02A.md","RAG_NODEPACK_012_comfyui_controlnet_aux_PASS02A.md",".md","635","aiwf_atlas","source_content","","","2026-05-21T07:12:10.0000000Z"
"AIWF_Atlas_VOL1_machine_facing_v3_3_api_cli_guide/03_SOURCE_CONTENT/B_RAW_PROVENANCE_ARCHIVES/aiwf_node_research_pass02N_flux_model_control_sampler_mds_v1_4/aiwf_node_research_pass02N_flux_model_control_sampler_mds_v1_4/RAG_NODEPACK_012_comfyui_controlnet_aux_PASS02B.md","RAG_NODEPACK_012_comfyui_controlnet_aux_PASS02B.md",".md","436","aiwf_atlas","source_content","","","2026-05-21T07:12:10.0000000Z"
"AIWF_Atlas_VOL1_machine_facing_v3_3_api_cli_guide/03_SOURCE_CONTENT/B_RAW_PROVENANCE_ARCHIVES/aiwf_node_research_pass02N_flux_model_control_sampler_mds_v1_4/aiwf_node_research_pass02N_flux_model_control_sampler_mds_v1_4/RAG_NODEPACK_013_ComfyUI_IPAdapter_plus_PASS02A.md","RAG_NODEPACK_013_ComfyUI_IPAdapter_plus_PASS02A.md",".md","941","aiwf_atlas","source_content","","","2026-05-21T07:12:10.0000000Z"
"AIWF_Atlas_VOL1_machine_facing_v3_3_api_cli_guide/03_SOURCE_CONTENT/B_RAW_PROVENANCE_ARCHIVES/aiwf_node_research_pass02N_flux_model_control_sampler_mds_v1_4/aiwf_node_research_pass02N_flux_model_control_sampler_mds_v1_4/RAG_NODEPACK_013_ComfyUI_IPAdapter_plus_PASS02B.md","RAG_NODEPACK_013_ComfyUI_IPAdapter_plus_PASS02B.md",".md","598","aiwf_atlas","source_content","","","2026-05-21T07:12:10.0000000Z"
"AIWF_Atlas_VOL1_machine_facing_v3_3_api_cli_guide/03_SOURCE_CONTENT/B_RAW_PROVENANCE_ARCHIVES/aiwf_node_research_pass02N_flux_model_control_sampler_mds_v1_4/aiwf_node_research_pass02N_flux_model_control_sampler_mds_v1_4/RAG_NODEPACK_014_comfyui-inpaint-nodes_PASS02A.md","RAG_NODEPACK_014_comfyui-inpaint-nodes_PASS02A.md",".md","947","aiwf_atlas","source_content","","","2026-05-21T07:12:10.0000000Z"
"AIWF_Atlas_VOL1_machine_facing_v3_3_api_cli_guide/03_SOURCE_CONTENT/B_RAW_PROVENANCE_ARCHIVES/aiwf_node_research_pass02N_flux_model_control_sampler_mds_v1_4/aiwf_node_research_pass02N_flux_model_control_sampler_mds_v1_4/RAG_NODEPACK_015_ComfyUI-WanVideoWrapper_PASS02A.md","RAG_NODEPACK_015_ComfyUI-WanVideoWrapper_PASS02A.md",".md","988","aiwf_atlas","source_content","","","2026-05-21T07:12:10.0000000Z"
"AIWF_Atlas_VOL1_machine_facing_v3_3_api_cli_guide/03_SOURCE_CONTENT/B_RAW_PROVENANCE_ARCHIVES/aiwf_node_research_pass02N_flux_model_control_sampler_mds_v1_4/aiwf_node_research_pass02N_flux_model_control_sampler_mds_v1_4/RAG_NODEPACK_015_ComfyUI-WanVideoWrapper_PASS02B.md","RAG_NODEPACK_015_ComfyUI-WanVideoWrapper_PASS02B.md",".md","445","aiwf_atlas","source_content","","","2026-05-21T07:12:10.0000000Z"
"AIWF_Atlas_VOL1_machine_facing_v3_3_api_cli_guide/03_SOURCE_CONTENT/B_RAW_PROVENANCE_ARCHIVES/aiwf_node_research_pass02N_flux_model_control_sampler_mds_v1_4/aiwf_node_research_pass02N_flux_model_control_sampler_mds_v1_4/RAG_NODEPACK_016_ComfyUI_Advanced-ControlNet_PASS02B.md","RAG_NODEPACK_016_ComfyUI_Advanced-ControlNet_PASS02B.md",".md","548","aiwf_atlas","source_content","","","2026-05-21T07:12:10.0000000Z"
"AIWF_Atlas_VOL1_machine_facing_v3_3_api_cli_guide/03_SOURCE_CONTENT/B_RAW_PROVENANCE_ARCHIVES/aiwf_node_research_pass02N_flux_model_control_sampler_mds_v1_4/aiwf_node_research_pass02N_flux_model_control_sampler_mds_v1_4/RAG_NODEPACK_016_ComfyUI-Advanced-ControlNet_PASS02A.md","RAG_NODEPACK_016_ComfyUI-Advanced-ControlNet_PASS02A.md",".md","930","aiwf_atlas","source_content","","","2026-05-21T07:12:10.0000000Z"
"AIWF_Atlas_VOL1_machine_facing_v3_3_api_cli_guide/03_SOURCE_CONTENT/B_RAW_PROVENANCE_ARCHIVES/aiwf_node_research_pass02N_flux_model_control_sampler_mds_v1_4/aiwf_node_research_pass02N_flux_model_control_sampler_mds_v1_4/RAG_NODEPACK_017_ComfyUI-Impact-Subpack_PASS02C.md","RAG_NODEPACK_017_ComfyUI-Impact-Subpack_PASS02C.md",".md","649","aiwf_atlas","source_content","","","2026-05-21T07:12:10.0000000Z"
"AIWF_Atlas_VOL1_machine_facing_v3_3_api_cli_guide/03_SOURCE_CONTENT/B_RAW_PROVENANCE_ARCHIVES/aiwf_node_research_pass02N_flux_model_control_sampler_mds_v1_4/aiwf_node_research_pass02N_flux_model_control_sampler_mds_v1_4/RAG_NODEPACK_018_ComfyUI-Inpaint-CropAndStitch_PASS02C.md","RAG_NODEPACK_018_ComfyUI-Inpaint-CropAndStitch_PASS02C.md",".md","620","aiwf_atlas","source_content","","","2026-05-21T07:12:10.0000000Z"
"AIWF_Atlas_VOL1_machine_facing_v3_3_api_cli_guide/03_SOURCE_CONTENT/B_RAW_PROVENANCE_ARCHIVES/aiwf_node_research_pass02N_flux_model_control_sampler_mds_v1_4/aiwf_node_research_pass02N_flux_model_control_sampler_mds_v1_4/RAG_NODEPACK_019_ComfyUI-segment-anything-2_PASS02C.md","RAG_NODEPACK_019_ComfyUI-segment-anything-2_PASS02C.md",".md","641","aiwf_atlas","source_content","","","2026-05-21T07:12:10.0000000Z"
"AIWF_Atlas_VOL1_machine_facing_v3_3_api_cli_guide/03_SOURCE_CONTENT/B_RAW_PROVENANCE_ARCHIVES/aiwf_node_research_pass02N_flux_model_control_sampler_mds_v1_4/aiwf_node_research_pass02N_flux_model_control_sampler_mds_v1_4/RAG_NODEPACK_020_comfyui_segment_anything_PASS02C.md","RAG_NODEPACK_020_comfyui_segment_anything_PASS02C.md",".md","632","aiwf_atlas","source_content","","","2026-05-21T07:12:10.0000000Z"
"AIWF_Atlas_VOL1_machine_facing_v3_3_api_cli_guide/03_SOURCE_CONTENT/B_RAW_PROVENANCE_ARCHIVES/aiwf_node_research_pass02N_flux_model_control_sampler_mds_v1_4/aiwf_node_research_pass02N_flux_model_control_sampler_mds_v1_4/RAG_NODEPACK_021_ComfyUI-ReActor_PASS02C.md","RAG_NODEPACK_021_ComfyUI-ReActor_PASS02C.md",".md","642","aiwf_atlas","source_content","","","2026-05-21T07:12:10.0000000Z"
"AIWF_Atlas_VOL1_machine_facing_v3_3_api_cli_guide/03_SOURCE_CONTENT/B_RAW_PROVENANCE_ARCHIVES/aiwf_node_research_pass02N_flux_model_control_sampler_mds_v1_4/aiwf_node_research_pass02N_flux_model_control_sampler_mds_v1_4/RAG_NODEPACK_022_ComfyUI-LTXVideo_PASS02C.md","RAG_NODEPACK_022_ComfyUI-LTXVideo_PASS02C.md",".md","758","aiwf_atlas","source_content","","","2026-05-21T07:12:10.0000000Z"
"AIWF_Atlas_VOL1_machine_facing_v3_3_api_cli_guide/03_SOURCE_CONTENT/B_RAW_PROVENANCE_ARCHIVES/aiwf_node_research_pass02N_flux_model_control_sampler_mds_v1_4/aiwf_node_research_pass02N_flux_model_control_sampler_mds_v1_4/RAG_NODEPACK_023_ComfyUI_HunyuanVideoWrapper_PASS02D.md","RAG_NODEPACK_023_ComfyUI_HunyuanVideoWrapper_PASS02D.md",".md","23790","aiwf_atlas","source_content","","","2026-05-21T07:12:10.0000000Z"
"AIWF_Atlas_VOL1_machine_facing_v3_3_api_cli_guide/03_SOURCE_CONTENT/B_RAW_PROVENANCE_ARCHIVES/aiwf_node_research_pass02N_flux_model_control_sampler_mds_v1_4/aiwf_node_research_pass02N_flux_model_control_sampler_mds_v1_4/RAG_NODEPACK_024_AnimateDiff_Evolved_PASS02D.md","RAG_NODEPACK_024_AnimateDiff_Evolved_PASS02D.md",".md","23114","aiwf_atlas","source_content","","","2026-05-21T07:12:10.0000000Z"
"AIWF_Atlas_VOL1_machine_facing_v3_3_api_cli_guide/03_SOURCE_CONTENT/B_RAW_PROVENANCE_ARCHIVES/aiwf_node_research_pass02N_flux_model_control_sampler_mds_v1_4/aiwf_node_research_pass02N_flux_model_control_sampler_mds_v1_4/RAG_NODEPACK_025_ComfyUI_SUPIR_PASS02D.md","RAG_NODEPACK_025_ComfyUI_SUPIR_PASS02D.md",".md","7451","aiwf_atlas","source_content","","","2026-05-21T07:12:10.0000000Z"
"AIWF_Atlas_VOL1_machine_facing_v3_3_api_cli_guide/03_SOURCE_CONTENT/B_RAW_PROVENANCE_ARCHIVES/aiwf_node_research_pass02N_flux_model_control_sampler_mds_v1_4/aiwf_node_research_pass02N_flux_model_control_sampler_mds_v1_4/RAG_NODEPACK_026_UltimateSDUpscale_PASS02D.md","RAG_NODEPACK_026_UltimateSDUpscale_PASS02D.md",".md","4020","aiwf_atlas","source_content","","","2026-05-21T07:12:10.0000000Z"
"AIWF_Atlas_VOL1_machine_facing_v3_3_api_cli_guide/03_SOURCE_CONTENT/B_RAW_PROVENANCE_ARCHIVES/aiwf_node_research_pass02N_flux_model_control_sampler_mds_v1_4/aiwf_node_research_pass02N_flux_model_control_sampler_mds_v1_4/RAG_NODEPACK_027_ComfyUI_nunchaku_PASS02D.md","RAG_NODEPACK_027_ComfyUI_nunchaku_PASS02D.md",".md","14322","aiwf_atlas","source_content","","","2026-05-21T07:12:10.0000000Z"
"AIWF_Atlas_VOL1_machine_facing_v3_3_api_cli_guide/03_SOURCE_CONTENT/B_RAW_PROVENANCE_ARCHIVES/aiwf_node_research_pass02N_flux_model_control_sampler_mds_v1_4/aiwf_node_research_pass02N_flux_model_control_sampler_mds_v1_4/RAG_NODEPACK_028_x_flux_comfyui_PASS02D.md","RAG_NODEPACK_028_x_flux_comfyui_PASS02D.md",".md","6700","aiwf_atlas","source_content","","","2026-05-21T07:12:10.0000000Z"
"AIWF_Atlas_VOL1_machine_facing_v3_3_api_cli_guide/03_SOURCE_CONTENT/B_RAW_PROVENANCE_ARCHIVES/aiwf_node_research_pass02N_flux_model_control_sampler_mds_v1_4/aiwf_node_research_pass02N_flux_model_control_sampler_mds_v1_4/RAG_NODEPACK_029_ComfyUI_Fluxtapoz_PASS02D.md","RAG_NODEPACK_029_ComfyUI_Fluxtapoz_PASS02D.md",".md","14762","aiwf_atlas","source_content","","","2026-05-21T07:12:10.0000000Z"
"AIWF_Atlas_VOL1_machine_facing_v3_3_api_cli_guide/03_SOURCE_CONTENT/B_RAW_PROVENANCE_ARCHIVES/aiwf_node_research_pass02N_flux_model_control_sampler_mds_v1_4/aiwf_node_research_pass02N_flux_model_control_sampler_mds_v1_4/RAG_NODEPACK_030_ComfyUI_FluxTrainer_PASS02D.md","RAG_NODEPACK_030_ComfyUI_FluxTrainer_PASS02D.md",".md","12683","aiwf_atlas","source_content","","","2026-05-21T07:12:10.0000000Z"
"AIWF_Atlas_VOL1_machine_facing_v3_3_api_cli_guide/03_SOURCE_CONTENT/B_RAW_PROVENANCE_ARCHIVES/aiwf_node_research_pass02N_flux_model_control_sampler_mds_v1_4/aiwf_node_research_pass02N_flux_model_control_sampler_mds_v1_4/RAG_NODEPACK_031_Efficiency_Nodes_for_ComfyUI_Version_2_0_PASS02E.md","RAG_NODEPACK_031_Efficiency_Nodes_for_ComfyUI_Version_2_0_PASS02E.md",".md","1189","aiwf_atlas","source_content","","","2026-05-21T07:12:10.0000000Z"
"AIWF_Atlas_VOL1_machine_facing_v3_3_api_cli_guide/03_SOURCE_CONTENT/B_RAW_PROVENANCE_ARCHIVES/aiwf_node_research_pass02N_flux_model_control_sampler_mds_v1_4/aiwf_node_research_pass02N_flux_model_control_sampler_mds_v1_4/RAG_NODEPACK_032_WAS_Node_Suite_Revised_PASS02E.md","RAG_NODEPACK_032_WAS_Node_Suite_Revised_PASS02E.md",".md","632","aiwf_atlas","source_content","","","2026-05-21T07:12:10.0000000Z"
"AIWF_Atlas_VOL1_machine_facing_v3_3_api_cli_guide/03_SOURCE_CONTENT/B_RAW_PROVENANCE_ARCHIVES/aiwf_node_research_pass02N_flux_model_control_sampler_mds_v1_4/aiwf_node_research_pass02N_flux_model_control_sampler_mds_v1_4/RAG_NODEPACK_033_MTB_Nodes_PASS02E.md","RAG_NODEPACK_033_MTB_Nodes_PASS02E.md",".md","586","aiwf_atlas","source_content","","","2026-05-21T07:12:10.0000000Z"
"AIWF_Atlas_VOL1_machine_facing_v3_3_api_cli_guide/03_SOURCE_CONTENT/B_RAW_PROVENANCE_ARCHIVES/aiwf_node_research_pass02N_flux_model_control_sampler_mds_v1_4/aiwf_node_research_pass02N_flux_model_control_sampler_mds_v1_4/RAG_NODEPACK_034_Comfyroll_Studio_PASS02E.md","RAG_NODEPACK_034_Comfyroll_Studio_PASS02E.md",".md","1225","aiwf_atlas","source_content","","","2026-05-21T07:12:10.0000000Z"
"AIWF_Atlas_VOL1_machine_facing_v3_3_api_cli_guide/03_SOURCE_CONTENT/B_RAW_PROVENANCE_ARCHIVES/aiwf_node_research_pass02N_flux_model_control_sampler_mds_v1_4/aiwf_node_research_pass02N_flux_model_control_sampler_mds_v1_4/RAG_NODEPACK_035_ComfyUI_tinyterraNodes_PASS02E.md","RAG_NODEPACK_035_ComfyUI_tinyterraNodes_PASS02E.md",".md","984","aiwf_atlas","source_content","","","2026-05-21T07:12:10.0000000Z"
"AIWF_Atlas_VOL1_machine_facing_v3_3_api_cli_guide/03_SOURCE_CONTENT/B_RAW_PROVENANCE_ARCHIVES/aiwf_node_research_pass02N_flux_model_control_sampler_mds_v1_4/aiwf_node_research_pass02N_flux_model_control_sampler_mds_v1_4/RAG_NODEPACK_036_ComfyUI_Browser_PASS02E.md","RAG_NODEPACK_036_ComfyUI_Browser_PASS02E.md",".md","959","aiwf_atlas","source_content","","","2026-05-21T07:12:10.0000000Z"
"AIWF_Atlas_VOL1_machine_facing_v3_3_api_cli_guide/03_SOURCE_CONTENT/B_RAW_PROVENANCE_ARCHIVES/aiwf_node_research_pass02N_flux_model_control_sampler_mds_v1_4/aiwf_node_research_pass02N_flux_model_control_sampler_mds_v1_4/RAG_NODEPACK_037_ComfyUI_Workspace_Manager___Comfyspace_PASS02E.md","RAG_NODEPACK_037_ComfyUI_Workspace_Manager___Comfyspace_PASS02E.md",".md","422","aiwf_atlas","source_content","","","2026-05-21T07:12:10.0000000Z"
"AIWF_Atlas_VOL1_machine_facing_v3_3_api_cli_guide/03_SOURCE_CONTENT/B_RAW_PROVENANCE_ARCHIVES/aiwf_node_research_pass02N_flux_model_control_sampler_mds_v1_4/aiwf_node_research_pass02N_flux_model_control_sampler_mds_v1_4/RAG_NODEPACK_038_ComfyUI_Copilot_PASS02E.md","RAG_NODEPACK_038_ComfyUI_Copilot_PASS02E.md",".md","403","aiwf_atlas","source_content","","","2026-05-21T07:12:10.0000000Z"
"AIWF_Atlas_VOL1_machine_facing_v3_3_api_cli_guide/03_SOURCE_CONTENT/B_RAW_PROVENANCE_ARCHIVES/aiwf_node_research_pass02N_flux_model_control_sampler_mds_v1_4/aiwf_node_research_pass02N_flux_model_control_sampler_mds_v1_4/RAG_NODEPACK_039_ComfyUI_Image_Selector_PASS02E.md","RAG_NODEPACK_039_ComfyUI_Image_Selector_PASS02E.md",".md","678","aiwf_atlas","source_content","","","2026-05-21T07:12:10.0000000Z"
"AIWF_Atlas_VOL1_machine_facing_v3_3_api_cli_guide/03_SOURCE_CONTENT/B_RAW_PROVENANCE_ARCHIVES/aiwf_node_research_pass02N_flux_model_control_sampler_mds_v1_4/aiwf_node_research_pass02N_flux_model_control_sampler_mds_v1_4/RAG_NODEPACK_040_ImagesGrid_PASS02E.md","RAG_NODEPACK_040_ImagesGrid_PASS02E.md",".md","874","aiwf_atlas","source_content","","","2026-05-21T07:12:10.0000000Z"
"AIWF_Atlas_VOL1_machine_facing_v3_3_api_cli_guide/03_SOURCE_CONTENT/B_RAW_PROVENANCE_ARCHIVES/aiwf_node_research_pass02N_flux_model_control_sampler_mds_v1_4/aiwf_node_research_pass02N_flux_model_control_sampler_mds_v1_4/RAG_NODEPACK_041_Save_Image_with_Generation_Metadata_PASS02F.md","RAG_NODEPACK_041_Save_Image_with_Generation_Metadata_PASS02F.md",".md","1404","aiwf_atlas","source_content","","","2026-05-21T07:12:10.0000000Z"
"AIWF_Atlas_VOL1_machine_facing_v3_3_api_cli_guide/03_SOURCE_CONTENT/B_RAW_PROVENANCE_ARCHIVES/aiwf_node_research_pass02N_flux_model_control_sampler_mds_v1_4/aiwf_node_research_pass02N_flux_model_control_sampler_mds_v1_4/RAG_NODEPACK_042_SD_Prompt_Reader_PASS02F.md","RAG_NODEPACK_042_SD_Prompt_Reader_PASS02F.md",".md","728","aiwf_atlas","source_content","","","2026-05-21T07:12:10.0000000Z"
"AIWF_Atlas_VOL1_machine_facing_v3_3_api_cli_guide/03_SOURCE_CONTENT/B_RAW_PROVENANCE_ARCHIVES/aiwf_node_research_pass02N_flux_model_control_sampler_mds_v1_4/aiwf_node_research_pass02N_flux_model_control_sampler_mds_v1_4/RAG_NODEPACK_043_DynamicPrompts_Custom_Nodes_PASS02F.md","RAG_NODEPACK_043_DynamicPrompts_Custom_Nodes_PASS02F.md",".md","1516","aiwf_atlas","source_content","","","2026-05-21T07:12:10.0000000Z"
"AIWF_Atlas_VOL1_machine_facing_v3_3_api_cli_guide/03_SOURCE_CONTENT/B_RAW_PROVENANCE_ARCHIVES/aiwf_node_research_pass02N_flux_model_control_sampler_mds_v1_4/aiwf_node_research_pass02N_flux_model_control_sampler_mds_v1_4/RAG_NODEPACK_044_One_Button_Prompt_PASS02F.md","RAG_NODEPACK_044_One_Button_Prompt_PASS02F.md",".md","753","aiwf_atlas","source_content","","","2026-05-21T07:12:10.0000000Z"
"AIWF_Atlas_VOL1_machine_facing_v3_3_api_cli_guide/03_SOURCE_CONTENT/B_RAW_PROVENANCE_ARCHIVES/aiwf_node_research_pass02N_flux_model_control_sampler_mds_v1_4/aiwf_node_research_pass02N_flux_model_control_sampler_mds_v1_4/RAG_NODEPACK_045_SDXL_Prompt_Styler_PASS02F.md","RAG_NODEPACK_045_SDXL_Prompt_Styler_PASS02F.md",".md","709","aiwf_atlas","source_content","","","2026-05-21T07:12:10.0000000Z"
"AIWF_Atlas_VOL1_machine_facing_v3_3_api_cli_guide/03_SOURCE_CONTENT/B_RAW_PROVENANCE_ARCHIVES/aiwf_node_research_pass02N_flux_model_control_sampler_mds_v1_4/aiwf_node_research_pass02N_flux_model_control_sampler_mds_v1_4/RAG_NODEPACK_046_comfyui_prompt_composer_PASS02F.md","RAG_NODEPACK_046_comfyui_prompt_composer_PASS02F.md",".md","612","aiwf_atlas","source_content","","","2026-05-21T07:12:10.0000000Z"
"AIWF_Atlas_VOL1_machine_facing_v3_3_api_cli_guide/03_SOURCE_CONTENT/B_RAW_PROVENANCE_ARCHIVES/aiwf_node_research_pass02N_flux_model_control_sampler_mds_v1_4/aiwf_node_research_pass02N_flux_model_control_sampler_mds_v1_4/RAG_NODEPACK_049_Quick_Connections_PASS02F.md","RAG_NODEPACK_049_Quick_Connections_PASS02F.md",".md","582","aiwf_atlas","source_content","","","2026-05-21T07:12:10.0000000Z"
"AIWF_Atlas_VOL1_machine_facing_v3_3_api_cli_guide/03_SOURCE_CONTENT/B_RAW_PROVENANCE_ARCHIVES/aiwf_node_research_pass02N_flux_model_control_sampler_mds_v1_4/aiwf_node_research_pass02N_flux_model_control_sampler_mds_v1_4/RAG_NODEPACK_050_AIGODLIKE_ComfyUI_Studio_PASS02F.md","RAG_NODEPACK_050_AIGODLIKE_ComfyUI_Studio_PASS02F.md",".md","585","aiwf_atlas","source_content","","","2026-05-21T07:12:10.0000000Z"
"AIWF_Atlas_VOL1_machine_facing_v3_3_api_cli_guide/03_SOURCE_CONTENT/B_RAW_PROVENANCE_ARCHIVES/aiwf_node_research_pass02N_flux_model_control_sampler_mds_v1_4/aiwf_node_research_pass02N_flux_model_control_sampler_mds_v1_4/RAG_NODEPACK_051_AIGODLIKE_COMFYUI_TRANSLATION_PASS02F.md","RAG_NODEPACK_051_AIGODLIKE_COMFYUI_TRANSLATION_PASS02F.md",".md","584","aiwf_atlas","source_content","","","2026-05-21T07:12:10.0000000Z"
"AIWF_Atlas_VOL1_machine_facing_v3_3_api_cli_guide/03_SOURCE_CONTENT/B_RAW_PROVENANCE_ARCHIVES/aiwf_node_research_pass02N_flux_model_control_sampler_mds_v1_4/aiwf_node_research_pass02N_flux_model_control_sampler_mds_v1_4/RAG_NODEPACK_052_ComfyUI_RMBG_PASS02F.md","RAG_NODEPACK_052_ComfyUI_RMBG_PASS02F.md",".md","2394","aiwf_atlas","source_content","","","2026-05-21T07:12:10.0000000Z"
"AIWF_Atlas_VOL1_machine_facing_v3_3_api_cli_guide/03_SOURCE_CONTENT/B_RAW_PROVENANCE_ARCHIVES/aiwf_node_research_pass02N_flux_model_control_sampler_mds_v1_4/aiwf_node_research_pass02N_flux_model_control_sampler_mds_v1_4/RAG_NODEPACK_053_ComfyUI_BiRefNet_Hugo_PASS02F.md","RAG_NODEPACK_053_ComfyUI_BiRefNet_Hugo_PASS02F.md",".md","576","aiwf_atlas","source_content","","","2026-05-21T07:12:10.0000000Z"
"AIWF_Atlas_VOL1_machine_facing_v3_3_api_cli_guide/03_SOURCE_CONTENT/B_RAW_PROVENANCE_ARCHIVES/aiwf_node_research_pass02N_flux_model_control_sampler_mds_v1_4/aiwf_node_research_pass02N_flux_model_control_sampler_mds_v1_4/RAG_NODEPACK_054_ComfyUI_BiRefNet_ll_PASS02F.md","RAG_NODEPACK_054_ComfyUI_BiRefNet_ll_PASS02F.md",".md","618","aiwf_atlas","source_content","","","2026-05-21T07:12:10.0000000Z"
"AIWF_Atlas_VOL1_machine_facing_v3_3_api_cli_guide/03_SOURCE_CONTENT/B_RAW_PROVENANCE_ARCHIVES/aiwf_node_research_pass02N_flux_model_control_sampler_mds_v1_4/aiwf_node_research_pass02N_flux_model_control_sampler_mds_v1_4/RAG_NODEPACK_055_ComfyUI_Inspyrenet_Rembg_PASS02F.md","RAG_NODEPACK_055_ComfyUI_Inspyrenet_Rembg_PASS02F.md",".md","628","aiwf_atlas","source_content","","","2026-05-21T07:12:10.0000000Z"
"AIWF_Atlas_VOL1_machine_facing_v3_3_api_cli_guide/03_SOURCE_CONTENT/B_RAW_PROVENANCE_ARCHIVES/aiwf_node_research_pass02N_flux_model_control_sampler_mds_v1_4/aiwf_node_research_pass02N_flux_model_control_sampler_mds_v1_4/RAG_NODEPACK_056_ComfyUI_BRIA_AI_RMBG_PASS02F.md","RAG_NODEPACK_056_ComfyUI_BRIA_AI_RMBG_PASS02F.md",".md","623","aiwf_atlas","source_content","","","2026-05-21T07:12:10.0000000Z"
"AIWF_Atlas_VOL1_machine_facing_v3_3_api_cli_guide/03_SOURCE_CONTENT/B_RAW_PROVENANCE_ARCHIVES/aiwf_node_research_pass02N_flux_model_control_sampler_mds_v1_4/aiwf_node_research_pass02N_flux_model_control_sampler_mds_v1_4/RAG_NODEPACK_058_Masquerade_Nodes_PASS02F.md","RAG_NODEPACK_058_Masquerade_Nodes_PASS02F.md",".md","1714","aiwf_atlas","source_content","","","2026-05-21T07:12:10.0000000Z"
"AIWF_Atlas_VOL1_machine_facing_v3_3_api_cli_guide/03_SOURCE_CONTENT/B_RAW_PROVENANCE_ARCHIVES/aiwf_node_research_pass02N_flux_model_control_sampler_mds_v1_4/aiwf_node_research_pass02N_flux_model_control_sampler_mds_v1_4/RAG_NODEPACK_059_a_person_mask_generator_PASS02F.md","RAG_NODEPACK_059_a_person_mask_generator_PASS02F.md",".md","582","aiwf_atlas","source_content","","","2026-05-21T07:12:10.0000000Z"
"AIWF_Atlas_VOL1_machine_facing_v3_3_api_cli_guide/03_SOURCE_CONTENT/B_RAW_PROVENANCE_ARCHIVES/aiwf_node_research_pass02N_flux_model_control_sampler_mds_v1_4/aiwf_node_research_pass02N_flux_model_control_sampler_mds_v1_4/RAG_NODEPACK_060_ComfyUI_YoloWorld_EfficientSAM_PASS02F.md","RAG_NODEPACK_060_ComfyUI_YoloWorld_EfficientSAM_PASS02F.md",".md","645","aiwf_atlas","source_content","","","2026-05-21T07:12:10.0000000Z"
"AIWF_Atlas_VOL1_machine_facing_v3_3_api_cli_guide/03_SOURCE_CONTENT/B_RAW_PROVENANCE_ARCHIVES/aiwf_node_research_pass02N_flux_model_control_sampler_mds_v1_4/aiwf_node_research_pass02N_flux_model_control_sampler_mds_v1_4/RAG_NODEPACK_061_ComfyUI_SAM2_Segment_Anything_2_PASS02F.md","RAG_NODEPACK_061_ComfyUI_SAM2_Segment_Anything_2_PASS02F.md",".md","1452","aiwf_atlas","source_content","","","2026-05-21T07:12:10.0000000Z"
"AIWF_Atlas_VOL1_machine_facing_v3_3_api_cli_guide/03_SOURCE_CONTENT/B_RAW_PROVENANCE_ARCHIVES/aiwf_node_research_pass02N_flux_model_control_sampler_mds_v1_4/aiwf_node_research_pass02N_flux_model_control_sampler_mds_v1_4/RAG_NODEPACK_BLOCK_02L_VIDEO_RESTORATION_MOTION.md","RAG_NODEPACK_BLOCK_02L_VIDEO_RESTORATION_MOTION.md",".md","1215","aiwf_atlas","source_content","","","2026-05-21T07:12:10.0000000Z"
"AIWF_Atlas_VOL1_machine_facing_v3_3_api_cli_guide/03_SOURCE_CONTENT/B_RAW_PROVENANCE_ARCHIVES/aiwf_node_research_pass02N_flux_model_control_sampler_mds_v1_4/aiwf_node_research_pass02N_flux_model_control_sampler_mds_v1_4/RAG_NODEPACK_BLOCK_02M_ANIMATION_POSE_AUDIO_CACHE.md","RAG_NODEPACK_BLOCK_02M_ANIMATION_POSE_AUDIO_CACHE.md",".md","2258","aiwf_atlas","source_content","","","2026-05-21T07:12:10.0000000Z"
"AIWF_Atlas_VOL1_machine_facing_v3_3_api_cli_guide/03_SOURCE_CONTENT/B_RAW_PROVENANCE_ARCHIVES/aiwf_node_research_pass02N_flux_model_control_sampler_mds_v1_4/aiwf_node_research_pass02N_flux_model_control_sampler_mds_v1_4/RAG_NODEPACK_BLOCK_02N_FLUX_MODEL_CONTROL_SAMPLER.md","RAG_NODEPACK_BLOCK_02N_FLUX_MODEL_CONTROL_SAMPLER.md",".md","2234","aiwf_atlas","source_content","","","2026-05-21T07:12:10.0000000Z"
"AIWF_Atlas_VOL1_machine_facing_v3_3_api_cli_guide/03_SOURCE_CONTENT/B_RAW_PROVENANCE_ARCHIVES/aiwf_node_research_pass02N_flux_model_control_sampler_mds_v1_4/aiwf_node_research_pass02N_flux_model_control_sampler_mds_v1_4/RAG_PASS02G_VIDEO_LAYER_IDENTITY_LIGHT.md","RAG_PASS02G_VIDEO_LAYER_IDENTITY_LIGHT.md",".md","1066","aiwf_atlas","source_content","","","2026-05-21T07:12:10.0000000Z"
"AIWF_Atlas_VOL1_machine_facing_v3_3_api_cli_guide/03_SOURCE_CONTENT/B_RAW_PROVENANCE_ARCHIVES/aiwf_node_research_pass02N_flux_model_control_sampler_mds_v1_4/aiwf_node_research_pass02N_flux_model_control_sampler_mds_v1_4/RAG_PASS02H_FACE_UPSCALE_RESTORATION_LIGHT.md","RAG_PASS02H_FACE_UPSCALE_RESTORATION_LIGHT.md",".md","1601","aiwf_atlas","source_content","","","2026-05-21T07:12:10.0000000Z"
"AIWF_Atlas_VOL1_machine_facing_v3_3_api_cli_guide/03_SOURCE_CONTENT/B_RAW_PROVENANCE_ARCHIVES/aiwf_node_research_pass02N_flux_model_control_sampler_mds_v1_4/aiwf_node_research_pass02N_flux_model_control_sampler_mds_v1_4/RAG_PROJECT_SOURCE_OVERVIEW_PASS02K.md","RAG_PROJECT_SOURCE_OVERVIEW_PASS02K.md",".md","2022","aiwf_atlas","source_content","","","2026-05-21T07:12:10.0000000Z"
"AIWF_Atlas_VOL1_machine_facing_v3_3_api_cli_guide/03_SOURCE_CONTENT/B_RAW_PROVENANCE_ARCHIVES/aiwf_node_research_pass02N_flux_model_control_sampler_mds_v1_4/aiwf_node_research_pass02N_flux_model_control_sampler_mds_v1_4/SOURCE_ComfyUI_Custom_Nodes_2026_Modern_Tier_Field_Report.md","SOURCE_ComfyUI_Custom_Nodes_2026_Modern_Tier_Field_Report.md",".md","44882","aiwf_atlas","source_content","","","2026-05-21T07:12:10.0000000Z"
"AIWF_Atlas_VOL1_machine_facing_v3_3_api_cli_guide/03_SOURCE_CONTENT/B_RAW_PROVENANCE_ARCHIVES/AIWF_Vol2_Training_The_Fear_RAG_v0_17_DATA_CENTRIC_ML/aiwf_vol2_training_the_fear_rag_v0_17/00_project_control/archive_manifests/FILE_MANIFEST_CURRENT_v0_8.txt","FILE_MANIFEST_CURRENT_v0_8.txt",".txt","11857","aiwf_atlas","source_content","","","2026-05-21T07:12:12.0000000Z"
"AIWF_Atlas_VOL1_machine_facing_v3_3_api_cli_guide/03_SOURCE_CONTENT/B_RAW_PROVENANCE_ARCHIVES/AIWF_Vol2_Training_The_Fear_RAG_v0_17_DATA_CENTRIC_ML/aiwf_vol2_training_the_fear_rag_v0_17/00_project_control/archive_manifests/FILE_MANIFEST_v0_7.txt","FILE_MANIFEST_v0_7.txt",".txt","25189","aiwf_atlas","source_content","","","2026-05-21T07:12:12.0000000Z"
"AIWF_Atlas_VOL1_machine_facing_v3_3_api_cli_guide/03_SOURCE_CONTENT/B_RAW_PROVENANCE_ARCHIVES/AIWF_Vol2_Training_The_Fear_RAG_v0_17_DATA_CENTRIC_ML/aiwf_vol2_training_the_fear_rag_v0_17/00_project_control/COVERAGE_DASHBOARD_v0_17.md","COVERAGE_DASHBOARD_v0_17.md",".md","11832","aiwf_atlas","source_content","","","2026-05-21T07:12:10.0000000Z"
"AIWF_Atlas_VOL1_machine_facing_v3_3_api_cli_guide/03_SOURCE_CONTENT/B_RAW_PROVENANCE_ARCHIVES/AIWF_Vol2_Training_The_Fear_RAG_v0_17_DATA_CENTRIC_ML/aiwf_vol2_training_the_fear_rag_v0_17/00_project_control/FILE_MANIFEST_CURRENT_v0_17.txt","FILE_MANIFEST_CURRENT_v0_17.txt",".txt","163062","aiwf_atlas","source_content","","","2026-05-21T07:12:10.0000000Z"
"AIWF_Atlas_VOL1_machine_facing_v3_3_api_cli_guide/03_SOURCE_CONTENT/B_RAW_PROVENANCE_ARCHIVES/AIWF_Vol2_Training_The_Fear_RAG_v0_17_DATA_CENTRIC_ML/aiwf_vol2_training_the_fear_rag_v0_17/00_project_control/NEXT_PASS_QUEUE_v0_17.md","NEXT_PASS_QUEUE_v0_17.md",".md","1782","aiwf_atlas","source_content","","","2026-05-21T07:12:10.0000000Z"
"AIWF_Atlas_VOL1_machine_facing_v3_3_api_cli_guide/03_SOURCE_CONTENT/B_RAW_PROVENANCE_ARCHIVES/AIWF_Vol2_Training_The_Fear_RAG_v0_17_DATA_CENTRIC_ML/aiwf_vol2_training_the_fear_rag_v0_17/00_project_control/PASS_10_THEORY_PIVOT_SUMMARY.md","PASS_10_THEORY_PIVOT_SUMMARY.md",".md","2309","aiwf_atlas","source_content","","","2026-05-21T07:12:10.0000000Z"
"AIWF_Atlas_VOL1_machine_facing_v3_3_api_cli_guide/03_SOURCE_CONTENT/B_RAW_PROVENANCE_ARCHIVES/AIWF_Vol2_Training_The_Fear_RAG_v0_17_DATA_CENTRIC_ML/aiwf_vol2_training_the_fear_rag_v0_17/00_project_control/PASS_11_ML_FOUNDATIONS_SUMMARY.md","PASS_11_ML_FOUNDATIONS_SUMMARY.md",".md","539","aiwf_atlas","source_content","","","2026-05-21T07:12:10.0000000Z"
"AIWF_Atlas_VOL1_machine_facing_v3_3_api_cli_guide/03_SOURCE_CONTENT/B_RAW_PROVENANCE_ARCHIVES/AIWF_Vol2_Training_The_Fear_RAG_v0_17_DATA_CENTRIC_ML/aiwf_vol2_training_the_fear_rag_v0_17/00_project_control/PASS_12_STATISTICAL_LEARNING_SUMMARY.md","PASS_12_STATISTICAL_LEARNING_SUMMARY.md",".md","1109","aiwf_atlas","source_content","","","2026-05-21T07:12:10.0000000Z"
"AIWF_Atlas_VOL1_machine_facing_v3_3_api_cli_guide/03_SOURCE_CONTENT/B_RAW_PROVENANCE_ARCHIVES/AIWF_Vol2_Training_The_Fear_RAG_v0_17_DATA_CENTRIC_ML/aiwf_vol2_training_the_fear_rag_v0_17/00_project_control/PASS_13_VOL1_CONTINUITY_SUMMARY.md","PASS_13_VOL1_CONTINUITY_SUMMARY.md",".md","1232","aiwf_atlas","source_content","","","2026-05-21T07:12:10.0000000Z"
"AIWF_Atlas_VOL1_machine_facing_v3_3_api_cli_guide/03_SOURCE_CONTENT/B_RAW_PROVENANCE_ARCHIVES/AIWF_Vol2_Training_The_Fear_RAG_v0_17_DATA_CENTRIC_ML/aiwf_vol2_training_the_fear_rag_v0_17/00_project_control/PASS_14_OPTIMIZATION_DYNAMICS_SUMMARY.md","PASS_14_OPTIMIZATION_DYNAMICS_SUMMARY.md",".md","1042","aiwf_atlas","source_content","","","2026-05-21T07:12:10.0000000Z"
"AIWF_Atlas_VOL1_machine_facing_v3_3_api_cli_guide/03_SOURCE_CONTENT/B_RAW_PROVENANCE_ARCHIVES/AIWF_Vol2_Training_The_Fear_RAG_v0_17_DATA_CENTRIC_ML/aiwf_vol2_training_the_fear_rag_v0_17/00_project_control/PASS_15_SOURCE_REGISTER_SUMMARY.md","PASS_15_SOURCE_REGISTER_SUMMARY.md",".md","992","aiwf_atlas","source_content","","","2026-05-21T07:12:10.0000000Z"
"AIWF_Atlas_VOL1_machine_facing_v3_3_api_cli_guide/03_SOURCE_CONTENT/B_RAW_PROVENANCE_ARCHIVES/AIWF_Vol2_Training_The_Fear_RAG_v0_17_DATA_CENTRIC_ML/aiwf_vol2_training_the_fear_rag_v0_17/00_project_control/PASS_16_ARCHITECTURE_REPRESENTATION_SUMMARY.md","PASS_16_ARCHITECTURE_REPRESENTATION_SUMMARY.md",".md","825","aiwf_atlas","source_content","","","2026-05-21T07:12:10.0000000Z"
"AIWF_Atlas_VOL1_machine_facing_v3_3_api_cli_guide/03_SOURCE_CONTENT/B_RAW_PROVENANCE_ARCHIVES/AIWF_Vol2_Training_The_Fear_RAG_v0_17_DATA_CENTRIC_ML/aiwf_vol2_training_the_fear_rag_v0_17/00_project_control/PASS_17_DATA_CENTRIC_ML_SUMMARY.md","PASS_17_DATA_CENTRIC_ML_SUMMARY.md",".md","618","aiwf_atlas","source_content","","","2026-05-21T07:12:10.0000000Z"
"AIWF_Atlas_VOL1_machine_facing_v3_3_api_cli_guide/03_SOURCE_CONTENT/B_RAW_PROVENANCE_ARCHIVES/AIWF_Vol2_Training_The_Fear_RAG_v0_17_DATA_CENTRIC_ML/aiwf_vol2_training_the_fear_rag_v0_17/00_project_control/QUALITY_REVIEW_v0_8.md","QUALITY_REVIEW_v0_8.md",".md","2087","aiwf_atlas","source_content","","","2026-05-21T07:12:10.0000000Z"
"AIWF_Atlas_VOL1_machine_facing_v3_3_api_cli_guide/03_SOURCE_CONTENT/B_RAW_PROVENANCE_ARCHIVES/AIWF_Vol2_Training_The_Fear_RAG_v0_17_DATA_CENTRIC_ML/aiwf_vol2_training_the_fear_rag_v0_17/00_project_control/RAG_INGESTION_GUIDE.md","RAG_INGESTION_GUIDE.md",".md","1862","aiwf_atlas","source_content","","","2026-05-21T07:12:10.0000000Z"
"AIWF_Atlas_VOL1_machine_facing_v3_3_api_cli_guide/03_SOURCE_CONTENT/B_RAW_PROVENANCE_ARCHIVES/AIWF_Vol2_Training_The_Fear_RAG_v0_17_DATA_CENTRIC_ML/aiwf_vol2_training_the_fear_rag_v0_17/00_project_control/RESEARCH_PROTOCOL.md","RESEARCH_PROTOCOL.md",".md","1692","aiwf_atlas","source_content","","","2026-05-21T07:12:10.0000000Z"
"AIWF_Atlas_VOL1_machine_facing_v3_3_api_cli_guide/03_SOURCE_CONTENT/B_RAW_PROVENANCE_ARCHIVES/AIWF_Vol2_Training_The_Fear_RAG_v0_17_DATA_CENTRIC_ML/aiwf_vol2_training_the_fear_rag_v0_17/01_research_cards/001_training_landscape_overview.md","001_training_landscape_overview.md",".md","2285","aiwf_atlas","source_content","","","2026-05-21T07:12:10.0000000Z"
"AIWF_Atlas_VOL1_machine_facing_v3_3_api_cli_guide/03_SOURCE_CONTENT/B_RAW_PROVENANCE_ARCHIVES/AIWF_Vol2_Training_The_Fear_RAG_v0_17_DATA_CENTRIC_ML/aiwf_vol2_training_the_fear_rag_v0_17/01_research_cards/002_llm_bot_training_stack.md","002_llm_bot_training_stack.md",".md","2631","aiwf_atlas","source_content","","","2026-05-21T07:12:10.0000000Z"
"AIWF_Atlas_VOL1_machine_facing_v3_3_api_cli_guide/03_SOURCE_CONTENT/B_RAW_PROVENANCE_ARCHIVES/AIWF_Vol2_Training_The_Fear_RAG_v0_17_DATA_CENTRIC_ML/aiwf_vol2_training_the_fear_rag_v0_17/01_research_cards/003_llamafactory_deep_card.md","003_llamafactory_deep_card.md",".md","1470","aiwf_atlas","source_content","","","2026-05-21T07:12:10.0000000Z"
"AIWF_Atlas_VOL1_machine_facing_v3_3_api_cli_guide/03_SOURCE_CONTENT/B_RAW_PROVENANCE_ARCHIVES/AIWF_Vol2_Training_The_Fear_RAG_v0_17_DATA_CENTRIC_ML/aiwf_vol2_training_the_fear_rag_v0_17/01_research_cards/004_unsloth_deep_card.md","004_unsloth_deep_card.md",".md","1356","aiwf_atlas","source_content","","","2026-05-21T07:12:10.0000000Z"
"AIWF_Atlas_VOL1_machine_facing_v3_3_api_cli_guide/03_SOURCE_CONTENT/B_RAW_PROVENANCE_ARCHIVES/AIWF_Vol2_Training_The_Fear_RAG_v0_17_DATA_CENTRIC_ML/aiwf_vol2_training_the_fear_rag_v0_17/01_research_cards/005_axolotl_trl_torchtune_card.md","005_axolotl_trl_torchtune_card.md",".md","1419","aiwf_atlas","source_content","","","2026-05-21T07:12:10.0000000Z"
"AIWF_Atlas_VOL1_machine_facing_v3_3_api_cli_guide/03_SOURCE_CONTENT/B_RAW_PROVENANCE_ARCHIVES/AIWF_Vol2_Training_The_Fear_RAG_v0_17_DATA_CENTRIC_ML/aiwf_vol2_training_the_fear_rag_v0_17/01_research_cards/006_image_training_stack.md","006_image_training_stack.md",".md","1756","aiwf_atlas","source_content","","","2026-05-21T07:12:10.0000000Z"
"AIWF_Atlas_VOL1_machine_facing_v3_3_api_cli_guide/03_SOURCE_CONTENT/B_RAW_PROVENANCE_ARCHIVES/AIWF_Vol2_Training_The_Fear_RAG_v0_17_DATA_CENTRIC_ML/aiwf_vol2_training_the_fear_rag_v0_17/01_research_cards/007_simpletuner_card.md","007_simpletuner_card.md",".md","1207","aiwf_atlas","source_content","","","2026-05-21T07:12:10.0000000Z"
"AIWF_Atlas_VOL1_machine_facing_v3_3_api_cli_guide/03_SOURCE_CONTENT/B_RAW_PROVENANCE_ARCHIVES/AIWF_Vol2_Training_The_Fear_RAG_v0_17_DATA_CENTRIC_ML/aiwf_vol2_training_the_fear_rag_v0_17/01_research_cards/008_ai_toolkit_card.md","008_ai_toolkit_card.md",".md","1313","aiwf_atlas","source_content","","","2026-05-21T07:12:10.0000000Z"
"AIWF_Atlas_VOL1_machine_facing_v3_3_api_cli_guide/03_SOURCE_CONTENT/B_RAW_PROVENANCE_ARCHIVES/AIWF_Vol2_Training_The_Fear_RAG_v0_17_DATA_CENTRIC_ML/aiwf_vol2_training_the_fear_rag_v0_17/01_research_cards/009_onetrainer_fluxgym_legacy_card.md","009_onetrainer_fluxgym_legacy_card.md",".md","1423","aiwf_atlas","source_content","","","2026-05-21T07:12:10.0000000Z"
"AIWF_Atlas_VOL1_machine_facing_v3_3_api_cli_guide/03_SOURCE_CONTENT/B_RAW_PROVENANCE_ARCHIVES/AIWF_Vol2_Training_The_Fear_RAG_v0_17_DATA_CENTRIC_ML/aiwf_vol2_training_the_fear_rag_v0_17/01_research_cards/010_video_training_stack.md","010_video_training_stack.md",".md","1624","aiwf_atlas","source_content","","","2026-05-21T07:12:10.0000000Z"
"AIWF_Atlas_VOL1_machine_facing_v3_3_api_cli_guide/03_SOURCE_CONTENT/B_RAW_PROVENANCE_ARCHIVES/AIWF_Vol2_Training_The_Fear_RAG_v0_17_DATA_CENTRIC_ML/aiwf_vol2_training_the_fear_rag_v0_17/01_research_cards/011_musubi_tuner_card.md","011_musubi_tuner_card.md",".md","1215","aiwf_atlas","source_content","","","2026-05-21T07:12:10.0000000Z"
"AIWF_Atlas_VOL1_machine_facing_v3_3_api_cli_guide/03_SOURCE_CONTENT/B_RAW_PROVENANCE_ARCHIVES/AIWF_Vol2_Training_The_Fear_RAG_v0_17_DATA_CENTRIC_ML/aiwf_vol2_training_the_fear_rag_v0_17/01_research_cards/012_voice_audio_training_stack.md","012_voice_audio_training_stack.md",".md","1959","aiwf_atlas","source_content","","","2026-05-21T07:12:10.0000000Z"
"AIWF_Atlas_VOL1_machine_facing_v3_3_api_cli_guide/03_SOURCE_CONTENT/B_RAW_PROVENANCE_ARCHIVES/AIWF_Vol2_Training_The_Fear_RAG_v0_17_DATA_CENTRIC_ML/aiwf_vol2_training_the_fear_rag_v0_17/01_research_cards/013_evaluation_and_failure_signatures.md","013_evaluation_and_failure_signatures.md",".md","1572","aiwf_atlas","source_content","","","2026-05-21T07:12:10.0000000Z"
"AIWF_Atlas_VOL1_machine_facing_v3_3_api_cli_guide/03_SOURCE_CONTENT/B_RAW_PROVENANCE_ARCHIVES/AIWF_Vol2_Training_The_Fear_RAG_v0_17_DATA_CENTRIC_ML/aiwf_vol2_training_the_fear_rag_v0_17/01_research_cards/014_pass_02_index.md","014_pass_02_index.md",".md","1335","aiwf_atlas","source_content","","","2026-05-21T07:12:10.0000000Z"
"AIWF_Atlas_VOL1_machine_facing_v3_3_api_cli_guide/03_SOURCE_CONTENT/B_RAW_PROVENANCE_ARCHIVES/AIWF_Vol2_Training_The_Fear_RAG_v0_17_DATA_CENTRIC_ML/aiwf_vol2_training_the_fear_rag_v0_17/01_research_cards/015_unsloth_deep_dive.md","015_unsloth_deep_dive.md",".md","4235","aiwf_atlas","source_content","","","2026-05-21T07:12:10.0000000Z"
"AIWF_Atlas_VOL1_machine_facing_v3_3_api_cli_guide/03_SOURCE_CONTENT/B_RAW_PROVENANCE_ARCHIVES/AIWF_Vol2_Training_The_Fear_RAG_v0_17_DATA_CENTRIC_ML/aiwf_vol2_training_the_fear_rag_v0_17/01_research_cards/016_llamafactory_deep_dive.md","016_llamafactory_deep_dive.md",".md","3418","aiwf_atlas","source_content","","","2026-05-21T07:12:10.0000000Z"
"AIWF_Atlas_VOL1_machine_facing_v3_3_api_cli_guide/03_SOURCE_CONTENT/B_RAW_PROVENANCE_ARCHIVES/AIWF_Vol2_Training_The_Fear_RAG_v0_17_DATA_CENTRIC_ML/aiwf_vol2_training_the_fear_rag_v0_17/01_research_cards/017_axolotl_trl_torchtune_deep_dive.md","017_axolotl_trl_torchtune_deep_dive.md",".md","4290","aiwf_atlas","source_content","","","2026-05-21T07:12:10.0000000Z"
"AIWF_Atlas_VOL1_machine_facing_v3_3_api_cli_guide/03_SOURCE_CONTENT/B_RAW_PROVENANCE_ARCHIVES/AIWF_Vol2_Training_The_Fear_RAG_v0_17_DATA_CENTRIC_ML/aiwf_vol2_training_the_fear_rag_v0_17/01_research_cards/018_embedding_reranker_training_sentence_transformers_flagembedding.md","018_embedding_reranker_training_sentence_transformers_flagembedding.md",".md","4212","aiwf_atlas","source_content","","","2026-05-21T07:12:10.0000000Z"
"AIWF_Atlas_VOL1_machine_facing_v3_3_api_cli_guide/03_SOURCE_CONTENT/B_RAW_PROVENANCE_ARCHIVES/AIWF_Vol2_Training_The_Fear_RAG_v0_17_DATA_CENTRIC_ML/aiwf_vol2_training_the_fear_rag_v0_17/01_research_cards/019_simpletuner_diffusion_deep_dive.md","019_simpletuner_diffusion_deep_dive.md",".md","3267","aiwf_atlas","source_content","","","2026-05-21T07:12:10.0000000Z"
"AIWF_Atlas_VOL1_machine_facing_v3_3_api_cli_guide/03_SOURCE_CONTENT/B_RAW_PROVENANCE_ARCHIVES/AIWF_Vol2_Training_The_Fear_RAG_v0_17_DATA_CENTRIC_ML/aiwf_vol2_training_the_fear_rag_v0_17/01_research_cards/020_ai_toolkit_flux_wan_zimage_deep_dive.md","020_ai_toolkit_flux_wan_zimage_deep_dive.md",".md","2897","aiwf_atlas","source_content","","","2026-05-21T07:12:10.0000000Z"
"AIWF_Atlas_VOL1_machine_facing_v3_3_api_cli_guide/03_SOURCE_CONTENT/B_RAW_PROVENANCE_ARCHIVES/AIWF_Vol2_Training_The_Fear_RAG_v0_17_DATA_CENTRIC_ML/aiwf_vol2_training_the_fear_rag_v0_17/01_research_cards/021_onetrainer_kohya_gui_diffusion_context.md","021_onetrainer_kohya_gui_diffusion_context.md",".md","2942","aiwf_atlas","source_content","","","2026-05-21T07:12:10.0000000Z"
"AIWF_Atlas_VOL1_machine_facing_v3_3_api_cli_guide/03_SOURCE_CONTENT/B_RAW_PROVENANCE_ARCHIVES/AIWF_Vol2_Training_The_Fear_RAG_v0_17_DATA_CENTRIC_ML/aiwf_vol2_training_the_fear_rag_v0_17/01_research_cards/022_musubi_tuner_wan_hunyuan_video_deep_dive.md","022_musubi_tuner_wan_hunyuan_video_deep_dive.md",".md","3221","aiwf_atlas","source_content","","","2026-05-21T07:12:10.0000000Z"
"AIWF_Atlas_VOL1_machine_facing_v3_3_api_cli_guide/03_SOURCE_CONTENT/B_RAW_PROVENANCE_ARCHIVES/AIWF_Vol2_Training_The_Fear_RAG_v0_17_DATA_CENTRIC_ML/aiwf_vol2_training_the_fear_rag_v0_17/01_research_cards/023_ltx_video_training_deep_dive.md","023_ltx_video_training_deep_dive.md",".md","2726","aiwf_atlas","source_content","","","2026-05-21T07:12:10.0000000Z"
"AIWF_Atlas_VOL1_machine_facing_v3_3_api_cli_guide/03_SOURCE_CONTENT/B_RAW_PROVENANCE_ARCHIVES/AIWF_Vol2_Training_The_Fear_RAG_v0_17_DATA_CENTRIC_ML/aiwf_vol2_training_the_fear_rag_v0_17/01_research_cards/024_gpt_sovits_voice_training_deep_dive.md","024_gpt_sovits_voice_training_deep_dive.md",".md","3085","aiwf_atlas","source_content","","","2026-05-21T07:12:10.0000000Z"
"AIWF_Atlas_VOL1_machine_facing_v3_3_api_cli_guide/03_SOURCE_CONTENT/B_RAW_PROVENANCE_ARCHIVES/AIWF_Vol2_Training_The_Fear_RAG_v0_17_DATA_CENTRIC_ML/aiwf_vol2_training_the_fear_rag_v0_17/01_research_cards/025_dataset_doctor_spec_bridge.md","025_dataset_doctor_spec_bridge.md",".md","2480","aiwf_atlas","source_content","","","2026-05-21T07:12:10.0000000Z"
"AIWF_Atlas_VOL1_machine_facing_v3_3_api_cli_guide/03_SOURCE_CONTENT/B_RAW_PROVENANCE_ARCHIVES/AIWF_Vol2_Training_The_Fear_RAG_v0_17_DATA_CENTRIC_ML/aiwf_vol2_training_the_fear_rag_v0_17/01_research_cards/026_training_law_rights_consent_baseline.md","026_training_law_rights_consent_baseline.md",".md","4637","aiwf_atlas","source_content","","","2026-05-21T07:12:10.0000000Z"
"AIWF_Atlas_VOL1_machine_facing_v3_3_api_cli_guide/03_SOURCE_CONTENT/B_RAW_PROVENANCE_ARCHIVES/AIWF_Vol2_Training_The_Fear_RAG_v0_17_DATA_CENTRIC_ML/aiwf_vol2_training_the_fear_rag_v0_17/01_research_cards/027_training_theory_core_laws.md","027_training_theory_core_laws.md",".md","4112","aiwf_atlas","source_content","","","2026-05-21T07:12:10.0000000Z"
"AIWF_Atlas_VOL1_machine_facing_v3_3_api_cli_guide/03_SOURCE_CONTENT/B_RAW_PROVENANCE_ARCHIVES/AIWF_Vol2_Training_The_Fear_RAG_v0_17_DATA_CENTRIC_ML/aiwf_vol2_training_the_fear_rag_v0_17/01_research_cards/028_pass_03_index.md","028_pass_03_index.md",".md","2125","aiwf_atlas","source_content","","","2026-05-21T07:12:10.0000000Z"
"AIWF_Atlas_VOL1_machine_facing_v3_3_api_cli_guide/03_SOURCE_CONTENT/B_RAW_PROVENANCE_ARCHIVES/AIWF_Vol2_Training_The_Fear_RAG_v0_17_DATA_CENTRIC_ML/aiwf_vol2_training_the_fear_rag_v0_17/01_research_cards/029_consumer_hardware_vram_math.md","029_consumer_hardware_vram_math.md",".md","5549","aiwf_atlas","source_content","","","2026-05-21T07:12:10.0000000Z"
"AIWF_Atlas_VOL1_machine_facing_v3_3_api_cli_guide/03_SOURCE_CONTENT/B_RAW_PROVENANCE_ARCHIVES/AIWF_Vol2_Training_The_Fear_RAG_v0_17_DATA_CENTRIC_ML/aiwf_vol2_training_the_fear_rag_v0_17/01_research_cards/030_peft_methods_lora_qlora_dora_ia3_prefix.md","030_peft_methods_lora_qlora_dora_ia3_prefix.md",".md","5574","aiwf_atlas","source_content","","","2026-05-21T07:12:10.0000000Z"
"AIWF_Atlas_VOL1_machine_facing_v3_3_api_cli_guide/03_SOURCE_CONTENT/B_RAW_PROVENANCE_ARCHIVES/AIWF_Vol2_Training_The_Fear_RAG_v0_17_DATA_CENTRIC_ML/aiwf_vol2_training_the_fear_rag_v0_17/01_research_cards/031_quantization_training_inference_map.md","031_quantization_training_inference_map.md",".md","4272","aiwf_atlas","source_content","","","2026-05-21T07:12:10.0000000Z"
"AIWF_Atlas_VOL1_machine_facing_v3_3_api_cli_guide/03_SOURCE_CONTENT/B_RAW_PROVENANCE_ARCHIVES/AIWF_Vol2_Training_The_Fear_RAG_v0_17_DATA_CENTRIC_ML/aiwf_vol2_training_the_fear_rag_v0_17/01_research_cards/032_alignment_preference_training_sft_dpo_orpo_kto_grpo.md","032_alignment_preference_training_sft_dpo_orpo_kto_grpo.md",".md","4822","aiwf_atlas","source_content","","","2026-05-21T07:12:10.0000000Z"
"AIWF_Atlas_VOL1_machine_facing_v3_3_api_cli_guide/03_SOURCE_CONTENT/B_RAW_PROVENANCE_ARCHIVES/AIWF_Vol2_Training_The_Fear_RAG_v0_17_DATA_CENTRIC_ML/aiwf_vol2_training_the_fear_rag_v0_17/01_research_cards/033_rag_vs_finetune_decision_tree.md","033_rag_vs_finetune_decision_tree.md",".md","4133","aiwf_atlas","source_content","","","2026-05-21T07:12:10.0000000Z"
"AIWF_Atlas_VOL1_machine_facing_v3_3_api_cli_guide/03_SOURCE_CONTENT/B_RAW_PROVENANCE_ARCHIVES/AIWF_Vol2_Training_The_Fear_RAG_v0_17_DATA_CENTRIC_ML/aiwf_vol2_training_the_fear_rag_v0_17/01_research_cards/034_dataset_design_quality_laws.md","034_dataset_design_quality_laws.md",".md","4780","aiwf_atlas","source_content","","","2026-05-21T07:12:10.0000000Z"
"AIWF_Atlas_VOL1_machine_facing_v3_3_api_cli_guide/03_SOURCE_CONTENT/B_RAW_PROVENANCE_ARCHIVES/AIWF_Vol2_Training_The_Fear_RAG_v0_17_DATA_CENTRIC_ML/aiwf_vol2_training_the_fear_rag_v0_17/01_research_cards/035_model_cards_dataset_cards_provenance.md","035_model_cards_dataset_cards_provenance.md",".md","3548","aiwf_atlas","source_content","","","2026-05-21T07:12:10.0000000Z"
"AIWF_Atlas_VOL1_machine_facing_v3_3_api_cli_guide/03_SOURCE_CONTENT/B_RAW_PROVENANCE_ARCHIVES/AIWF_Vol2_Training_The_Fear_RAG_v0_17_DATA_CENTRIC_ML/aiwf_vol2_training_the_fear_rag_v0_17/01_research_cards/036_evaluation_frameworks_lm_eval_opencompass_ragas_deepeval.md","036_evaluation_frameworks_lm_eval_opencompass_ragas_deepeval.md",".md","3992","aiwf_atlas","source_content","","","2026-05-21T07:12:10.0000000Z"
"AIWF_Atlas_VOL1_machine_facing_v3_3_api_cli_guide/03_SOURCE_CONTENT/B_RAW_PROVENANCE_ARCHIVES/AIWF_Vol2_Training_The_Fear_RAG_v0_17_DATA_CENTRIC_ML/aiwf_vol2_training_the_fear_rag_v0_17/01_research_cards/037_image_lora_dataset_captioning_pipeline.md","037_image_lora_dataset_captioning_pipeline.md",".md","5244","aiwf_atlas","source_content","","","2026-05-21T07:12:10.0000000Z"
"AIWF_Atlas_VOL1_machine_facing_v3_3_api_cli_guide/03_SOURCE_CONTENT/B_RAW_PROVENANCE_ARCHIVES/AIWF_Vol2_Training_The_Fear_RAG_v0_17_DATA_CENTRIC_ML/aiwf_vol2_training_the_fear_rag_v0_17/01_research_cards/038_video_lora_dataset_motion_pipeline.md","038_video_lora_dataset_motion_pipeline.md",".md","3935","aiwf_atlas","source_content","","","2026-05-21T07:12:10.0000000Z"
"AIWF_Atlas_VOL1_machine_facing_v3_3_api_cli_guide/03_SOURCE_CONTENT/B_RAW_PROVENANCE_ARCHIVES/AIWF_Vol2_Training_The_Fear_RAG_v0_17_DATA_CENTRIC_ML/aiwf_vol2_training_the_fear_rag_v0_17/01_research_cards/039_pass_04_index.md","039_pass_04_index.md",".md","2099","aiwf_atlas","source_content","","","2026-05-21T07:12:10.0000000Z"
"AIWF_Atlas_VOL1_machine_facing_v3_3_api_cli_guide/03_SOURCE_CONTENT/B_RAW_PROVENANCE_ARCHIVES/AIWF_Vol2_Training_The_Fear_RAG_v0_17_DATA_CENTRIC_ML/aiwf_vol2_training_the_fear_rag_v0_17/01_research_cards/040_torchtune_native_pytorch_recipes.md","040_torchtune_native_pytorch_recipes.md",".md","2732","aiwf_atlas","source_content","","","2026-05-21T07:12:10.0000000Z"
"AIWF_Atlas_VOL1_machine_facing_v3_3_api_cli_guide/03_SOURCE_CONTENT/B_RAW_PROVENANCE_ARCHIVES/AIWF_Vol2_Training_The_Fear_RAG_v0_17_DATA_CENTRIC_ML/aiwf_vol2_training_the_fear_rag_v0_17/01_research_cards/041_hf_peft_library_adapter_ops.md","041_hf_peft_library_adapter_ops.md",".md","3033","aiwf_atlas","source_content","","","2026-05-21T07:12:10.0000000Z"
"AIWF_Atlas_VOL1_machine_facing_v3_3_api_cli_guide/03_SOURCE_CONTENT/B_RAW_PROVENANCE_ARCHIVES/AIWF_Vol2_Training_The_Fear_RAG_v0_17_DATA_CENTRIC_ML/aiwf_vol2_training_the_fear_rag_v0_17/01_research_cards/042_hf_trl_post_training_stack.md","042_hf_trl_post_training_stack.md",".md","2876","aiwf_atlas","source_content","","","2026-05-21T07:12:10.0000000Z"
"AIWF_Atlas_VOL1_machine_facing_v3_3_api_cli_guide/03_SOURCE_CONTENT/B_RAW_PROVENANCE_ARCHIVES/AIWF_Vol2_Training_The_Fear_RAG_v0_17_DATA_CENTRIC_ML/aiwf_vol2_training_the_fear_rag_v0_17/01_research_cards/043_accelerate_deepspeed_fsdp_memory_backend.md","043_accelerate_deepspeed_fsdp_memory_backend.md",".md","2451","aiwf_atlas","source_content","","","2026-05-21T07:12:10.0000000Z"
"AIWF_Atlas_VOL1_machine_facing_v3_3_api_cli_guide/03_SOURCE_CONTENT/B_RAW_PROVENANCE_ARCHIVES/AIWF_Vol2_Training_The_Fear_RAG_v0_17_DATA_CENTRIC_ML/aiwf_vol2_training_the_fear_rag_v0_17/01_research_cards/044_autotrain_low_code_training_bridge.md","044_autotrain_low_code_training_bridge.md",".md","1643","aiwf_atlas","source_content","","","2026-05-21T07:12:10.0000000Z"
"AIWF_Atlas_VOL1_machine_facing_v3_3_api_cli_guide/03_SOURCE_CONTENT/B_RAW_PROVENANCE_ARCHIVES/AIWF_Vol2_Training_The_Fear_RAG_v0_17_DATA_CENTRIC_ML/aiwf_vol2_training_the_fear_rag_v0_17/01_research_cards/045_vlm_training_qwen_llava_bridge.md","045_vlm_training_qwen_llava_bridge.md",".md","2619","aiwf_atlas","source_content","","","2026-05-21T07:12:10.0000000Z"
"AIWF_Atlas_VOL1_machine_facing_v3_3_api_cli_guide/03_SOURCE_CONTENT/B_RAW_PROVENANCE_ARCHIVES/AIWF_Vol2_Training_The_Fear_RAG_v0_17_DATA_CENTRIC_ML/aiwf_vol2_training_the_fear_rag_v0_17/01_research_cards/046_asr_whisper_wav2vec_training.md","046_asr_whisper_wav2vec_training.md",".md","2379","aiwf_atlas","source_content","","","2026-05-21T07:12:10.0000000Z"
"AIWF_Atlas_VOL1_machine_facing_v3_3_api_cli_guide/03_SOURCE_CONTENT/B_RAW_PROVENANCE_ARCHIVES/AIWF_Vol2_Training_The_Fear_RAG_v0_17_DATA_CENTRIC_ML/aiwf_vol2_training_the_fear_rag_v0_17/01_research_cards/047_aiwf_training_runbook_consumer_gpus.md","047_aiwf_training_runbook_consumer_gpus.md",".md","2312","aiwf_atlas","source_content","","","2026-05-21T07:12:10.0000000Z"
"AIWF_Atlas_VOL1_machine_facing_v3_3_api_cli_guide/03_SOURCE_CONTENT/B_RAW_PROVENANCE_ARCHIVES/AIWF_Vol2_Training_The_Fear_RAG_v0_17_DATA_CENTRIC_ML/aiwf_vol2_training_the_fear_rag_v0_17/01_research_cards/048_training_failure_signatures_oom_overfit_collapse.md","048_training_failure_signatures_oom_overfit_collapse.md",".md","2785","aiwf_atlas","source_content","","","2026-05-21T07:12:10.0000000Z"
"AIWF_Atlas_VOL1_machine_facing_v3_3_api_cli_guide/03_SOURCE_CONTENT/B_RAW_PROVENANCE_ARCHIVES/AIWF_Vol2_Training_The_Fear_RAG_v0_17_DATA_CENTRIC_ML/aiwf_vol2_training_the_fear_rag_v0_17/01_research_cards/049_dataset_provenance_manifest_schema.md","049_dataset_provenance_manifest_schema.md",".md","2228","aiwf_atlas","source_content","","","2026-05-21T07:12:10.0000000Z"
"AIWF_Atlas_VOL1_machine_facing_v3_3_api_cli_guide/03_SOURCE_CONTENT/B_RAW_PROVENANCE_ARCHIVES/AIWF_Vol2_Training_The_Fear_RAG_v0_17_DATA_CENTRIC_ML/aiwf_vol2_training_the_fear_rag_v0_17/01_research_cards/050_aiwf_trainer_wrapper_architecture.md","050_aiwf_trainer_wrapper_architecture.md",".md","2401","aiwf_atlas","source_content","","","2026-05-21T07:12:10.0000000Z"
"AIWF_Atlas_VOL1_machine_facing_v3_3_api_cli_guide/03_SOURCE_CONTENT/B_RAW_PROVENANCE_ARCHIVES/AIWF_Vol2_Training_The_Fear_RAG_v0_17_DATA_CENTRIC_ML/aiwf_vol2_training_the_fear_rag_v0_17/01_research_cards/051_pass_05_index.md","051_pass_05_index.md",".md","2060","aiwf_atlas","source_content","","","2026-05-21T07:12:10.0000000Z"
"AIWF_Atlas_VOL1_machine_facing_v3_3_api_cli_guide/03_SOURCE_CONTENT/B_RAW_PROVENANCE_ARCHIVES/AIWF_Vol2_Training_The_Fear_RAG_v0_17_DATA_CENTRIC_ML/aiwf_vol2_training_the_fear_rag_v0_17/01_research_cards/052_llm_dataset_formats_chat_templates.md","052_llm_dataset_formats_chat_templates.md",".md","6348","aiwf_atlas","source_content","","","2026-05-21T07:12:10.0000000Z"
"AIWF_Atlas_VOL1_machine_facing_v3_3_api_cli_guide/03_SOURCE_CONTENT/B_RAW_PROVENANCE_ARCHIVES/AIWF_Vol2_Training_The_Fear_RAG_v0_17_DATA_CENTRIC_ML/aiwf_vol2_training_the_fear_rag_v0_17/01_research_cards/053_data_cleaning_dedup_pii_dataset_triage.md","053_data_cleaning_dedup_pii_dataset_triage.md",".md","5432","aiwf_atlas","source_content","","","2026-05-21T07:12:10.0000000Z"
"AIWF_Atlas_VOL1_machine_facing_v3_3_api_cli_guide/03_SOURCE_CONTENT/B_RAW_PROVENANCE_ARCHIVES/AIWF_Vol2_Training_The_Fear_RAG_v0_17_DATA_CENTRIC_ML/aiwf_vol2_training_the_fear_rag_v0_17/01_research_cards/054_synthetic_instruction_data_distillation_self_instruct.md","054_synthetic_instruction_data_distillation_self_instruct.md",".md","4509","aiwf_atlas","source_content","","","2026-05-21T07:12:10.0000000Z"
"AIWF_Atlas_VOL1_machine_facing_v3_3_api_cli_guide/03_SOURCE_CONTENT/B_RAW_PROVENANCE_ARCHIVES/AIWF_Vol2_Training_The_Fear_RAG_v0_17_DATA_CENTRIC_ML/aiwf_vol2_training_the_fear_rag_v0_17/01_research_cards/055_preference_dataset_construction_dpo_orpo_kto_rlaif.md","055_preference_dataset_construction_dpo_orpo_kto_rlaif.md",".md","4342","aiwf_atlas","source_content","","","2026-05-21T07:12:10.0000000Z"
"AIWF_Atlas_VOL1_machine_facing_v3_3_api_cli_guide/03_SOURCE_CONTENT/B_RAW_PROVENANCE_ARCHIVES/AIWF_Vol2_Training_The_Fear_RAG_v0_17_DATA_CENTRIC_ML/aiwf_vol2_training_the_fear_rag_v0_17/01_research_cards/056_image_lora_captioning_tagging_toolchain.md","056_image_lora_captioning_tagging_toolchain.md",".md","4925","aiwf_atlas","source_content","","","2026-05-21T07:12:10.0000000Z"
"AIWF_Atlas_VOL1_machine_facing_v3_3_api_cli_guide/03_SOURCE_CONTENT/B_RAW_PROVENANCE_ARCHIVES/AIWF_Vol2_Training_The_Fear_RAG_v0_17_DATA_CENTRIC_ML/aiwf_vol2_training_the_fear_rag_v0_17/01_research_cards/057_video_dataset_preparation_wan_ltx_diffusion_loras.md","057_video_dataset_preparation_wan_ltx_diffusion_loras.md",".md","5178","aiwf_atlas","source_content","","","2026-05-21T07:12:10.0000000Z"
"AIWF_Atlas_VOL1_machine_facing_v3_3_api_cli_guide/03_SOURCE_CONTENT/B_RAW_PROVENANCE_ARCHIVES/AIWF_Vol2_Training_The_Fear_RAG_v0_17_DATA_CENTRIC_ML/aiwf_vol2_training_the_fear_rag_v0_17/01_research_cards/058_multimodal_vlm_dataset_construction.md","058_multimodal_vlm_dataset_construction.md",".md","3779","aiwf_atlas","source_content","","","2026-05-21T07:12:10.0000000Z"
"AIWF_Atlas_VOL1_machine_facing_v3_3_api_cli_guide/03_SOURCE_CONTENT/B_RAW_PROVENANCE_ARCHIVES/AIWF_Vol2_Training_The_Fear_RAG_v0_17_DATA_CENTRIC_ML/aiwf_vol2_training_the_fear_rag_v0_17/01_research_cards/059_training_telemetry_experiment_tracking_run_evidence.md","059_training_telemetry_experiment_tracking_run_evidence.md",".md","3915","aiwf_atlas","source_content","","","2026-05-21T07:12:10.0000000Z"
"AIWF_Atlas_VOL1_machine_facing_v3_3_api_cli_guide/03_SOURCE_CONTENT/B_RAW_PROVENANCE_ARCHIVES/AIWF_Vol2_Training_The_Fear_RAG_v0_17_DATA_CENTRIC_ML/aiwf_vol2_training_the_fear_rag_v0_17/01_research_cards/060_reproducibility_package_format_aiwf_training_runs.md","060_reproducibility_package_format_aiwf_training_runs.md",".md","3352","aiwf_atlas","source_content","","","2026-05-21T07:12:10.0000000Z"
"AIWF_Atlas_VOL1_machine_facing_v3_3_api_cli_guide/03_SOURCE_CONTENT/B_RAW_PROVENANCE_ARCHIVES/AIWF_Vol2_Training_The_Fear_RAG_v0_17_DATA_CENTRIC_ML/aiwf_vol2_training_the_fear_rag_v0_17/01_research_cards/061_pass_06_index.md","061_pass_06_index.md",".md","1654","aiwf_atlas","source_content","","","2026-05-21T07:12:10.0000000Z"
"AIWF_Atlas_VOL1_machine_facing_v3_3_api_cli_guide/03_SOURCE_CONTENT/B_RAW_PROVENANCE_ARCHIVES/AIWF_Vol2_Training_The_Fear_RAG_v0_17_DATA_CENTRIC_ML/aiwf_vol2_training_the_fear_rag_v0_17/01_research_cards/062_adapter_method_decision_tree.md","062_adapter_method_decision_tree.md",".md","4451","aiwf_atlas","source_content","","","2026-05-21T07:12:10.0000000Z"
"AIWF_Atlas_VOL1_machine_facing_v3_3_api_cli_guide/03_SOURCE_CONTENT/B_RAW_PROVENANCE_ARCHIVES/AIWF_Vol2_Training_The_Fear_RAG_v0_17_DATA_CENTRIC_ML/aiwf_vol2_training_the_fear_rag_v0_17/01_research_cards/063_lora_hyperparameters_target_modules.md","063_lora_hyperparameters_target_modules.md",".md","4234","aiwf_atlas","source_content","","","2026-05-21T07:12:10.0000000Z"
"AIWF_Atlas_VOL1_machine_facing_v3_3_api_cli_guide/03_SOURCE_CONTENT/B_RAW_PROVENANCE_ARCHIVES/AIWF_Vol2_Training_The_Fear_RAG_v0_17_DATA_CENTRIC_ML/aiwf_vol2_training_the_fear_rag_v0_17/01_research_cards/064_qlora_memory_recipe_bitsandbytes.md","064_qlora_memory_recipe_bitsandbytes.md",".md","3022","aiwf_atlas","source_content","","","2026-05-21T07:12:10.0000000Z"
"AIWF_Atlas_VOL1_machine_facing_v3_3_api_cli_guide/03_SOURCE_CONTENT/B_RAW_PROVENANCE_ARCHIVES/AIWF_Vol2_Training_The_Fear_RAG_v0_17_DATA_CENTRIC_ML/aiwf_vol2_training_the_fear_rag_v0_17/01_research_cards/065_dora_rslora_practical_notes.md","065_dora_rslora_practical_notes.md",".md","2180","aiwf_atlas","source_content","","","2026-05-21T07:12:10.0000000Z"
"AIWF_Atlas_VOL1_machine_facing_v3_3_api_cli_guide/03_SOURCE_CONTENT/B_RAW_PROVENANCE_ARCHIVES/AIWF_Vol2_Training_The_Fear_RAG_v0_17_DATA_CENTRIC_ML/aiwf_vol2_training_the_fear_rag_v0_17/01_research_cards/066_optimizers_schedulers_consumer_training.md","066_optimizers_schedulers_consumer_training.md",".md","3448","aiwf_atlas","source_content","","","2026-05-21T07:12:10.0000000Z"
"AIWF_Atlas_VOL1_machine_facing_v3_3_api_cli_guide/03_SOURCE_CONTENT/B_RAW_PROVENANCE_ARCHIVES/AIWF_Vol2_Training_The_Fear_RAG_v0_17_DATA_CENTRIC_ML/aiwf_vol2_training_the_fear_rag_v0_17/01_research_cards/067_curriculum_data_mixing_replay.md","067_curriculum_data_mixing_replay.md",".md","3016","aiwf_atlas","source_content","","","2026-05-21T07:12:10.0000000Z"
"AIWF_Atlas_VOL1_machine_facing_v3_3_api_cli_guide/03_SOURCE_CONTENT/B_RAW_PROVENANCE_ARCHIVES/AIWF_Vol2_Training_The_Fear_RAG_v0_17_DATA_CENTRIC_ML/aiwf_vol2_training_the_fear_rag_v0_17/01_research_cards/068_retriever_training_rag_finetuning.md","068_retriever_training_rag_finetuning.md",".md","2953","aiwf_atlas","source_content","","","2026-05-21T07:12:10.0000000Z"
"AIWF_Atlas_VOL1_machine_facing_v3_3_api_cli_guide/03_SOURCE_CONTENT/B_RAW_PROVENANCE_ARCHIVES/AIWF_Vol2_Training_The_Fear_RAG_v0_17_DATA_CENTRIC_ML/aiwf_vol2_training_the_fear_rag_v0_17/01_research_cards/069_adapter_merging_deployment.md","069_adapter_merging_deployment.md",".md","3082","aiwf_atlas","source_content","","","2026-05-21T07:12:10.0000000Z"
"AIWF_Atlas_VOL1_machine_facing_v3_3_api_cli_guide/03_SOURCE_CONTENT/B_RAW_PROVENANCE_ARCHIVES/AIWF_Vol2_Training_The_Fear_RAG_v0_17_DATA_CENTRIC_ML/aiwf_vol2_training_the_fear_rag_v0_17/01_research_cards/070_consumer_gpu_training_presets.md","070_consumer_gpu_training_presets.md",".md","2720","aiwf_atlas","source_content","","","2026-05-21T07:12:10.0000000Z"
"AIWF_Atlas_VOL1_machine_facing_v3_3_api_cli_guide/03_SOURCE_CONTENT/B_RAW_PROVENANCE_ARCHIVES/AIWF_Vol2_Training_The_Fear_RAG_v0_17_DATA_CENTRIC_ML/aiwf_vol2_training_the_fear_rag_v0_17/01_research_cards/071_diffusion_lora_presets_image_video.md","071_diffusion_lora_presets_image_video.md",".md","3381","aiwf_atlas","source_content","","","2026-05-21T07:12:10.0000000Z"
"AIWF_Atlas_VOL1_machine_facing_v3_3_api_cli_guide/03_SOURCE_CONTENT/B_RAW_PROVENANCE_ARCHIVES/AIWF_Vol2_Training_The_Fear_RAG_v0_17_DATA_CENTRIC_ML/aiwf_vol2_training_the_fear_rag_v0_17/01_research_cards/072_evaluation_gates_release_checklist.md","072_evaluation_gates_release_checklist.md",".md","2369","aiwf_atlas","source_content","","","2026-05-21T07:12:10.0000000Z"
"AIWF_Atlas_VOL1_machine_facing_v3_3_api_cli_guide/03_SOURCE_CONTENT/B_RAW_PROVENANCE_ARCHIVES/AIWF_Vol2_Training_The_Fear_RAG_v0_17_DATA_CENTRIC_ML/aiwf_vol2_training_the_fear_rag_v0_17/01_research_cards/073_pass_07_index.md","073_pass_07_index.md",".md","1785","aiwf_atlas","source_content","","","2026-05-21T07:12:10.0000000Z"
"AIWF_Atlas_VOL1_machine_facing_v3_3_api_cli_guide/03_SOURCE_CONTENT/B_RAW_PROVENANCE_ARCHIVES/AIWF_Vol2_Training_The_Fear_RAG_v0_17_DATA_CENTRIC_ML/aiwf_vol2_training_the_fear_rag_v0_17/01_research_cards/074_rlhf_rlaif_reward_modeling_consumer_limits.md","074_rlhf_rlaif_reward_modeling_consumer_limits.md",".md","3125","aiwf_atlas","source_content","","","2026-05-21T07:12:10.0000000Z"
"AIWF_Atlas_VOL1_machine_facing_v3_3_api_cli_guide/03_SOURCE_CONTENT/B_RAW_PROVENANCE_ARCHIVES/AIWF_Vol2_Training_The_Fear_RAG_v0_17_DATA_CENTRIC_ML/aiwf_vol2_training_the_fear_rag_v0_17/01_research_cards/075_dpo_orpo_kto_grpo_selection_rules.md","075_dpo_orpo_kto_grpo_selection_rules.md",".md","2814","aiwf_atlas","source_content","","","2026-05-21T07:12:10.0000000Z"
"AIWF_Atlas_VOL1_machine_facing_v3_3_api_cli_guide/03_SOURCE_CONTENT/B_RAW_PROVENANCE_ARCHIVES/AIWF_Vol2_Training_The_Fear_RAG_v0_17_DATA_CENTRIC_ML/aiwf_vol2_training_the_fear_rag_v0_17/01_research_cards/076_distillation_teacher_student_synthetic_data.md","076_distillation_teacher_student_synthetic_data.md",".md","2774","aiwf_atlas","source_content","","","2026-05-21T07:12:10.0000000Z"
"AIWF_Atlas_VOL1_machine_facing_v3_3_api_cli_guide/03_SOURCE_CONTENT/B_RAW_PROVENANCE_ARCHIVES/AIWF_Vol2_Training_The_Fear_RAG_v0_17_DATA_CENTRIC_ML/aiwf_vol2_training_the_fear_rag_v0_17/01_research_cards/077_model_merging_mergekit_task_arithmetic.md","077_model_merging_mergekit_task_arithmetic.md",".md","2212","aiwf_atlas","source_content","","","2026-05-21T07:12:10.0000000Z"
"AIWF_Atlas_VOL1_machine_facing_v3_3_api_cli_guide/03_SOURCE_CONTENT/B_RAW_PROVENANCE_ARCHIVES/AIWF_Vol2_Training_The_Fear_RAG_v0_17_DATA_CENTRIC_ML/aiwf_vol2_training_the_fear_rag_v0_17/01_research_cards/078_quantization_export_gguf_gptq_awq_bitsandbytes.md","078_quantization_export_gguf_gptq_awq_bitsandbytes.md",".md","2854","aiwf_atlas","source_content","","","2026-05-21T07:12:10.0000000Z"
"AIWF_Atlas_VOL1_machine_facing_v3_3_api_cli_guide/03_SOURCE_CONTENT/B_RAW_PROVENANCE_ARCHIVES/AIWF_Vol2_Training_The_Fear_RAG_v0_17_DATA_CENTRIC_ML/aiwf_vol2_training_the_fear_rag_v0_17/01_research_cards/079_eval_harness_private_benchmarks.md","079_eval_harness_private_benchmarks.md",".md","2688","aiwf_atlas","source_content","","","2026-05-21T07:12:10.0000000Z"
"AIWF_Atlas_VOL1_machine_facing_v3_3_api_cli_guide/03_SOURCE_CONTENT/B_RAW_PROVENANCE_ARCHIVES/AIWF_Vol2_Training_The_Fear_RAG_v0_17_DATA_CENTRIC_ML/aiwf_vol2_training_the_fear_rag_v0_17/01_research_cards/080_safety_alignment_red_team_gates.md","080_safety_alignment_red_team_gates.md",".md","2536","aiwf_atlas","source_content","","","2026-05-21T07:12:10.0000000Z"
"AIWF_Atlas_VOL1_machine_facing_v3_3_api_cli_guide/03_SOURCE_CONTENT/B_RAW_PROVENANCE_ARCHIVES/AIWF_Vol2_Training_The_Fear_RAG_v0_17_DATA_CENTRIC_ML/aiwf_vol2_training_the_fear_rag_v0_17/01_research_cards/081_deployment_formats_and_adapter_release.md","081_deployment_formats_and_adapter_release.md",".md","2330","aiwf_atlas","source_content","","","2026-05-21T07:12:10.0000000Z"
"AIWF_Atlas_VOL1_machine_facing_v3_3_api_cli_guide/03_SOURCE_CONTENT/B_RAW_PROVENANCE_ARCHIVES/AIWF_Vol2_Training_The_Fear_RAG_v0_17_DATA_CENTRIC_ML/aiwf_vol2_training_the_fear_rag_v0_17/01_research_cards/082_aiwf_training_judge_spec.md","082_aiwf_training_judge_spec.md",".md","2177","aiwf_atlas","source_content","","","2026-05-21T07:12:10.0000000Z"
"AIWF_Atlas_VOL1_machine_facing_v3_3_api_cli_guide/03_SOURCE_CONTENT/B_RAW_PROVENANCE_ARCHIVES/AIWF_Vol2_Training_The_Fear_RAG_v0_17_DATA_CENTRIC_ML/aiwf_vol2_training_the_fear_rag_v0_17/01_research_cards/083_post_training_failure_modes_reward_hacking_regression.md","083_post_training_failure_modes_reward_hacking_regression.md",".md","2319","aiwf_atlas","source_content","","","2026-05-21T07:12:10.0000000Z"
"AIWF_Atlas_VOL1_machine_facing_v3_3_api_cli_guide/03_SOURCE_CONTENT/B_RAW_PROVENANCE_ARCHIVES/AIWF_Vol2_Training_The_Fear_RAG_v0_17_DATA_CENTRIC_ML/aiwf_vol2_training_the_fear_rag_v0_17/01_research_cards/084_pass_08_review_polish_index.md","084_pass_08_review_polish_index.md",".md","1043","aiwf_atlas","source_content","","","2026-05-21T07:12:10.0000000Z"
"AIWF_Atlas_VOL1_machine_facing_v3_3_api_cli_guide/03_SOURCE_CONTENT/B_RAW_PROVENANCE_ARCHIVES/AIWF_Vol2_Training_The_Fear_RAG_v0_17_DATA_CENTRIC_ML/aiwf_vol2_training_the_fear_rag_v0_17/01_research_cards/085_pass_09_index.md","085_pass_09_index.md",".md","2876","aiwf_atlas","source_content","","","2026-05-21T07:12:10.0000000Z"
"AIWF_Atlas_VOL1_machine_facing_v3_3_api_cli_guide/03_SOURCE_CONTENT/B_RAW_PROVENANCE_ARCHIVES/AIWF_Vol2_Training_The_Fear_RAG_v0_17_DATA_CENTRIC_ML/aiwf_vol2_training_the_fear_rag_v0_17/01_research_cards/086_image_lora_landscape_march_2026.md","086_image_lora_landscape_march_2026.md",".md","2022","aiwf_atlas","source_content","","","2026-05-21T07:12:10.0000000Z"
"AIWF_Atlas_VOL1_machine_facing_v3_3_api_cli_guide/03_SOURCE_CONTENT/B_RAW_PROVENANCE_ARCHIVES/AIWF_Vol2_Training_The_Fear_RAG_v0_17_DATA_CENTRIC_ML/aiwf_vol2_training_the_fear_rag_v0_17/01_research_cards/087_sd15_sdxl_lora_legacy_baseline.md","087_sd15_sdxl_lora_legacy_baseline.md",".md","1958","aiwf_atlas","source_content","","","2026-05-21T07:12:10.0000000Z"
"AIWF_Atlas_VOL1_machine_facing_v3_3_api_cli_guide/03_SOURCE_CONTENT/B_RAW_PROVENANCE_ARCHIVES/AIWF_Vol2_Training_The_Fear_RAG_v0_17_DATA_CENTRIC_ML/aiwf_vol2_training_the_fear_rag_v0_17/01_research_cards/088_sd3_sd35_lora_training.md","088_sd3_sd35_lora_training.md",".md","1783","aiwf_atlas","source_content","","","2026-05-21T07:12:10.0000000Z"
"AIWF_Atlas_VOL1_machine_facing_v3_3_api_cli_guide/03_SOURCE_CONTENT/B_RAW_PROVENANCE_ARCHIVES/AIWF_Vol2_Training_The_Fear_RAG_v0_17_DATA_CENTRIC_ML/aiwf_vol2_training_the_fear_rag_v0_17/01_research_cards/089_flux1_lora_training.md","089_flux1_lora_training.md",".md","1721","aiwf_atlas","source_content","","","2026-05-21T07:12:10.0000000Z"
"AIWF_Atlas_VOL1_machine_facing_v3_3_api_cli_guide/03_SOURCE_CONTENT/B_RAW_PROVENANCE_ARCHIVES/AIWF_Vol2_Training_The_Fear_RAG_v0_17_DATA_CENTRIC_ML/aiwf_vol2_training_the_fear_rag_v0_17/01_research_cards/090_flux2_klein_lora_training_march_2026.md","090_flux2_klein_lora_training_march_2026.md",".md","1766","aiwf_atlas","source_content","","","2026-05-21T07:12:10.0000000Z"
"AIWF_Atlas_VOL1_machine_facing_v3_3_api_cli_guide/03_SOURCE_CONTENT/B_RAW_PROVENANCE_ARCHIVES/AIWF_Vol2_Training_The_Fear_RAG_v0_17_DATA_CENTRIC_ML/aiwf_vol2_training_the_fear_rag_v0_17/01_research_cards/091_qwen_image_lora_training.md","091_qwen_image_lora_training.md",".md","2067","aiwf_atlas","source_content","","","2026-05-21T07:12:10.0000000Z"
"AIWF_Atlas_VOL1_machine_facing_v3_3_api_cli_guide/03_SOURCE_CONTENT/B_RAW_PROVENANCE_ARCHIVES/AIWF_Vol2_Training_The_Fear_RAG_v0_17_DATA_CENTRIC_ML/aiwf_vol2_training_the_fear_rag_v0_17/01_research_cards/092_z_image_lora_training.md","092_z_image_lora_training.md",".md","1338","aiwf_atlas","source_content","","","2026-05-21T07:12:10.0000000Z"
"AIWF_Atlas_VOL1_machine_facing_v3_3_api_cli_guide/03_SOURCE_CONTENT/B_RAW_PROVENANCE_ARCHIVES/AIWF_Vol2_Training_The_Fear_RAG_v0_17_DATA_CENTRIC_ML/aiwf_vol2_training_the_fear_rag_v0_17/01_research_cards/093_hidream_lumina_omnigen_chroma_watchlist.md","093_hidream_lumina_omnigen_chroma_watchlist.md",".md","1532","aiwf_atlas","source_content","","","2026-05-21T07:12:10.0000000Z"
"AIWF_Atlas_VOL1_machine_facing_v3_3_api_cli_guide/03_SOURCE_CONTENT/B_RAW_PROVENANCE_ARCHIVES/AIWF_Vol2_Training_The_Fear_RAG_v0_17_DATA_CENTRIC_ML/aiwf_vol2_training_the_fear_rag_v0_17/01_research_cards/094_captioning_tagging_by_image_model_family.md","094_captioning_tagging_by_image_model_family.md",".md","1920","aiwf_atlas","source_content","","","2026-05-21T07:12:10.0000000Z"
"AIWF_Atlas_VOL1_machine_facing_v3_3_api_cli_guide/03_SOURCE_CONTENT/B_RAW_PROVENANCE_ARCHIVES/AIWF_Vol2_Training_The_Fear_RAG_v0_17_DATA_CENTRIC_ML/aiwf_vol2_training_the_fear_rag_v0_17/01_research_cards/095_trainer_selection_image_lora_backends.md","095_trainer_selection_image_lora_backends.md",".md","1925","aiwf_atlas","source_content","","","2026-05-21T07:12:10.0000000Z"
"AIWF_Atlas_VOL1_machine_facing_v3_3_api_cli_guide/03_SOURCE_CONTENT/B_RAW_PROVENANCE_ARCHIVES/AIWF_Vol2_Training_The_Fear_RAG_v0_17_DATA_CENTRIC_ML/aiwf_vol2_training_the_fear_rag_v0_17/01_research_cards/096_consumer_gpu_image_lora_presets.md","096_consumer_gpu_image_lora_presets.md",".md","1428","aiwf_atlas","source_content","","","2026-05-21T07:12:10.0000000Z"
"AIWF_Atlas_VOL1_machine_facing_v3_3_api_cli_guide/03_SOURCE_CONTENT/B_RAW_PROVENANCE_ARCHIVES/AIWF_Vol2_Training_The_Fear_RAG_v0_17_DATA_CENTRIC_ML/aiwf_vol2_training_the_fear_rag_v0_17/01_research_cards/097_image_lora_failure_modes.md","097_image_lora_failure_modes.md",".md","1582","aiwf_atlas","source_content","","","2026-05-21T07:12:10.0000000Z"
"AIWF_Atlas_VOL1_machine_facing_v3_3_api_cli_guide/03_SOURCE_CONTENT/B_RAW_PROVENANCE_ARCHIVES/AIWF_Vol2_Training_The_Fear_RAG_v0_17_DATA_CENTRIC_ML/aiwf_vol2_training_the_fear_rag_v0_17/01_research_cards/098_lora_release_pack_hf_civitai_model_cards.md","098_lora_release_pack_hf_civitai_model_cards.md",".md","1325","aiwf_atlas","source_content","","","2026-05-21T07:12:10.0000000Z"
"AIWF_Atlas_VOL1_machine_facing_v3_3_api_cli_guide/03_SOURCE_CONTENT/B_RAW_PROVENANCE_ARCHIVES/AIWF_Vol2_Training_The_Fear_RAG_v0_17_DATA_CENTRIC_ML/aiwf_vol2_training_the_fear_rag_v0_17/01_research_cards/099_aiwf_image_lora_preset_builder_spec.md","099_aiwf_image_lora_preset_builder_spec.md",".md","1848","aiwf_atlas","source_content","","","2026-05-21T07:12:10.0000000Z"
"AIWF_Atlas_VOL1_machine_facing_v3_3_api_cli_guide/03_SOURCE_CONTENT/B_RAW_PROVENANCE_ARCHIVES/AIWF_Vol2_Training_The_Fear_RAG_v0_17_DATA_CENTRIC_ML/aiwf_vol2_training_the_fear_rag_v0_17/01_research_cards/100_pass_10_theory_pivot_index.md","100_pass_10_theory_pivot_index.md",".md","887","aiwf_atlas","source_content","","","2026-05-21T07:12:10.0000000Z"
"AIWF_Atlas_VOL1_machine_facing_v3_3_api_cli_guide/03_SOURCE_CONTENT/B_RAW_PROVENANCE_ARCHIVES/AIWF_Vol2_Training_The_Fear_RAG_v0_17_DATA_CENTRIC_ML/aiwf_vol2_training_the_fear_rag_v0_17/01_research_cards/101_mathematical_foundations_for_ml.md","101_mathematical_foundations_for_ml.md",".md","1799","aiwf_atlas","source_content","","","2026-05-21T07:12:10.0000000Z"
"AIWF_Atlas_VOL1_machine_facing_v3_3_api_cli_guide/03_SOURCE_CONTENT/B_RAW_PROVENANCE_ARCHIVES/AIWF_Vol2_Training_The_Fear_RAG_v0_17_DATA_CENTRIC_ML/aiwf_vol2_training_the_fear_rag_v0_17/01_research_cards/102_probability_statistics_information_theory.md","102_probability_statistics_information_theory.md",".md","1699","aiwf_atlas","source_content","","","2026-05-21T07:12:10.0000000Z"
"AIWF_Atlas_VOL1_machine_facing_v3_3_api_cli_guide/03_SOURCE_CONTENT/B_RAW_PROVENANCE_ARCHIVES/AIWF_Vol2_Training_The_Fear_RAG_v0_17_DATA_CENTRIC_ML/aiwf_vol2_training_the_fear_rag_v0_17/01_research_cards/103_classical_supervised_learning.md","103_classical_supervised_learning.md",".md","1440","aiwf_atlas","source_content","","","2026-05-21T07:12:10.0000000Z"
"AIWF_Atlas_VOL1_machine_facing_v3_3_api_cli_guide/03_SOURCE_CONTENT/B_RAW_PROVENANCE_ARCHIVES/AIWF_Vol2_Training_The_Fear_RAG_v0_17_DATA_CENTRIC_ML/aiwf_vol2_training_the_fear_rag_v0_17/01_research_cards/104_loss_functions_and_objective_design.md","104_loss_functions_and_objective_design.md",".md","1425","aiwf_atlas","source_content","","","2026-05-21T07:12:10.0000000Z"
"AIWF_Atlas_VOL1_machine_facing_v3_3_api_cli_guide/03_SOURCE_CONTENT/B_RAW_PROVENANCE_ARCHIVES/AIWF_Vol2_Training_The_Fear_RAG_v0_17_DATA_CENTRIC_ML/aiwf_vol2_training_the_fear_rag_v0_17/01_research_cards/105_optimization_training_dynamics.md","105_optimization_training_dynamics.md",".md","1431","aiwf_atlas","source_content","","","2026-05-21T07:12:10.0000000Z"
"AIWF_Atlas_VOL1_machine_facing_v3_3_api_cli_guide/03_SOURCE_CONTENT/B_RAW_PROVENANCE_ARCHIVES/AIWF_Vol2_Training_The_Fear_RAG_v0_17_DATA_CENTRIC_ML/aiwf_vol2_training_the_fear_rag_v0_17/01_research_cards/106_generalization_bias_variance_double_descent.md","106_generalization_bias_variance_double_descent.md",".md","1181","aiwf_atlas","source_content","","","2026-05-21T07:12:10.0000000Z"
"AIWF_Atlas_VOL1_machine_facing_v3_3_api_cli_guide/03_SOURCE_CONTENT/B_RAW_PROVENANCE_ARCHIVES/AIWF_Vol2_Training_The_Fear_RAG_v0_17_DATA_CENTRIC_ML/aiwf_vol2_training_the_fear_rag_v0_17/01_research_cards/107_regularization_normalization_augmentation.md","107_regularization_normalization_augmentation.md",".md","1322","aiwf_atlas","source_content","","","2026-05-21T07:12:10.0000000Z"
"AIWF_Atlas_VOL1_machine_facing_v3_3_api_cli_guide/03_SOURCE_CONTENT/B_RAW_PROVENANCE_ARCHIVES/AIWF_Vol2_Training_The_Fear_RAG_v0_17_DATA_CENTRIC_ML/aiwf_vol2_training_the_fear_rag_v0_17/01_research_cards/108_data_splitting_leakage_sampling.md","108_data_splitting_leakage_sampling.md",".md","1133","aiwf_atlas","source_content","","","2026-05-21T07:12:10.0000000Z"
"AIWF_Atlas_VOL1_machine_facing_v3_3_api_cli_guide/03_SOURCE_CONTENT/B_RAW_PROVENANCE_ARCHIVES/AIWF_Vol2_Training_The_Fear_RAG_v0_17_DATA_CENTRIC_ML/aiwf_vol2_training_the_fear_rag_v0_17/01_research_cards/109_evaluation_metrics_calibration_experimental_design.md","109_evaluation_metrics_calibration_experimental_design.md",".md","1110","aiwf_atlas","source_content","","","2026-05-21T07:12:10.0000000Z"
"AIWF_Atlas_VOL1_machine_facing_v3_3_api_cli_guide/03_SOURCE_CONTENT/B_RAW_PROVENANCE_ARCHIVES/AIWF_Vol2_Training_The_Fear_RAG_v0_17_DATA_CENTRIC_ML/aiwf_vol2_training_the_fear_rag_v0_17/01_research_cards/110_unsupervised_self_supervised_semi_supervised.md","110_unsupervised_self_supervised_semi_supervised.md",".md","1076","aiwf_atlas","source_content","","","2026-05-21T07:12:10.0000000Z"
"AIWF_Atlas_VOL1_machine_facing_v3_3_api_cli_guide/03_SOURCE_CONTENT/B_RAW_PROVENANCE_ARCHIVES/AIWF_Vol2_Training_The_Fear_RAG_v0_17_DATA_CENTRIC_ML/aiwf_vol2_training_the_fear_rag_v0_17/01_research_cards/111_representation_learning_embeddings_metric_learning.md","111_representation_learning_embeddings_metric_learning.md",".md","1143","aiwf_atlas","source_content","","","2026-05-21T07:12:10.0000000Z"
"AIWF_Atlas_VOL1_machine_facing_v3_3_api_cli_guide/03_SOURCE_CONTENT/B_RAW_PROVENANCE_ARCHIVES/AIWF_Vol2_Training_The_Fear_RAG_v0_17_DATA_CENTRIC_ML/aiwf_vol2_training_the_fear_rag_v0_17/01_research_cards/112_trees_ensembles_tabular_ml.md","112_trees_ensembles_tabular_ml.md",".md","1132","aiwf_atlas","source_content","","","2026-05-21T07:12:10.0000000Z"
"AIWF_Atlas_VOL1_machine_facing_v3_3_api_cli_guide/03_SOURCE_CONTENT/B_RAW_PROVENANCE_ARCHIVES/AIWF_Vol2_Training_The_Fear_RAG_v0_17_DATA_CENTRIC_ML/aiwf_vol2_training_the_fear_rag_v0_17/01_research_cards/113_kernels_similarity_svm.md","113_kernels_similarity_svm.md",".md","1003","aiwf_atlas","source_content","","","2026-05-21T07:12:10.0000000Z"
"AIWF_Atlas_VOL1_machine_facing_v3_3_api_cli_guide/03_SOURCE_CONTENT/B_RAW_PROVENANCE_ARCHIVES/AIWF_Vol2_Training_The_Fear_RAG_v0_17_DATA_CENTRIC_ML/aiwf_vol2_training_the_fear_rag_v0_17/01_research_cards/114_neural_networks_backprop_initialization.md","114_neural_networks_backprop_initialization.md",".md","986","aiwf_atlas","source_content","","","2026-05-21T07:12:10.0000000Z"
"AIWF_Atlas_VOL1_machine_facing_v3_3_api_cli_guide/03_SOURCE_CONTENT/B_RAW_PROVENANCE_ARCHIVES/AIWF_Vol2_Training_The_Fear_RAG_v0_17_DATA_CENTRIC_ML/aiwf_vol2_training_the_fear_rag_v0_17/01_research_cards/115_transformers_sequence_modeling.md","115_transformers_sequence_modeling.md",".md","1226","aiwf_atlas","source_content","","","2026-05-21T07:12:10.0000000Z"
"AIWF_Atlas_VOL1_machine_facing_v3_3_api_cli_guide/03_SOURCE_CONTENT/B_RAW_PROVENANCE_ARCHIVES/AIWF_Vol2_Training_The_Fear_RAG_v0_17_DATA_CENTRIC_ML/aiwf_vol2_training_the_fear_rag_v0_17/01_research_cards/116_diffusion_flow_generative_modeling.md","116_diffusion_flow_generative_modeling.md",".md","1229","aiwf_atlas","source_content","","","2026-05-21T07:12:10.0000000Z"
"AIWF_Atlas_VOL1_machine_facing_v3_3_api_cli_guide/03_SOURCE_CONTENT/B_RAW_PROVENANCE_ARCHIVES/AIWF_Vol2_Training_The_Fear_RAG_v0_17_DATA_CENTRIC_ML/aiwf_vol2_training_the_fear_rag_v0_17/01_research_cards/117_reinforcement_learning_foundations.md","117_reinforcement_learning_foundations.md",".md","1192","aiwf_atlas","source_content","","","2026-05-21T07:12:10.0000000Z"
"AIWF_Atlas_VOL1_machine_facing_v3_3_api_cli_guide/03_SOURCE_CONTENT/B_RAW_PROVENANCE_ARCHIVES/AIWF_Vol2_Training_The_Fear_RAG_v0_17_DATA_CENTRIC_ML/aiwf_vol2_training_the_fear_rag_v0_17/01_research_cards/118_causality_distribution_shift_robustness.md","118_causality_distribution_shift_robustness.md",".md","1112","aiwf_atlas","source_content","","","2026-05-21T07:12:10.0000000Z"
"AIWF_Atlas_VOL1_machine_facing_v3_3_api_cli_guide/03_SOURCE_CONTENT/B_RAW_PROVENANCE_ARCHIVES/AIWF_Vol2_Training_The_Fear_RAG_v0_17_DATA_CENTRIC_ML/aiwf_vol2_training_the_fear_rag_v0_17/01_research_cards/119_privacy_federated_differential_privacy.md","119_privacy_federated_differential_privacy.md",".md","1249","aiwf_atlas","source_content","","","2026-05-21T07:12:10.0000000Z"
"AIWF_Atlas_VOL1_machine_facing_v3_3_api_cli_guide/03_SOURCE_CONTENT/B_RAW_PROVENANCE_ARCHIVES/AIWF_Vol2_Training_The_Fear_RAG_v0_17_DATA_CENTRIC_ML/aiwf_vol2_training_the_fear_rag_v0_17/01_research_cards/120_mlops_reproducibility_deployment_monitoring.md","120_mlops_reproducibility_deployment_monitoring.md",".md","1043","aiwf_atlas","source_content","","","2026-05-21T07:12:10.0000000Z"
"AIWF_Atlas_VOL1_machine_facing_v3_3_api_cli_guide/03_SOURCE_CONTENT/B_RAW_PROVENANCE_ARCHIVES/AIWF_Vol2_Training_The_Fear_RAG_v0_17_DATA_CENTRIC_ML/aiwf_vol2_training_the_fear_rag_v0_17/01_research_cards/121_pass_11_ml_foundations_index.md","121_pass_11_ml_foundations_index.md",".md","2863","aiwf_atlas","source_content","","","2026-05-21T07:12:10.0000000Z"
"AIWF_Atlas_VOL1_machine_facing_v3_3_api_cli_guide/03_SOURCE_CONTENT/B_RAW_PROVENANCE_ARCHIVES/AIWF_Vol2_Training_The_Fear_RAG_v0_17_DATA_CENTRIC_ML/aiwf_vol2_training_the_fear_rag_v0_17/01_research_cards/122_learning_problem_formal_frame.md","122_learning_problem_formal_frame.md",".md","3213","aiwf_atlas","source_content","","","2026-05-21T07:12:10.0000000Z"
"AIWF_Atlas_VOL1_machine_facing_v3_3_api_cli_guide/03_SOURCE_CONTENT/B_RAW_PROVENANCE_ARCHIVES/AIWF_Vol2_Training_The_Fear_RAG_v0_17_DATA_CENTRIC_ML/aiwf_vol2_training_the_fear_rag_v0_17/01_research_cards/123_no_free_lunch_inductive_bias.md","123_no_free_lunch_inductive_bias.md",".md","2771","aiwf_atlas","source_content","","","2026-05-21T07:12:10.0000000Z"
"AIWF_Atlas_VOL1_machine_facing_v3_3_api_cli_guide/03_SOURCE_CONTENT/B_RAW_PROVENANCE_ARCHIVES/AIWF_Vol2_Training_The_Fear_RAG_v0_17_DATA_CENTRIC_ML/aiwf_vol2_training_the_fear_rag_v0_17/01_research_cards/124_data_representation_feature_engineering.md","124_data_representation_feature_engineering.md",".md","2837","aiwf_atlas","source_content","","","2026-05-21T07:12:10.0000000Z"
"AIWF_Atlas_VOL1_machine_facing_v3_3_api_cli_guide/03_SOURCE_CONTENT/B_RAW_PROVENANCE_ARCHIVES/AIWF_Vol2_Training_The_Fear_RAG_v0_17_DATA_CENTRIC_ML/aiwf_vol2_training_the_fear_rag_v0_17/01_research_cards/125_splits_cross_validation_leakage.md","125_splits_cross_validation_leakage.md",".md","2886","aiwf_atlas","source_content","","","2026-05-21T07:12:10.0000000Z"
"AIWF_Atlas_VOL1_machine_facing_v3_3_api_cli_guide/03_SOURCE_CONTENT/B_RAW_PROVENANCE_ARCHIVES/AIWF_Vol2_Training_The_Fear_RAG_v0_17_DATA_CENTRIC_ML/aiwf_vol2_training_the_fear_rag_v0_17/01_research_cards/126_baselines_ablations_error_analysis.md","126_baselines_ablations_error_analysis.md",".md","2441","aiwf_atlas","source_content","","","2026-05-21T07:12:10.0000000Z"
"AIWF_Atlas_VOL1_machine_facing_v3_3_api_cli_guide/03_SOURCE_CONTENT/B_RAW_PROVENANCE_ARCHIVES/AIWF_Vol2_Training_The_Fear_RAG_v0_17_DATA_CENTRIC_ML/aiwf_vol2_training_the_fear_rag_v0_17/01_research_cards/127_regression_losses_objectives.md","127_regression_losses_objectives.md",".md","2687","aiwf_atlas","source_content","","","2026-05-21T07:12:10.0000000Z"
"AIWF_Atlas_VOL1_machine_facing_v3_3_api_cli_guide/03_SOURCE_CONTENT/B_RAW_PROVENANCE_ARCHIVES/AIWF_Vol2_Training_The_Fear_RAG_v0_17_DATA_CENTRIC_ML/aiwf_vol2_training_the_fear_rag_v0_17/01_research_cards/128_classification_losses_metrics_thresholds.md","128_classification_losses_metrics_thresholds.md",".md","2628","aiwf_atlas","source_content","","","2026-05-21T07:12:10.0000000Z"
"AIWF_Atlas_VOL1_machine_facing_v3_3_api_cli_guide/03_SOURCE_CONTENT/B_RAW_PROVENANCE_ARCHIVES/AIWF_Vol2_Training_The_Fear_RAG_v0_17_DATA_CENTRIC_ML/aiwf_vol2_training_the_fear_rag_v0_17/01_research_cards/129_calibration_uncertainty_confidence.md","129_calibration_uncertainty_confidence.md",".md","2534","aiwf_atlas","source_content","","","2026-05-21T07:12:10.0000000Z"
"AIWF_Atlas_VOL1_machine_facing_v3_3_api_cli_guide/03_SOURCE_CONTENT/B_RAW_PROVENANCE_ARCHIVES/AIWF_Vol2_Training_The_Fear_RAG_v0_17_DATA_CENTRIC_ML/aiwf_vol2_training_the_fear_rag_v0_17/01_research_cards/130_imbalanced_data_sampling_cost_sensitive.md","130_imbalanced_data_sampling_cost_sensitive.md",".md","2538","aiwf_atlas","source_content","","","2026-05-21T07:12:10.0000000Z"
"AIWF_Atlas_VOL1_machine_facing_v3_3_api_cli_guide/03_SOURCE_CONTENT/B_RAW_PROVENANCE_ARCHIVES/AIWF_Vol2_Training_The_Fear_RAG_v0_17_DATA_CENTRIC_ML/aiwf_vol2_training_the_fear_rag_v0_17/01_research_cards/131_regularized_linear_logistic_models.md","131_regularized_linear_logistic_models.md",".md","2338","aiwf_atlas","source_content","","","2026-05-21T07:12:10.0000000Z"
"AIWF_Atlas_VOL1_machine_facing_v3_3_api_cli_guide/03_SOURCE_CONTENT/B_RAW_PROVENANCE_ARCHIVES/AIWF_Vol2_Training_The_Fear_RAG_v0_17_DATA_CENTRIC_ML/aiwf_vol2_training_the_fear_rag_v0_17/01_research_cards/132_knn_distance_curse_dimensionality.md","132_knn_distance_curse_dimensionality.md",".md","2509","aiwf_atlas","source_content","","","2026-05-21T07:12:10.0000000Z"
"AIWF_Atlas_VOL1_machine_facing_v3_3_api_cli_guide/03_SOURCE_CONTENT/B_RAW_PROVENANCE_ARCHIVES/AIWF_Vol2_Training_The_Fear_RAG_v0_17_DATA_CENTRIC_ML/aiwf_vol2_training_the_fear_rag_v0_17/01_research_cards/133_trees_forests_gradient_boosting.md","133_trees_forests_gradient_boosting.md",".md","2538","aiwf_atlas","source_content","","","2026-05-21T07:12:10.0000000Z"
"AIWF_Atlas_VOL1_machine_facing_v3_3_api_cli_guide/03_SOURCE_CONTENT/B_RAW_PROVENANCE_ARCHIVES/AIWF_Vol2_Training_The_Fear_RAG_v0_17_DATA_CENTRIC_ML/aiwf_vol2_training_the_fear_rag_v0_17/01_research_cards/134_clustering_pca_dimensionality_reduction.md","134_clustering_pca_dimensionality_reduction.md",".md","2499","aiwf_atlas","source_content","","","2026-05-21T07:12:10.0000000Z"
"AIWF_Atlas_VOL1_machine_facing_v3_3_api_cli_guide/03_SOURCE_CONTENT/B_RAW_PROVENANCE_ARCHIVES/AIWF_Vol2_Training_The_Fear_RAG_v0_17_DATA_CENTRIC_ML/aiwf_vol2_training_the_fear_rag_v0_17/01_research_cards/135_kernels_svm_similarity_features.md","135_kernels_svm_similarity_features.md",".md","2358","aiwf_atlas","source_content","","","2026-05-21T07:12:10.0000000Z"
"AIWF_Atlas_VOL1_machine_facing_v3_3_api_cli_guide/03_SOURCE_CONTENT/B_RAW_PROVENANCE_ARCHIVES/AIWF_Vol2_Training_The_Fear_RAG_v0_17_DATA_CENTRIC_ML/aiwf_vol2_training_the_fear_rag_v0_17/01_research_cards/136_hyperparameter_search_early_stopping.md","136_hyperparameter_search_early_stopping.md",".md","2504","aiwf_atlas","source_content","","","2026-05-21T07:12:10.0000000Z"
"AIWF_Atlas_VOL1_machine_facing_v3_3_api_cli_guide/03_SOURCE_CONTENT/B_RAW_PROVENANCE_ARCHIVES/AIWF_Vol2_Training_The_Fear_RAG_v0_17_DATA_CENTRIC_ML/aiwf_vol2_training_the_fear_rag_v0_17/01_research_cards/137_sgd_momentum_adamw_optimization_dynamics.md","137_sgd_momentum_adamw_optimization_dynamics.md",".md","2611","aiwf_atlas","source_content","","","2026-05-21T07:12:10.0000000Z"
"AIWF_Atlas_VOL1_machine_facing_v3_3_api_cli_guide/03_SOURCE_CONTENT/B_RAW_PROVENANCE_ARCHIVES/AIWF_Vol2_Training_The_Fear_RAG_v0_17_DATA_CENTRIC_ML/aiwf_vol2_training_the_fear_rag_v0_17/01_research_cards/138_scaling_compute_data_model_size.md","138_scaling_compute_data_model_size.md",".md","2449","aiwf_atlas","source_content","","","2026-05-21T07:12:10.0000000Z"
"AIWF_Atlas_VOL1_machine_facing_v3_3_api_cli_guide/03_SOURCE_CONTENT/B_RAW_PROVENANCE_ARCHIVES/AIWF_Vol2_Training_The_Fear_RAG_v0_17_DATA_CENTRIC_ML/aiwf_vol2_training_the_fear_rag_v0_17/01_research_cards/139_learning_curves_debugging_training_runs.md","139_learning_curves_debugging_training_runs.md",".md","2487","aiwf_atlas","source_content","","","2026-05-21T07:12:10.0000000Z"
"AIWF_Atlas_VOL1_machine_facing_v3_3_api_cli_guide/03_SOURCE_CONTENT/B_RAW_PROVENANCE_ARCHIVES/AIWF_Vol2_Training_The_Fear_RAG_v0_17_DATA_CENTRIC_ML/aiwf_vol2_training_the_fear_rag_v0_17/01_research_cards/140_reproducibility_seeds_determinism_run_packs.md","140_reproducibility_seeds_determinism_run_packs.md",".md","2433","aiwf_atlas","source_content","","","2026-05-21T07:12:10.0000000Z"
"AIWF_Atlas_VOL1_machine_facing_v3_3_api_cli_guide/03_SOURCE_CONTENT/B_RAW_PROVENANCE_ARCHIVES/AIWF_Vol2_Training_The_Fear_RAG_v0_17_DATA_CENTRIC_ML/aiwf_vol2_training_the_fear_rag_v0_17/01_research_cards/141_fairness_validity_responsible_ml_foundations.md","141_fairness_validity_responsible_ml_foundations.md",".md","2391","aiwf_atlas","source_content","","","2026-05-21T07:12:10.0000000Z"
"AIWF_Atlas_VOL1_machine_facing_v3_3_api_cli_guide/03_SOURCE_CONTENT/B_RAW_PROVENANCE_ARCHIVES/AIWF_Vol2_Training_The_Fear_RAG_v0_17_DATA_CENTRIC_ML/aiwf_vol2_training_the_fear_rag_v0_17/01_research_cards/142_mapping_foundations_to_lora_training.md","142_mapping_foundations_to_lora_training.md",".md","2541","aiwf_atlas","source_content","","","2026-05-21T07:12:10.0000000Z"
"AIWF_Atlas_VOL1_machine_facing_v3_3_api_cli_guide/03_SOURCE_CONTENT/B_RAW_PROVENANCE_ARCHIVES/AIWF_Vol2_Training_The_Fear_RAG_v0_17_DATA_CENTRIC_ML/aiwf_vol2_training_the_fear_rag_v0_17/01_research_cards/143_mapping_foundations_to_chatbot_training.md","143_mapping_foundations_to_chatbot_training.md",".md","2552","aiwf_atlas","source_content","","","2026-05-21T07:12:10.0000000Z"
"AIWF_Atlas_VOL1_machine_facing_v3_3_api_cli_guide/03_SOURCE_CONTENT/B_RAW_PROVENANCE_ARCHIVES/AIWF_Vol2_Training_The_Fear_RAG_v0_17_DATA_CENTRIC_ML/aiwf_vol2_training_the_fear_rag_v0_17/01_research_cards/144_mapping_foundations_to_rag_training.md","144_mapping_foundations_to_rag_training.md",".md","2428","aiwf_atlas","source_content","","","2026-05-21T07:12:10.0000000Z"
"AIWF_Atlas_VOL1_machine_facing_v3_3_api_cli_guide/03_SOURCE_CONTENT/B_RAW_PROVENANCE_ARCHIVES/AIWF_Vol2_Training_The_Fear_RAG_v0_17_DATA_CENTRIC_ML/aiwf_vol2_training_the_fear_rag_v0_17/01_research_cards/145_mapping_foundations_to_release_gates.md","145_mapping_foundations_to_release_gates.md",".md","2204","aiwf_atlas","source_content","","","2026-05-21T07:12:10.0000000Z"
"AIWF_Atlas_VOL1_machine_facing_v3_3_api_cli_guide/03_SOURCE_CONTENT/B_RAW_PROVENANCE_ARCHIVES/AIWF_Vol2_Training_The_Fear_RAG_v0_17_DATA_CENTRIC_ML/aiwf_vol2_training_the_fear_rag_v0_17/01_research_cards/146_empirical_risk_minimization.md","146_empirical_risk_minimization.md",".md","1562","aiwf_atlas","source_content","","","2026-05-21T07:12:10.0000000Z"
"AIWF_Atlas_VOL1_machine_facing_v3_3_api_cli_guide/03_SOURCE_CONTENT/B_RAW_PROVENANCE_ARCHIVES/AIWF_Vol2_Training_The_Fear_RAG_v0_17_DATA_CENTRIC_ML/aiwf_vol2_training_the_fear_rag_v0_17/01_research_cards/147_population_risk_vs_sample_risk.md","147_population_risk_vs_sample_risk.md",".md","1283","aiwf_atlas","source_content","","","2026-05-21T07:12:10.0000000Z"
"AIWF_Atlas_VOL1_machine_facing_v3_3_api_cli_guide/03_SOURCE_CONTENT/B_RAW_PROVENANCE_ARCHIVES/AIWF_Vol2_Training_The_Fear_RAG_v0_17_DATA_CENTRIC_ML/aiwf_vol2_training_the_fear_rag_v0_17/01_research_cards/148_bias_variance_decomposition.md","148_bias_variance_decomposition.md",".md","1364","aiwf_atlas","source_content","","","2026-05-21T07:12:10.0000000Z"
"AIWF_Atlas_VOL1_machine_facing_v3_3_api_cli_guide/03_SOURCE_CONTENT/B_RAW_PROVENANCE_ARCHIVES/AIWF_Vol2_Training_The_Fear_RAG_v0_17_DATA_CENTRIC_ML/aiwf_vol2_training_the_fear_rag_v0_17/01_research_cards/149_approximation_estimation_optimization_error.md","149_approximation_estimation_optimization_error.md",".md","1404","aiwf_atlas","source_content","","","2026-05-21T07:12:10.0000000Z"
"AIWF_Atlas_VOL1_machine_facing_v3_3_api_cli_guide/03_SOURCE_CONTENT/B_RAW_PROVENANCE_ARCHIVES/AIWF_Vol2_Training_The_Fear_RAG_v0_17_DATA_CENTRIC_ML/aiwf_vol2_training_the_fear_rag_v0_17/01_research_cards/150_model_capacity_and_vc_dimension.md","150_model_capacity_and_vc_dimension.md",".md","1408","aiwf_atlas","source_content","","","2026-05-21T07:12:10.0000000Z"
"AIWF_Atlas_VOL1_machine_facing_v3_3_api_cli_guide/03_SOURCE_CONTENT/B_RAW_PROVENANCE_ARCHIVES/AIWF_Vol2_Training_The_Fear_RAG_v0_17_DATA_CENTRIC_ML/aiwf_vol2_training_the_fear_rag_v0_17/01_research_cards/151_pac_learning_and_sample_complexity.md","151_pac_learning_and_sample_complexity.md",".md","1454","aiwf_atlas","source_content","","","2026-05-21T07:12:10.0000000Z"
"AIWF_Atlas_VOL1_machine_facing_v3_3_api_cli_guide/03_SOURCE_CONTENT/B_RAW_PROVENANCE_ARCHIVES/AIWF_Vol2_Training_The_Fear_RAG_v0_17_DATA_CENTRIC_ML/aiwf_vol2_training_the_fear_rag_v0_17/01_research_cards/152_uniform_convergence.md","152_uniform_convergence.md",".md","1338","aiwf_atlas","source_content","","","2026-05-21T07:12:10.0000000Z"
"AIWF_Atlas_VOL1_machine_facing_v3_3_api_cli_guide/03_SOURCE_CONTENT/B_RAW_PROVENANCE_ARCHIVES/AIWF_Vol2_Training_The_Fear_RAG_v0_17_DATA_CENTRIC_ML/aiwf_vol2_training_the_fear_rag_v0_17/01_research_cards/153_rademacher_complexity_margin_intuition.md","153_rademacher_complexity_margin_intuition.md",".md","1412","aiwf_atlas","source_content","","","2026-05-21T07:12:10.0000000Z"
"AIWF_Atlas_VOL1_machine_facing_v3_3_api_cli_guide/03_SOURCE_CONTENT/B_RAW_PROVENANCE_ARCHIVES/AIWF_Vol2_Training_The_Fear_RAG_v0_17_DATA_CENTRIC_ML/aiwf_vol2_training_the_fear_rag_v0_17/01_research_cards/154_regularization_toolbox.md","154_regularization_toolbox.md",".md","1313","aiwf_atlas","source_content","","","2026-05-21T07:12:10.0000000Z"
"AIWF_Atlas_VOL1_machine_facing_v3_3_api_cli_guide/03_SOURCE_CONTENT/B_RAW_PROVENANCE_ARCHIVES/AIWF_Vol2_Training_The_Fear_RAG_v0_17_DATA_CENTRIC_ML/aiwf_vol2_training_the_fear_rag_v0_17/01_research_cards/155_cross_validation_and_nested_cv.md","155_cross_validation_and_nested_cv.md",".md","1319","aiwf_atlas","source_content","","","2026-05-21T07:12:10.0000000Z"
"AIWF_Atlas_VOL1_machine_facing_v3_3_api_cli_guide/03_SOURCE_CONTENT/B_RAW_PROVENANCE_ARCHIVES/AIWF_Vol2_Training_The_Fear_RAG_v0_17_DATA_CENTRIC_ML/aiwf_vol2_training_the_fear_rag_v0_17/01_research_cards/156_bootstrap_uncertainty_confidence_intervals.md","156_bootstrap_uncertainty_confidence_intervals.md",".md","1238","aiwf_atlas","source_content","","","2026-05-21T07:12:10.0000000Z"
"AIWF_Atlas_VOL1_machine_facing_v3_3_api_cli_guide/03_SOURCE_CONTENT/B_RAW_PROVENANCE_ARCHIVES/AIWF_Vol2_Training_The_Fear_RAG_v0_17_DATA_CENTRIC_ML/aiwf_vol2_training_the_fear_rag_v0_17/01_research_cards/157_calibration_and_probability_quality.md","157_calibration_and_probability_quality.md",".md","1303","aiwf_atlas","source_content","","","2026-05-21T07:12:10.0000000Z"
"AIWF_Atlas_VOL1_machine_facing_v3_3_api_cli_guide/03_SOURCE_CONTENT/B_RAW_PROVENANCE_ARCHIVES/AIWF_Vol2_Training_The_Fear_RAG_v0_17_DATA_CENTRIC_ML/aiwf_vol2_training_the_fear_rag_v0_17/01_research_cards/158_conformal_prediction.md","158_conformal_prediction.md",".md","1277","aiwf_atlas","source_content","","","2026-05-21T07:12:10.0000000Z"
"AIWF_Atlas_VOL1_machine_facing_v3_3_api_cli_guide/03_SOURCE_CONTENT/B_RAW_PROVENANCE_ARCHIVES/AIWF_Vol2_Training_The_Fear_RAG_v0_17_DATA_CENTRIC_ML/aiwf_vol2_training_the_fear_rag_v0_17/01_research_cards/159_proper_scoring_rules.md","159_proper_scoring_rules.md",".md","1353","aiwf_atlas","source_content","","","2026-05-21T07:12:10.0000000Z"
"AIWF_Atlas_VOL1_machine_facing_v3_3_api_cli_guide/03_SOURCE_CONTENT/B_RAW_PROVENANCE_ARCHIVES/AIWF_Vol2_Training_The_Fear_RAG_v0_17_DATA_CENTRIC_ML/aiwf_vol2_training_the_fear_rag_v0_17/01_research_cards/160_hypothesis_testing_for_model_comparison.md","160_hypothesis_testing_for_model_comparison.md",".md","1254","aiwf_atlas","source_content","","","2026-05-21T07:12:10.0000000Z"
"AIWF_Atlas_VOL1_machine_facing_v3_3_api_cli_guide/03_SOURCE_CONTENT/B_RAW_PROVENANCE_ARCHIVES/AIWF_Vol2_Training_The_Fear_RAG_v0_17_DATA_CENTRIC_ML/aiwf_vol2_training_the_fear_rag_v0_17/01_research_cards/161_class_imbalance_and_decision_thresholds.md","161_class_imbalance_and_decision_thresholds.md",".md","1340","aiwf_atlas","source_content","","","2026-05-21T07:12:10.0000000Z"
"AIWF_Atlas_VOL1_machine_facing_v3_3_api_cli_guide/03_SOURCE_CONTENT/B_RAW_PROVENANCE_ARCHIVES/AIWF_Vol2_Training_The_Fear_RAG_v0_17_DATA_CENTRIC_ML/aiwf_vol2_training_the_fear_rag_v0_17/01_research_cards/162_double_descent_and_interpolation.md","162_double_descent_and_interpolation.md",".md","1474","aiwf_atlas","source_content","","","2026-05-21T07:12:10.0000000Z"
"AIWF_Atlas_VOL1_machine_facing_v3_3_api_cli_guide/03_SOURCE_CONTENT/B_RAW_PROVENANCE_ARCHIVES/AIWF_Vol2_Training_The_Fear_RAG_v0_17_DATA_CENTRIC_ML/aiwf_vol2_training_the_fear_rag_v0_17/01_research_cards/163_scaling_laws_and_compute_optimality.md","163_scaling_laws_and_compute_optimality.md",".md","1482","aiwf_atlas","source_content","","","2026-05-21T07:12:10.0000000Z"
"AIWF_Atlas_VOL1_machine_facing_v3_3_api_cli_guide/03_SOURCE_CONTENT/B_RAW_PROVENANCE_ARCHIVES/AIWF_Vol2_Training_The_Fear_RAG_v0_17_DATA_CENTRIC_ML/aiwf_vol2_training_the_fear_rag_v0_17/01_research_cards/164_data_quality_vs_quantity.md","164_data_quality_vs_quantity.md",".md","1302","aiwf_atlas","source_content","","","2026-05-21T07:12:10.0000000Z"
"AIWF_Atlas_VOL1_machine_facing_v3_3_api_cli_guide/03_SOURCE_CONTENT/B_RAW_PROVENANCE_ARCHIVES/AIWF_Vol2_Training_The_Fear_RAG_v0_17_DATA_CENTRIC_ML/aiwf_vol2_training_the_fear_rag_v0_17/01_research_cards/165_domain_shift_and_ood_failure.md","165_domain_shift_and_ood_failure.md",".md","1242","aiwf_atlas","source_content","","","2026-05-21T07:12:10.0000000Z"
"AIWF_Atlas_VOL1_machine_facing_v3_3_api_cli_guide/03_SOURCE_CONTENT/B_RAW_PROVENANCE_ARCHIVES/AIWF_Vol2_Training_The_Fear_RAG_v0_17_DATA_CENTRIC_ML/aiwf_vol2_training_the_fear_rag_v0_17/01_research_cards/166_label_noise_and_robustness.md","166_label_noise_and_robustness.md",".md","1264","aiwf_atlas","source_content","","","2026-05-21T07:12:10.0000000Z"
"AIWF_Atlas_VOL1_machine_facing_v3_3_api_cli_guide/03_SOURCE_CONTENT/B_RAW_PROVENANCE_ARCHIVES/AIWF_Vol2_Training_The_Fear_RAG_v0_17_DATA_CENTRIC_ML/aiwf_vol2_training_the_fear_rag_v0_17/01_research_cards/167_active_learning_and_data_selection.md","167_active_learning_and_data_selection.md",".md","1259","aiwf_atlas","source_content","","","2026-05-21T07:12:10.0000000Z"
"AIWF_Atlas_VOL1_machine_facing_v3_3_api_cli_guide/03_SOURCE_CONTENT/B_RAW_PROVENANCE_ARCHIVES/AIWF_Vol2_Training_The_Fear_RAG_v0_17_DATA_CENTRIC_ML/aiwf_vol2_training_the_fear_rag_v0_17/01_research_cards/168_semi_supervised_and_self_supervised_learning.md","168_semi_supervised_and_self_supervised_learning.md",".md","1395","aiwf_atlas","source_content","","","2026-05-21T07:12:10.0000000Z"
"AIWF_Atlas_VOL1_machine_facing_v3_3_api_cli_guide/03_SOURCE_CONTENT/B_RAW_PROVENANCE_ARCHIVES/AIWF_Vol2_Training_The_Fear_RAG_v0_17_DATA_CENTRIC_ML/aiwf_vol2_training_the_fear_rag_v0_17/01_research_cards/169_causality_vs_correlation.md","169_causality_vs_correlation.md",".md","1299","aiwf_atlas","source_content","","","2026-05-21T07:12:10.0000000Z"
"AIWF_Atlas_VOL1_machine_facing_v3_3_api_cli_guide/03_SOURCE_CONTENT/B_RAW_PROVENANCE_ARCHIVES/AIWF_Vol2_Training_The_Fear_RAG_v0_17_DATA_CENTRIC_ML/aiwf_vol2_training_the_fear_rag_v0_17/01_research_cards/170_experimental_design_and_ablation.md","170_experimental_design_and_ablation.md",".md","1300","aiwf_atlas","source_content","","","2026-05-21T07:12:10.0000000Z"
"AIWF_Atlas_VOL1_machine_facing_v3_3_api_cli_guide/03_SOURCE_CONTENT/B_RAW_PROVENANCE_ARCHIVES/AIWF_Vol2_Training_The_Fear_RAG_v0_17_DATA_CENTRIC_ML/aiwf_vol2_training_the_fear_rag_v0_17/01_research_cards/171_statistical_learning_release_memo.md","171_statistical_learning_release_memo.md",".md","1331","aiwf_atlas","source_content","","","2026-05-21T07:12:10.0000000Z"
"AIWF_Atlas_VOL1_machine_facing_v3_3_api_cli_guide/03_SOURCE_CONTENT/B_RAW_PROVENANCE_ARCHIVES/AIWF_Vol2_Training_The_Fear_RAG_v0_17_DATA_CENTRIC_ML/aiwf_vol2_training_the_fear_rag_v0_17/01_research_cards/172_vol1_brand_philosophy_bridge.md","172_vol1_brand_philosophy_bridge.md",".md","926","aiwf_atlas","source_content","","","2026-05-21T07:12:10.0000000Z"
"AIWF_Atlas_VOL1_machine_facing_v3_3_api_cli_guide/03_SOURCE_CONTENT/B_RAW_PROVENANCE_ARCHIVES/AIWF_Vol2_Training_The_Fear_RAG_v0_17_DATA_CENTRIC_ML/aiwf_vol2_training_the_fear_rag_v0_17/01_research_cards/173_vol1_tone_and_voice_model.md","173_vol1_tone_and_voice_model.md",".md","804","aiwf_atlas","source_content","","","2026-05-21T07:12:10.0000000Z"
"AIWF_Atlas_VOL1_machine_facing_v3_3_api_cli_guide/03_SOURCE_CONTENT/B_RAW_PROVENANCE_ARCHIVES/AIWF_Vol2_Training_The_Fear_RAG_v0_17_DATA_CENTRIC_ML/aiwf_vol2_training_the_fear_rag_v0_17/01_research_cards/174_vol1_visual_system_model.md","174_vol1_visual_system_model.md",".md","813","aiwf_atlas","source_content","","","2026-05-21T07:12:10.0000000Z"
"AIWF_Atlas_VOL1_machine_facing_v3_3_api_cli_guide/03_SOURCE_CONTENT/B_RAW_PROVENANCE_ARCHIVES/AIWF_Vol2_Training_The_Fear_RAG_v0_17_DATA_CENTRIC_ML/aiwf_vol2_training_the_fear_rag_v0_17/01_research_cards/175_vol1_pedagogy_pattern.md","175_vol1_pedagogy_pattern.md",".md","778","aiwf_atlas","source_content","","","2026-05-21T07:12:10.0000000Z"
"AIWF_Atlas_VOL1_machine_facing_v3_3_api_cli_guide/03_SOURCE_CONTENT/B_RAW_PROVENANCE_ARCHIVES/AIWF_Vol2_Training_The_Fear_RAG_v0_17_DATA_CENTRIC_ML/aiwf_vol2_training_the_fear_rag_v0_17/01_research_cards/176_vol1_field_manual_structure.md","176_vol1_field_manual_structure.md",".md","746","aiwf_atlas","source_content","","","2026-05-21T07:12:10.0000000Z"
"AIWF_Atlas_VOL1_machine_facing_v3_3_api_cli_guide/03_SOURCE_CONTENT/B_RAW_PROVENANCE_ARCHIVES/AIWF_Vol2_Training_The_Fear_RAG_v0_17_DATA_CENTRIC_ML/aiwf_vol2_training_the_fear_rag_v0_17/01_research_cards/177_vol1_honesty_and_qa_discipline.md","177_vol1_honesty_and_qa_discipline.md",".md","789","aiwf_atlas","source_content","","","2026-05-21T07:12:10.0000000Z"
"AIWF_Atlas_VOL1_machine_facing_v3_3_api_cli_guide/03_SOURCE_CONTENT/B_RAW_PROVENANCE_ARCHIVES/AIWF_Vol2_Training_The_Fear_RAG_v0_17_DATA_CENTRIC_ML/aiwf_vol2_training_the_fear_rag_v0_17/01_research_cards/178_vol1_workflow_to_training_run_pack.md","178_vol1_workflow_to_training_run_pack.md",".md","814","aiwf_atlas","source_content","","","2026-05-21T07:12:10.0000000Z"
"AIWF_Atlas_VOL1_machine_facing_v3_3_api_cli_guide/03_SOURCE_CONTENT/B_RAW_PROVENANCE_ARCHIVES/AIWF_Vol2_Training_The_Fear_RAG_v0_17_DATA_CENTRIC_ML/aiwf_vol2_training_the_fear_rag_v0_17/01_research_cards/179_vol1_practice_ladder_to_college_postgrad.md","179_vol1_practice_ladder_to_college_postgrad.md",".md","765","aiwf_atlas","source_content","","","2026-05-21T07:12:10.0000000Z"
"AIWF_Atlas_VOL1_machine_facing_v3_3_api_cli_guide/03_SOURCE_CONTENT/B_RAW_PROVENANCE_ARCHIVES/AIWF_Vol2_Training_The_Fear_RAG_v0_17_DATA_CENTRIC_ML/aiwf_vol2_training_the_fear_rag_v0_17/01_research_cards/180_vol1_agents_safety_to_training_governance.md","180_vol1_agents_safety_to_training_governance.md",".md","823","aiwf_atlas","source_content","","","2026-05-21T07:12:10.0000000Z"
"AIWF_Atlas_VOL1_machine_facing_v3_3_api_cli_guide/03_SOURCE_CONTENT/B_RAW_PROVENANCE_ARCHIVES/AIWF_Vol2_Training_The_Fear_RAG_v0_17_DATA_CENTRIC_ML/aiwf_vol2_training_the_fear_rag_v0_17/01_research_cards/181_vol1_mad_scientist_branch_to_research_culture.md","181_vol1_mad_scientist_branch_to_research_culture.md",".md","846","aiwf_atlas","source_content","","","2026-05-21T07:12:10.0000000Z"
"AIWF_Atlas_VOL1_machine_facing_v3_3_api_cli_guide/03_SOURCE_CONTENT/B_RAW_PROVENANCE_ARCHIVES/AIWF_Vol2_Training_The_Fear_RAG_v0_17_DATA_CENTRIC_ML/aiwf_vol2_training_the_fear_rag_v0_17/01_research_cards/182_optimization_is_navigation_not_magic.md","182_optimization_is_navigation_not_magic.md",".md","1817","aiwf_atlas","source_content","","","2026-05-21T07:12:10.0000000Z"
"AIWF_Atlas_VOL1_machine_facing_v3_3_api_cli_guide/03_SOURCE_CONTENT/B_RAW_PROVENANCE_ARCHIVES/AIWF_Vol2_Training_The_Fear_RAG_v0_17_DATA_CENTRIC_ML/aiwf_vol2_training_the_fear_rag_v0_17/01_research_cards/183_gradient_descent_sgd_and_minibatch_noise.md","183_gradient_descent_sgd_and_minibatch_noise.md",".md","1769","aiwf_atlas","source_content","","","2026-05-21T07:12:10.0000000Z"
"AIWF_Atlas_VOL1_machine_facing_v3_3_api_cli_guide/03_SOURCE_CONTENT/B_RAW_PROVENANCE_ARCHIVES/AIWF_Vol2_Training_The_Fear_RAG_v0_17_DATA_CENTRIC_ML/aiwf_vol2_training_the_fear_rag_v0_17/01_research_cards/184_momentum_and_nesterov_momentum.md","184_momentum_and_nesterov_momentum.md",".md","1338","aiwf_atlas","source_content","","","2026-05-21T07:12:10.0000000Z"
"AIWF_Atlas_VOL1_machine_facing_v3_3_api_cli_guide/03_SOURCE_CONTENT/B_RAW_PROVENANCE_ARCHIVES/AIWF_Vol2_Training_The_Fear_RAG_v0_17_DATA_CENTRIC_ML/aiwf_vol2_training_the_fear_rag_v0_17/01_research_cards/185_adam_adamw_and_adaptive_optimizers.md","185_adam_adamw_and_adaptive_optimizers.md",".md","1770","aiwf_atlas","source_content","","","2026-05-21T07:12:10.0000000Z"
"AIWF_Atlas_VOL1_machine_facing_v3_3_api_cli_guide/03_SOURCE_CONTENT/B_RAW_PROVENANCE_ARCHIVES/AIWF_Vol2_Training_The_Fear_RAG_v0_17_DATA_CENTRIC_ML/aiwf_vol2_training_the_fear_rag_v0_17/01_research_cards/186_learning_rate_is_the_primary_training_control.md","186_learning_rate_is_the_primary_training_control.md",".md","1515","aiwf_atlas","source_content","","","2026-05-21T07:12:10.0000000Z"
"AIWF_Atlas_VOL1_machine_facing_v3_3_api_cli_guide/03_SOURCE_CONTENT/B_RAW_PROVENANCE_ARCHIVES/AIWF_Vol2_Training_The_Fear_RAG_v0_17_DATA_CENTRIC_ML/aiwf_vol2_training_the_fear_rag_v0_17/01_research_cards/187_warmup_cosine_constant_and_scheduler_choice.md","187_warmup_cosine_constant_and_scheduler_choice.md",".md","1464","aiwf_atlas","source_content","","","2026-05-21T07:12:10.0000000Z"
"AIWF_Atlas_VOL1_machine_facing_v3_3_api_cli_guide/03_SOURCE_CONTENT/B_RAW_PROVENANCE_ARCHIVES/AIWF_Vol2_Training_The_Fear_RAG_v0_17_DATA_CENTRIC_ML/aiwf_vol2_training_the_fear_rag_v0_17/01_research_cards/188_weight_decay_l2_and_regularization_in_deep_nets.md","188_weight_decay_l2_and_regularization_in_deep_nets.md",".md","1512","aiwf_atlas","source_content","","","2026-05-21T07:12:10.0000000Z"
"AIWF_Atlas_VOL1_machine_facing_v3_3_api_cli_guide/03_SOURCE_CONTENT/B_RAW_PROVENANCE_ARCHIVES/AIWF_Vol2_Training_The_Fear_RAG_v0_17_DATA_CENTRIC_ML/aiwf_vol2_training_the_fear_rag_v0_17/01_research_cards/189_effective_batch_gradient_accumulation_and_noise_scale.md","189_effective_batch_gradient_accumulation_and_noise_scale.md",".md","1562","aiwf_atlas","source_content","","","2026-05-21T07:12:10.0000000Z"
"AIWF_Atlas_VOL1_machine_facing_v3_3_api_cli_guide/03_SOURCE_CONTENT/B_RAW_PROVENANCE_ARCHIVES/AIWF_Vol2_Training_The_Fear_RAG_v0_17_DATA_CENTRIC_ML/aiwf_vol2_training_the_fear_rag_v0_17/01_research_cards/190_gradient_clipping_and_exploding_updates.md","190_gradient_clipping_and_exploding_updates.md",".md","1272","aiwf_atlas","source_content","","","2026-05-21T07:12:10.0000000Z"
"AIWF_Atlas_VOL1_machine_facing_v3_3_api_cli_guide/03_SOURCE_CONTENT/B_RAW_PROVENANCE_ARCHIVES/AIWF_Vol2_Training_The_Fear_RAG_v0_17_DATA_CENTRIC_ML/aiwf_vol2_training_the_fear_rag_v0_17/01_research_cards/191_mixed_precision_fp32_fp16_bf16_tf32.md","191_mixed_precision_fp32_fp16_bf16_tf32.md",".md","1805","aiwf_atlas","source_content","","","2026-05-21T07:12:10.0000000Z"
"AIWF_Atlas_VOL1_machine_facing_v3_3_api_cli_guide/03_SOURCE_CONTENT/B_RAW_PROVENANCE_ARCHIVES/AIWF_Vol2_Training_The_Fear_RAG_v0_17_DATA_CENTRIC_ML/aiwf_vol2_training_the_fear_rag_v0_17/01_research_cards/192_gradient_checkpointing__activation_recomputation.md","192_gradient_checkpointing__activation_recomputation.md",".md","1559","aiwf_atlas","source_content","","","2026-05-21T07:12:10.0000000Z"
"AIWF_Atlas_VOL1_machine_facing_v3_3_api_cli_guide/03_SOURCE_CONTENT/B_RAW_PROVENANCE_ARCHIVES/AIWF_Vol2_Training_The_Fear_RAG_v0_17_DATA_CENTRIC_ML/aiwf_vol2_training_the_fear_rag_v0_17/01_research_cards/193_initialization_xavier_he_and_pretrained_starts.md","193_initialization_xavier_he_and_pretrained_starts.md",".md","1545","aiwf_atlas","source_content","","","2026-05-21T07:12:10.0000000Z"
"AIWF_Atlas_VOL1_machine_facing_v3_3_api_cli_guide/03_SOURCE_CONTENT/B_RAW_PROVENANCE_ARCHIVES/AIWF_Vol2_Training_The_Fear_RAG_v0_17_DATA_CENTRIC_ML/aiwf_vol2_training_the_fear_rag_v0_17/01_research_cards/194_activation_functions_and_saturation.md","194_activation_functions_and_saturation.md",".md","1309","aiwf_atlas","source_content","","","2026-05-21T07:12:10.0000000Z"
"AIWF_Atlas_VOL1_machine_facing_v3_3_api_cli_guide/03_SOURCE_CONTENT/B_RAW_PROVENANCE_ARCHIVES/AIWF_Vol2_Training_The_Fear_RAG_v0_17_DATA_CENTRIC_ML/aiwf_vol2_training_the_fear_rag_v0_17/01_research_cards/195_normalization_batchnorm_layernorm_rmsnorm_and_new_variants.md","195_normalization_batchnorm_layernorm_rmsnorm_and_new_variants.md",".md","1762","aiwf_atlas","source_content","","","2026-05-21T07:12:10.0000000Z"
"AIWF_Atlas_VOL1_machine_facing_v3_3_api_cli_guide/03_SOURCE_CONTENT/B_RAW_PROVENANCE_ARCHIVES/AIWF_Vol2_Training_The_Fear_RAG_v0_17_DATA_CENTRIC_ML/aiwf_vol2_training_the_fear_rag_v0_17/01_research_cards/196_residual_connections_and_gradient_highways.md","196_residual_connections_and_gradient_highways.md",".md","1359","aiwf_atlas","source_content","","","2026-05-21T07:12:10.0000000Z"
"AIWF_Atlas_VOL1_machine_facing_v3_3_api_cli_guide/03_SOURCE_CONTENT/B_RAW_PROVENANCE_ARCHIVES/AIWF_Vol2_Training_The_Fear_RAG_v0_17_DATA_CENTRIC_ML/aiwf_vol2_training_the_fear_rag_v0_17/01_research_cards/197_transformer_training_stability_prenorm_attention_and_context.md","197_transformer_training_stability_prenorm_attention_and_context.md",".md","1635","aiwf_atlas","source_content","","","2026-05-21T07:12:10.0000000Z"
"AIWF_Atlas_VOL1_machine_facing_v3_3_api_cli_guide/03_SOURCE_CONTENT/B_RAW_PROVENANCE_ARCHIVES/AIWF_Vol2_Training_The_Fear_RAG_v0_17_DATA_CENTRIC_ML/aiwf_vol2_training_the_fear_rag_v0_17/01_research_cards/198_diffusion_and_flow_training_dynamics.md","198_diffusion_and_flow_training_dynamics.md",".md","1570","aiwf_atlas","source_content","","","2026-05-21T07:12:10.0000000Z"
"AIWF_Atlas_VOL1_machine_facing_v3_3_api_cli_guide/03_SOURCE_CONTENT/B_RAW_PROVENANCE_ARCHIVES/AIWF_Vol2_Training_The_Fear_RAG_v0_17_DATA_CENTRIC_ML/aiwf_vol2_training_the_fear_rag_v0_17/01_research_cards/199_lora_optimization_dynamics.md","199_lora_optimization_dynamics.md",".md","1387","aiwf_atlas","source_content","","","2026-05-21T07:12:10.0000000Z"
"AIWF_Atlas_VOL1_machine_facing_v3_3_api_cli_guide/03_SOURCE_CONTENT/B_RAW_PROVENANCE_ARCHIVES/AIWF_Vol2_Training_The_Fear_RAG_v0_17_DATA_CENTRIC_ML/aiwf_vol2_training_the_fear_rag_v0_17/01_research_cards/200_reading_loss_curves_like_evidence.md","200_reading_loss_curves_like_evidence.md",".md","1407","aiwf_atlas","source_content","","","2026-05-21T07:12:10.0000000Z"
"AIWF_Atlas_VOL1_machine_facing_v3_3_api_cli_guide/03_SOURCE_CONTENT/B_RAW_PROVENANCE_ARCHIVES/AIWF_Vol2_Training_The_Fear_RAG_v0_17_DATA_CENTRIC_ML/aiwf_vol2_training_the_fear_rag_v0_17/01_research_cards/201_underfit_overfit_memorization_and_collapse.md","201_underfit_overfit_memorization_and_collapse.md",".md","1421","aiwf_atlas","source_content","","","2026-05-21T07:12:10.0000000Z"
"AIWF_Atlas_VOL1_machine_facing_v3_3_api_cli_guide/03_SOURCE_CONTENT/B_RAW_PROVENANCE_ARCHIVES/AIWF_Vol2_Training_The_Fear_RAG_v0_17_DATA_CENTRIC_ML/aiwf_vol2_training_the_fear_rag_v0_17/01_research_cards/202_vanishing_and_exploding_gradients.md","202_vanishing_and_exploding_gradients.md",".md","1381","aiwf_atlas","source_content","","","2026-05-21T07:12:10.0000000Z"
"AIWF_Atlas_VOL1_machine_facing_v3_3_api_cli_guide/03_SOURCE_CONTENT/B_RAW_PROVENANCE_ARCHIVES/AIWF_Vol2_Training_The_Fear_RAG_v0_17_DATA_CENTRIC_ML/aiwf_vol2_training_the_fear_rag_v0_17/01_research_cards/203_data_order_shuffling_curriculum_and_replay.md","203_data_order_shuffling_curriculum_and_replay.md",".md","1363","aiwf_atlas","source_content","","","2026-05-21T07:12:10.0000000Z"
"AIWF_Atlas_VOL1_machine_facing_v3_3_api_cli_guide/03_SOURCE_CONTENT/B_RAW_PROVENANCE_ARCHIVES/AIWF_Vol2_Training_The_Fear_RAG_v0_17_DATA_CENTRIC_ML/aiwf_vol2_training_the_fear_rag_v0_17/01_research_cards/204_checkpointing_early_stopping_and_model_selection.md","204_checkpointing_early_stopping_and_model_selection.md",".md","1322","aiwf_atlas","source_content","","","2026-05-21T07:12:10.0000000Z"
"AIWF_Atlas_VOL1_machine_facing_v3_3_api_cli_guide/03_SOURCE_CONTENT/B_RAW_PROVENANCE_ARCHIVES/AIWF_Vol2_Training_The_Fear_RAG_v0_17_DATA_CENTRIC_ML/aiwf_vol2_training_the_fear_rag_v0_17/01_research_cards/205_hyperparameter_search_without_cargo_culting.md","205_hyperparameter_search_without_cargo_culting.md",".md","1284","aiwf_atlas","source_content","","","2026-05-21T07:12:10.0000000Z"
"AIWF_Atlas_VOL1_machine_facing_v3_3_api_cli_guide/03_SOURCE_CONTENT/B_RAW_PROVENANCE_ARCHIVES/AIWF_Vol2_Training_The_Fear_RAG_v0_17_DATA_CENTRIC_ML/aiwf_vol2_training_the_fear_rag_v0_17/01_research_cards/206_profiling_throughput_data_loader_kernels_vram_and_bottlenecks.md","206_profiling_throughput_data_loader_kernels_vram_and_bottlenecks.md",".md","1475","aiwf_atlas","source_content","","","2026-05-21T07:12:10.0000000Z"
"AIWF_Atlas_VOL1_machine_facing_v3_3_api_cli_guide/03_SOURCE_CONTENT/B_RAW_PROVENANCE_ARCHIVES/AIWF_Vol2_Training_The_Fear_RAG_v0_17_DATA_CENTRIC_ML/aiwf_vol2_training_the_fear_rag_v0_17/01_research_cards/207_consumer_gpu_optimization_protocol.md","207_consumer_gpu_optimization_protocol.md",".md","1756","aiwf_atlas","source_content","","","2026-05-21T07:12:10.0000000Z"
"AIWF_Atlas_VOL1_machine_facing_v3_3_api_cli_guide/03_SOURCE_CONTENT/B_RAW_PROVENANCE_ARCHIVES/AIWF_Vol2_Training_The_Fear_RAG_v0_17_DATA_CENTRIC_ML/aiwf_vol2_training_the_fear_rag_v0_17/01_research_cards/208_modern_optimizer_watchlist_lion_sophia_muon_schedulefree_soaplike_families.md","208_modern_optimizer_watchlist_lion_sophia_muon_schedulefree_soaplike_families.md",".md","1507","aiwf_atlas","source_content","","","2026-05-21T07:12:10.0000000Z"
"AIWF_Atlas_VOL1_machine_facing_v3_3_api_cli_guide/03_SOURCE_CONTENT/B_RAW_PROVENANCE_ARCHIVES/AIWF_Vol2_Training_The_Fear_RAG_v0_17_DATA_CENTRIC_ML/aiwf_vol2_training_the_fear_rag_v0_17/01_research_cards/209_training_run_debugging_decision_tree.md","209_training_run_debugging_decision_tree.md",".md","1473","aiwf_atlas","source_content","","","2026-05-21T07:12:10.0000000Z"
"AIWF_Atlas_VOL1_machine_facing_v3_3_api_cli_guide/03_SOURCE_CONTENT/B_RAW_PROVENANCE_ARCHIVES/AIWF_Vol2_Training_The_Fear_RAG_v0_17_DATA_CENTRIC_ML/aiwf_vol2_training_the_fear_rag_v0_17/01_research_cards/210_pass_14_lab_suite_make_training_dynamics_visible.md","210_pass_14_lab_suite_make_training_dynamics_visible.md",".md","1566","aiwf_atlas","source_content","","","2026-05-21T07:12:10.0000000Z"
"AIWF_Atlas_VOL1_machine_facing_v3_3_api_cli_guide/03_SOURCE_CONTENT/B_RAW_PROVENANCE_ARCHIVES/AIWF_Vol2_Training_The_Fear_RAG_v0_17_DATA_CENTRIC_ML/aiwf_vol2_training_the_fear_rag_v0_17/01_research_cards/211_source_registry_and_fact_check_method.md","211_source_registry_and_fact_check_method.md",".md","1797","aiwf_atlas","source_content","","","2026-05-21T07:12:10.0000000Z"
"AIWF_Atlas_VOL1_machine_facing_v3_3_api_cli_guide/03_SOURCE_CONTENT/B_RAW_PROVENANCE_ARCHIVES/AIWF_Vol2_Training_The_Fear_RAG_v0_17_DATA_CENTRIC_ML/aiwf_vol2_training_the_fear_rag_v0_17/01_research_cards/212_deep_learning_architecture_map.md","212_deep_learning_architecture_map.md",".md","1553","aiwf_atlas","source_content","","","2026-05-21T07:12:10.0000000Z"
"AIWF_Atlas_VOL1_machine_facing_v3_3_api_cli_guide/03_SOURCE_CONTENT/B_RAW_PROVENANCE_ARCHIVES/AIWF_Vol2_Training_The_Fear_RAG_v0_17_DATA_CENTRIC_ML/aiwf_vol2_training_the_fear_rag_v0_17/01_research_cards/213_mlps_universal_approximation_width_depth.md","213_mlps_universal_approximation_width_depth.md",".md","1437","aiwf_atlas","source_content","","","2026-05-21T07:12:10.0000000Z"
"AIWF_Atlas_VOL1_machine_facing_v3_3_api_cli_guide/03_SOURCE_CONTENT/B_RAW_PROVENANCE_ARCHIVES/AIWF_Vol2_Training_The_Fear_RAG_v0_17_DATA_CENTRIC_ML/aiwf_vol2_training_the_fear_rag_v0_17/01_research_cards/214_embeddings_distributed_representations.md","214_embeddings_distributed_representations.md",".md","1355","aiwf_atlas","source_content","","","2026-05-21T07:12:10.0000000Z"
"AIWF_Atlas_VOL1_machine_facing_v3_3_api_cli_guide/03_SOURCE_CONTENT/B_RAW_PROVENANCE_ARCHIVES/AIWF_Vol2_Training_The_Fear_RAG_v0_17_DATA_CENTRIC_ML/aiwf_vol2_training_the_fear_rag_v0_17/01_research_cards/215_cnns_receptive_fields_locality_bias.md","215_cnns_receptive_fields_locality_bias.md",".md","1351","aiwf_atlas","source_content","","","2026-05-21T07:12:10.0000000Z"
"AIWF_Atlas_VOL1_machine_facing_v3_3_api_cli_guide/03_SOURCE_CONTENT/B_RAW_PROVENANCE_ARCHIVES/AIWF_Vol2_Training_The_Fear_RAG_v0_17_DATA_CENTRIC_ML/aiwf_vol2_training_the_fear_rag_v0_17/01_research_cards/216_resnets_gradient_highways.md","216_resnets_gradient_highways.md",".md","1206","aiwf_atlas","source_content","","","2026-05-21T07:12:10.0000000Z"
"AIWF_Atlas_VOL1_machine_facing_v3_3_api_cli_guide/03_SOURCE_CONTENT/B_RAW_PROVENANCE_ARCHIVES/AIWF_Vol2_Training_The_Fear_RAG_v0_17_DATA_CENTRIC_ML/aiwf_vol2_training_the_fear_rag_v0_17/01_research_cards/217_unet_encoder_decoder_skip_connections.md","217_unet_encoder_decoder_skip_connections.md",".md","1312","aiwf_atlas","source_content","","","2026-05-21T07:12:10.0000000Z"
"AIWF_Atlas_VOL1_machine_facing_v3_3_api_cli_guide/03_SOURCE_CONTENT/B_RAW_PROVENANCE_ARCHIVES/AIWF_Vol2_Training_The_Fear_RAG_v0_17_DATA_CENTRIC_ML/aiwf_vol2_training_the_fear_rag_v0_17/01_research_cards/218_rnn_lstm_gru_sequence_models.md","218_rnn_lstm_gru_sequence_models.md",".md","1228","aiwf_atlas","source_content","","","2026-05-21T07:12:10.0000000Z"
"AIWF_Atlas_VOL1_machine_facing_v3_3_api_cli_guide/03_SOURCE_CONTENT/B_RAW_PROVENANCE_ARCHIVES/AIWF_Vol2_Training_The_Fear_RAG_v0_17_DATA_CENTRIC_ML/aiwf_vol2_training_the_fear_rag_v0_17/01_research_cards/219_attention_and_transformers.md","219_attention_and_transformers.md",".md","1377","aiwf_atlas","source_content","","","2026-05-21T07:12:10.0000000Z"
"AIWF_Atlas_VOL1_machine_facing_v3_3_api_cli_guide/03_SOURCE_CONTENT/B_RAW_PROVENANCE_ARCHIVES/AIWF_Vol2_Training_The_Fear_RAG_v0_17_DATA_CENTRIC_ML/aiwf_vol2_training_the_fear_rag_v0_17/01_research_cards/220_positional_information_order_geometry.md","220_positional_information_order_geometry.md",".md","1227","aiwf_atlas","source_content","","","2026-05-21T07:12:10.0000000Z"
"AIWF_Atlas_VOL1_machine_facing_v3_3_api_cli_guide/03_SOURCE_CONTENT/B_RAW_PROVENANCE_ARCHIVES/AIWF_Vol2_Training_The_Fear_RAG_v0_17_DATA_CENTRIC_ML/aiwf_vol2_training_the_fear_rag_v0_17/01_research_cards/221_vision_transformers_patch_tokens.md","221_vision_transformers_patch_tokens.md",".md","1286","aiwf_atlas","source_content","","","2026-05-21T07:12:10.0000000Z"
"AIWF_Atlas_VOL1_machine_facing_v3_3_api_cli_guide/03_SOURCE_CONTENT/B_RAW_PROVENANCE_ARCHIVES/AIWF_Vol2_Training_The_Fear_RAG_v0_17_DATA_CENTRIC_ML/aiwf_vol2_training_the_fear_rag_v0_17/01_research_cards/222_autoencoders_bottlenecks_vaes.md","222_autoencoders_bottlenecks_vaes.md",".md","1213","aiwf_atlas","source_content","","","2026-05-21T07:12:10.0000000Z"
"AIWF_Atlas_VOL1_machine_facing_v3_3_api_cli_guide/03_SOURCE_CONTENT/B_RAW_PROVENANCE_ARCHIVES/AIWF_Vol2_Training_The_Fear_RAG_v0_17_DATA_CENTRIC_ML/aiwf_vol2_training_the_fear_rag_v0_17/01_research_cards/223_gans_adversarial_training.md","223_gans_adversarial_training.md",".md","1153","aiwf_atlas","source_content","","","2026-05-21T07:12:10.0000000Z"
"AIWF_Atlas_VOL1_machine_facing_v3_3_api_cli_guide/03_SOURCE_CONTENT/B_RAW_PROVENANCE_ARCHIVES/AIWF_Vol2_Training_The_Fear_RAG_v0_17_DATA_CENTRIC_ML/aiwf_vol2_training_the_fear_rag_v0_17/01_research_cards/224_diffusion_score_models.md","224_diffusion_score_models.md",".md","1288","aiwf_atlas","source_content","","","2026-05-21T07:12:10.0000000Z"
"AIWF_Atlas_VOL1_machine_facing_v3_3_api_cli_guide/03_SOURCE_CONTENT/B_RAW_PROVENANCE_ARCHIVES/AIWF_Vol2_Training_The_Fear_RAG_v0_17_DATA_CENTRIC_ML/aiwf_vol2_training_the_fear_rag_v0_17/01_research_cards/225_latent_diffusion_autoencoder_tradeoffs.md","225_latent_diffusion_autoencoder_tradeoffs.md",".md","1368","aiwf_atlas","source_content","","","2026-05-21T07:12:10.0000000Z"
"AIWF_Atlas_VOL1_machine_facing_v3_3_api_cli_guide/03_SOURCE_CONTENT/B_RAW_PROVENANCE_ARCHIVES/AIWF_Vol2_Training_The_Fear_RAG_v0_17_DATA_CENTRIC_ML/aiwf_vol2_training_the_fear_rag_v0_17/01_research_cards/226_flow_matching_rectified_flow.md","226_flow_matching_rectified_flow.md",".md","1502","aiwf_atlas","source_content","","","2026-05-21T07:12:10.0000000Z"
"AIWF_Atlas_VOL1_machine_facing_v3_3_api_cli_guide/03_SOURCE_CONTENT/B_RAW_PROVENANCE_ARCHIVES/AIWF_Vol2_Training_The_Fear_RAG_v0_17_DATA_CENTRIC_ML/aiwf_vol2_training_the_fear_rag_v0_17/01_research_cards/227_state_space_models_mamba.md","227_state_space_models_mamba.md",".md","1322","aiwf_atlas","source_content","","","2026-05-21T07:12:10.0000000Z"
"AIWF_Atlas_VOL1_machine_facing_v3_3_api_cli_guide/03_SOURCE_CONTENT/B_RAW_PROVENANCE_ARCHIVES/AIWF_Vol2_Training_The_Fear_RAG_v0_17_DATA_CENTRIC_ML/aiwf_vol2_training_the_fear_rag_v0_17/01_research_cards/228_multimodal_fusion_cross_attention.md","228_multimodal_fusion_cross_attention.md",".md","1314","aiwf_atlas","source_content","","","2026-05-21T07:12:10.0000000Z"
"AIWF_Atlas_VOL1_machine_facing_v3_3_api_cli_guide/03_SOURCE_CONTENT/B_RAW_PROVENANCE_ARCHIVES/AIWF_Vol2_Training_The_Fear_RAG_v0_17_DATA_CENTRIC_ML/aiwf_vol2_training_the_fear_rag_v0_17/01_research_cards/229_pretraining_objectives.md","229_pretraining_objectives.md",".md","1331","aiwf_atlas","source_content","","","2026-05-21T07:12:10.0000000Z"
"AIWF_Atlas_VOL1_machine_facing_v3_3_api_cli_guide/03_SOURCE_CONTENT/B_RAW_PROVENANCE_ARCHIVES/AIWF_Vol2_Training_The_Fear_RAG_v0_17_DATA_CENTRIC_ML/aiwf_vol2_training_the_fear_rag_v0_17/01_research_cards/230_self_supervised_learning_contrastive_masked.md","230_self_supervised_learning_contrastive_masked.md",".md","1384","aiwf_atlas","source_content","","","2026-05-21T07:12:10.0000000Z"
"AIWF_Atlas_VOL1_machine_facing_v3_3_api_cli_guide/03_SOURCE_CONTENT/B_RAW_PROVENANCE_ARCHIVES/AIWF_Vol2_Training_The_Fear_RAG_v0_17_DATA_CENTRIC_ML/aiwf_vol2_training_the_fear_rag_v0_17/01_research_cards/231_transfer_learning_freezing_finetuning_adapters.md","231_transfer_learning_freezing_finetuning_adapters.md",".md","1217","aiwf_atlas","source_content","","","2026-05-21T07:12:10.0000000Z"
"AIWF_Atlas_VOL1_machine_facing_v3_3_api_cli_guide/03_SOURCE_CONTENT/B_RAW_PROVENANCE_ARCHIVES/AIWF_Vol2_Training_The_Fear_RAG_v0_17_DATA_CENTRIC_ML/aiwf_vol2_training_the_fear_rag_v0_17/01_research_cards/232_architecture_inductive_bias_selection_rules.md","232_architecture_inductive_bias_selection_rules.md",".md","1200","aiwf_atlas","source_content","","","2026-05-21T07:12:10.0000000Z"
"AIWF_Atlas_VOL1_machine_facing_v3_3_api_cli_guide/03_SOURCE_CONTENT/B_RAW_PROVENANCE_ARCHIVES/AIWF_Vol2_Training_The_Fear_RAG_v0_17_DATA_CENTRIC_ML/aiwf_vol2_training_the_fear_rag_v0_17/01_research_cards/233_consumer_hardware_architecture_implications.md","233_consumer_hardware_architecture_implications.md",".md","1315","aiwf_atlas","source_content","","","2026-05-21T07:12:10.0000000Z"
"AIWF_Atlas_VOL1_machine_facing_v3_3_api_cli_guide/03_SOURCE_CONTENT/B_RAW_PROVENANCE_ARCHIVES/AIWF_Vol2_Training_The_Fear_RAG_v0_17_DATA_CENTRIC_ML/aiwf_vol2_training_the_fear_rag_v0_17/01_research_cards/234_architecture_failure_signatures.md","234_architecture_failure_signatures.md",".md","1268","aiwf_atlas","source_content","","","2026-05-21T07:12:10.0000000Z"
"AIWF_Atlas_VOL1_machine_facing_v3_3_api_cli_guide/03_SOURCE_CONTENT/B_RAW_PROVENANCE_ARCHIVES/AIWF_Vol2_Training_The_Fear_RAG_v0_17_DATA_CENTRIC_ML/aiwf_vol2_training_the_fear_rag_v0_17/01_research_cards/235_vol2_architecture_exercise_ladder.md","235_vol2_architecture_exercise_ladder.md",".md","1150","aiwf_atlas","source_content","","","2026-05-21T07:12:10.0000000Z"
"AIWF_Atlas_VOL1_machine_facing_v3_3_api_cli_guide/03_SOURCE_CONTENT/B_RAW_PROVENANCE_ARCHIVES/AIWF_Vol2_Training_The_Fear_RAG_v0_17_DATA_CENTRIC_ML/aiwf_vol2_training_the_fear_rag_v0_17/01_research_cards/236_pass_16_index.md","236_pass_16_index.md",".md","1441","aiwf_atlas","source_content","","","2026-05-21T07:12:10.0000000Z"
"AIWF_Atlas_VOL1_machine_facing_v3_3_api_cli_guide/03_SOURCE_CONTENT/B_RAW_PROVENANCE_ARCHIVES/AIWF_Vol2_Training_The_Fear_RAG_v0_17_DATA_CENTRIC_ML/aiwf_vol2_training_the_fear_rag_v0_17/01_research_cards/237_data_centric_ml_as_training_foundation.md","237_data_centric_ml_as_training_foundation.md",".md","1450","aiwf_atlas","source_content","","","2026-05-21T07:12:10.0000000Z"
"AIWF_Atlas_VOL1_machine_facing_v3_3_api_cli_guide/03_SOURCE_CONTENT/B_RAW_PROVENANCE_ARCHIVES/AIWF_Vol2_Training_The_Fear_RAG_v0_17_DATA_CENTRIC_ML/aiwf_vol2_training_the_fear_rag_v0_17/01_research_cards/238_dataset_lifecycle_raw_to_release.md","238_dataset_lifecycle_raw_to_release.md",".md","1119","aiwf_atlas","source_content","","","2026-05-21T07:12:10.0000000Z"
"AIWF_Atlas_VOL1_machine_facing_v3_3_api_cli_guide/03_SOURCE_CONTENT/B_RAW_PROVENANCE_ARCHIVES/AIWF_Vol2_Training_The_Fear_RAG_v0_17_DATA_CENTRIC_ML/aiwf_vol2_training_the_fear_rag_v0_17/01_research_cards/239_task_contract_before_dataset.md","239_task_contract_before_dataset.md",".md","952","aiwf_atlas","source_content","","","2026-05-21T07:12:10.0000000Z"
"AIWF_Atlas_VOL1_machine_facing_v3_3_api_cli_guide/03_SOURCE_CONTENT/B_RAW_PROVENANCE_ARCHIVES/AIWF_Vol2_Training_The_Fear_RAG_v0_17_DATA_CENTRIC_ML/aiwf_vol2_training_the_fear_rag_v0_17/01_research_cards/240_data_inventory_and_lineage.md","240_data_inventory_and_lineage.md",".md","1005","aiwf_atlas","source_content","","","2026-05-21T07:12:10.0000000Z"
"AIWF_Atlas_VOL1_machine_facing_v3_3_api_cli_guide/03_SOURCE_CONTENT/B_RAW_PROVENANCE_ARCHIVES/AIWF_Vol2_Training_The_Fear_RAG_v0_17_DATA_CENTRIC_ML/aiwf_vol2_training_the_fear_rag_v0_17/01_research_cards/241_dataset_versioning_and_reproducibility.md","241_dataset_versioning_and_reproducibility.md",".md","759","aiwf_atlas","source_content","","","2026-05-21T07:12:10.0000000Z"
"AIWF_Atlas_VOL1_machine_facing_v3_3_api_cli_guide/03_SOURCE_CONTENT/B_RAW_PROVENANCE_ARCHIVES/AIWF_Vol2_Training_The_Fear_RAG_v0_17_DATA_CENTRIC_ML/aiwf_vol2_training_the_fear_rag_v0_17/01_research_cards/242_schema_validation_for_ml.md","242_schema_validation_for_ml.md",".md","923","aiwf_atlas","source_content","","","2026-05-21T07:12:10.0000000Z"
"AIWF_Atlas_VOL1_machine_facing_v3_3_api_cli_guide/03_SOURCE_CONTENT/B_RAW_PROVENANCE_ARCHIVES/AIWF_Vol2_Training_The_Fear_RAG_v0_17_DATA_CENTRIC_ML/aiwf_vol2_training_the_fear_rag_v0_17/01_research_cards/243_data_quality_dimensions.md","243_data_quality_dimensions.md",".md","801","aiwf_atlas","source_content","","","2026-05-21T07:12:10.0000000Z"
"AIWF_Atlas_VOL1_machine_facing_v3_3_api_cli_guide/03_SOURCE_CONTENT/B_RAW_PROVENANCE_ARCHIVES/AIWF_Vol2_Training_The_Fear_RAG_v0_17_DATA_CENTRIC_ML/aiwf_vol2_training_the_fear_rag_v0_17/01_research_cards/244_deduplication_near_dedup_and_contamination.md","244_deduplication_near_dedup_and_contamination.md",".md","830","aiwf_atlas","source_content","","","2026-05-21T07:12:10.0000000Z"
"AIWF_Atlas_VOL1_machine_facing_v3_3_api_cli_guide/03_SOURCE_CONTENT/B_RAW_PROVENANCE_ARCHIVES/AIWF_Vol2_Training_The_Fear_RAG_v0_17_DATA_CENTRIC_ML/aiwf_vol2_training_the_fear_rag_v0_17/01_research_cards/245_label_quality_and_annotator_agreement.md","245_label_quality_and_annotator_agreement.md",".md","721","aiwf_atlas","source_content","","","2026-05-21T07:12:10.0000000Z"
"AIWF_Atlas_VOL1_machine_facing_v3_3_api_cli_guide/03_SOURCE_CONTENT/B_RAW_PROVENANCE_ARCHIVES/AIWF_Vol2_Training_The_Fear_RAG_v0_17_DATA_CENTRIC_ML/aiwf_vol2_training_the_fear_rag_v0_17/01_research_cards/246_weak_supervision_and_programmatic_labeling.md","246_weak_supervision_and_programmatic_labeling.md",".md","995","aiwf_atlas","source_content","","","2026-05-21T07:12:10.0000000Z"
"AIWF_Atlas_VOL1_machine_facing_v3_3_api_cli_guide/03_SOURCE_CONTENT/B_RAW_PROVENANCE_ARCHIVES/AIWF_Vol2_Training_The_Fear_RAG_v0_17_DATA_CENTRIC_ML/aiwf_vol2_training_the_fear_rag_v0_17/01_research_cards/247_active_learning_and_human_review.md","247_active_learning_and_human_review.md",".md","854","aiwf_atlas","source_content","","","2026-05-21T07:12:10.0000000Z"
"AIWF_Atlas_VOL1_machine_facing_v3_3_api_cli_guide/03_SOURCE_CONTENT/B_RAW_PROVENANCE_ARCHIVES/AIWF_Vol2_Training_The_Fear_RAG_v0_17_DATA_CENTRIC_ML/aiwf_vol2_training_the_fear_rag_v0_17/01_research_cards/248_sampling_splits_and_stratification.md","248_sampling_splits_and_stratification.md",".md","830","aiwf_atlas","source_content","","","2026-05-21T07:12:10.0000000Z"
"AIWF_Atlas_VOL1_machine_facing_v3_3_api_cli_guide/03_SOURCE_CONTENT/B_RAW_PROVENANCE_ARCHIVES/AIWF_Vol2_Training_The_Fear_RAG_v0_17_DATA_CENTRIC_ML/aiwf_vol2_training_the_fear_rag_v0_17/01_research_cards/249_data_leakage_deep_taxonomy.md","249_data_leakage_deep_taxonomy.md",".md","726","aiwf_atlas","source_content","","","2026-05-21T07:12:10.0000000Z"
"AIWF_Atlas_VOL1_machine_facing_v3_3_api_cli_guide/03_SOURCE_CONTENT/B_RAW_PROVENANCE_ARCHIVES/AIWF_Vol2_Training_The_Fear_RAG_v0_17_DATA_CENTRIC_ML/aiwf_vol2_training_the_fear_rag_v0_17/01_research_cards/250_data_augmentation_rules.md","250_data_augmentation_rules.md",".md","777","aiwf_atlas","source_content","","","2026-05-21T07:12:10.0000000Z"
"AIWF_Atlas_VOL1_machine_facing_v3_3_api_cli_guide/03_SOURCE_CONTENT/B_RAW_PROVENANCE_ARCHIVES/AIWF_Vol2_Training_The_Fear_RAG_v0_17_DATA_CENTRIC_ML/aiwf_vol2_training_the_fear_rag_v0_17/01_research_cards/251_synthetic_data_and_distillation_risks.md","251_synthetic_data_and_distillation_risks.md",".md","758","aiwf_atlas","source_content","","","2026-05-21T07:12:10.0000000Z"
"AIWF_Atlas_VOL1_machine_facing_v3_3_api_cli_guide/03_SOURCE_CONTENT/B_RAW_PROVENANCE_ARCHIVES/AIWF_Vol2_Training_The_Fear_RAG_v0_17_DATA_CENTRIC_ML/aiwf_vol2_training_the_fear_rag_v0_17/01_research_cards/252_privacy_pii_and_sensitive_data_triage.md","252_privacy_pii_and_sensitive_data_triage.md",".md","785","aiwf_atlas","source_content","","","2026-05-21T07:12:10.0000000Z"
"AIWF_Atlas_VOL1_machine_facing_v3_3_api_cli_guide/03_SOURCE_CONTENT/B_RAW_PROVENANCE_ARCHIVES/AIWF_Vol2_Training_The_Fear_RAG_v0_17_DATA_CENTRIC_ML/aiwf_vol2_training_the_fear_rag_v0_17/01_research_cards/253_dataset_cards_and_governance_cards.md","253_dataset_cards_and_governance_cards.md",".md","857","aiwf_atlas","source_content","","","2026-05-21T07:12:10.0000000Z"
"AIWF_Atlas_VOL1_machine_facing_v3_3_api_cli_guide/03_SOURCE_CONTENT/B_RAW_PROVENANCE_ARCHIVES/AIWF_Vol2_Training_The_Fear_RAG_v0_17_DATA_CENTRIC_ML/aiwf_vol2_training_the_fear_rag_v0_17/01_research_cards/254_feature_stores_and_structured_ml.md","254_feature_stores_and_structured_ml.md",".md","758","aiwf_atlas","source_content","","","2026-05-21T07:12:10.0000000Z"
"AIWF_Atlas_VOL1_machine_facing_v3_3_api_cli_guide/03_SOURCE_CONTENT/B_RAW_PROVENANCE_ARCHIVES/AIWF_Vol2_Training_The_Fear_RAG_v0_17_DATA_CENTRIC_ML/aiwf_vol2_training_the_fear_rag_v0_17/01_research_cards/255_data_validation_and_expectation_tests.md","255_data_validation_and_expectation_tests.md",".md","774","aiwf_atlas","source_content","","","2026-05-21T07:12:10.0000000Z"
"AIWF_Atlas_VOL1_machine_facing_v3_3_api_cli_guide/03_SOURCE_CONTENT/B_RAW_PROVENANCE_ARCHIVES/AIWF_Vol2_Training_The_Fear_RAG_v0_17_DATA_CENTRIC_ML/aiwf_vol2_training_the_fear_rag_v0_17/01_research_cards/256_drift_skew_and_monitoring.md","256_drift_skew_and_monitoring.md",".md","994","aiwf_atlas","source_content","","","2026-05-21T07:12:10.0000000Z"
"AIWF_Atlas_VOL1_machine_facing_v3_3_api_cli_guide/03_SOURCE_CONTENT/B_RAW_PROVENANCE_ARCHIVES/AIWF_Vol2_Training_The_Fear_RAG_v0_17_DATA_CENTRIC_ML/aiwf_vol2_training_the_fear_rag_v0_17/01_research_cards/257_dataset_doctor_v04_data_centric_spec.md","257_dataset_doctor_v04_data_centric_spec.md",".md","825","aiwf_atlas","source_content","","","2026-05-21T07:12:10.0000000Z"
"AIWF_Atlas_VOL1_machine_facing_v3_3_api_cli_guide/03_SOURCE_CONTENT/B_RAW_PROVENANCE_ARCHIVES/AIWF_Vol2_Training_The_Fear_RAG_v0_17_DATA_CENTRIC_ML/aiwf_vol2_training_the_fear_rag_v0_17/01_research_cards/258_modality_specific_dataset_quality.md","258_modality_specific_dataset_quality.md",".md","836","aiwf_atlas","source_content","","","2026-05-21T07:12:10.0000000Z"
"AIWF_Atlas_VOL1_machine_facing_v3_3_api_cli_guide/03_SOURCE_CONTENT/B_RAW_PROVENANCE_ARCHIVES/AIWF_Vol2_Training_The_Fear_RAG_v0_17_DATA_CENTRIC_ML/aiwf_vol2_training_the_fear_rag_v0_17/01_research_cards/259_data_centric_labs.md","259_data_centric_labs.md",".md","814","aiwf_atlas","source_content","","","2026-05-21T07:12:10.0000000Z"
"AIWF_Atlas_VOL1_machine_facing_v3_3_api_cli_guide/03_SOURCE_CONTENT/B_RAW_PROVENANCE_ARCHIVES/AIWF_Vol2_Training_The_Fear_RAG_v0_17_DATA_CENTRIC_ML/aiwf_vol2_training_the_fear_rag_v0_17/01_research_cards/260_pass_17_index.md","260_pass_17_index.md",".md","675","aiwf_atlas","source_content","","","2026-05-21T07:12:10.0000000Z"
"AIWF_Atlas_VOL1_machine_facing_v3_3_api_cli_guide/03_SOURCE_CONTENT/B_RAW_PROVENANCE_ARCHIVES/AIWF_Vol2_Training_The_Fear_RAG_v0_17_DATA_CENTRIC_ML/aiwf_vol2_training_the_fear_rag_v0_17/02_tables/adapter_deployment_matrix_pass_06.csv","adapter_deployment_matrix_pass_06.csv",".csv","574","aiwf_atlas","source_content","","","2026-05-21T07:12:10.0000000Z"
"AIWF_Atlas_VOL1_machine_facing_v3_3_api_cli_guide/03_SOURCE_CONTENT/B_RAW_PROVENANCE_ARCHIVES/AIWF_Vol2_Training_The_Fear_RAG_v0_17_DATA_CENTRIC_ML/aiwf_vol2_training_the_fear_rag_v0_17/02_tables/adapter_method_decision_matrix_pass_06.csv","adapter_method_decision_matrix_pass_06.csv",".csv","1028","aiwf_atlas","source_content","","","2026-05-21T07:12:10.0000000Z"
"AIWF_Atlas_VOL1_machine_facing_v3_3_api_cli_guide/03_SOURCE_CONTENT/B_RAW_PROVENANCE_ARCHIVES/AIWF_Vol2_Training_The_Fear_RAG_v0_17_DATA_CENTRIC_ML/aiwf_vol2_training_the_fear_rag_v0_17/02_tables/architecture_decision_matrix_pass_16.csv","architecture_decision_matrix_pass_16.csv",".csv","2185","aiwf_atlas","source_content","","","2026-05-21T07:12:10.0000000Z"
"AIWF_Atlas_VOL1_machine_facing_v3_3_api_cli_guide/03_SOURCE_CONTENT/B_RAW_PROVENANCE_ARCHIVES/AIWF_Vol2_Training_The_Fear_RAG_v0_17_DATA_CENTRIC_ML/aiwf_vol2_training_the_fear_rag_v0_17/02_tables/architecture_failure_signatures_pass_16.csv","architecture_failure_signatures_pass_16.csv",".csv","1358","aiwf_atlas","source_content","","","2026-05-21T07:12:10.0000000Z"
"AIWF_Atlas_VOL1_machine_facing_v3_3_api_cli_guide/03_SOURCE_CONTENT/B_RAW_PROVENANCE_ARCHIVES/AIWF_Vol2_Training_The_Fear_RAG_v0_17_DATA_CENTRIC_ML/aiwf_vol2_training_the_fear_rag_v0_17/02_tables/baseline_ladder_pass_11.csv","baseline_ladder_pass_11.csv",".csv","729","aiwf_atlas","source_content","","","2026-05-21T07:12:10.0000000Z"
"AIWF_Atlas_VOL1_machine_facing_v3_3_api_cli_guide/03_SOURCE_CONTENT/B_RAW_PROVENANCE_ARCHIVES/AIWF_Vol2_Training_The_Fear_RAG_v0_17_DATA_CENTRIC_ML/aiwf_vol2_training_the_fear_rag_v0_17/02_tables/captioning_tool_matrix_pass_05.csv","captioning_tool_matrix_pass_05.csv",".csv","959","aiwf_atlas","source_content","","","2026-05-21T07:12:10.0000000Z"
"AIWF_Atlas_VOL1_machine_facing_v3_3_api_cli_guide/03_SOURCE_CONTENT/B_RAW_PROVENANCE_ARCHIVES/AIWF_Vol2_Training_The_Fear_RAG_v0_17_DATA_CENTRIC_ML/aiwf_vol2_training_the_fear_rag_v0_17/02_tables/consumer_gpu_presets_pass_06.csv","consumer_gpu_presets_pass_06.csv",".csv","896","aiwf_atlas","source_content","","","2026-05-21T07:12:10.0000000Z"
"AIWF_Atlas_VOL1_machine_facing_v3_3_api_cli_guide/03_SOURCE_CONTENT/B_RAW_PROVENANCE_ARCHIVES/AIWF_Vol2_Training_The_Fear_RAG_v0_17_DATA_CENTRIC_ML/aiwf_vol2_training_the_fear_rag_v0_17/02_tables/consumer_hardware_capability_matrix.csv","consumer_hardware_capability_matrix.csv",".csv","2313","aiwf_atlas","source_content","","","2026-05-21T07:12:10.0000000Z"
"AIWF_Atlas_VOL1_machine_facing_v3_3_api_cli_guide/03_SOURCE_CONTENT/B_RAW_PROVENANCE_ARCHIVES/AIWF_Vol2_Training_The_Fear_RAG_v0_17_DATA_CENTRIC_ML/aiwf_vol2_training_the_fear_rag_v0_17/02_tables/consumer_image_lora_presets_pass_09.csv","consumer_image_lora_presets_pass_09.csv",".csv","564","aiwf_atlas","source_content","","","2026-05-21T07:12:10.0000000Z"
"AIWF_Atlas_VOL1_machine_facing_v3_3_api_cli_guide/03_SOURCE_CONTENT/B_RAW_PROVENANCE_ARCHIVES/AIWF_Vol2_Training_The_Fear_RAG_v0_17_DATA_CENTRIC_ML/aiwf_vol2_training_the_fear_rag_v0_17/02_tables/consumer_training_capability_matrix_pass_04.csv","consumer_training_capability_matrix_pass_04.csv",".csv","844","aiwf_atlas","source_content","","","2026-05-21T07:12:10.0000000Z"
"AIWF_Atlas_VOL1_machine_facing_v3_3_api_cli_guide/03_SOURCE_CONTENT/B_RAW_PROVENANCE_ARCHIVES/AIWF_Vol2_Training_The_Fear_RAG_v0_17_DATA_CENTRIC_ML/aiwf_vol2_training_the_fear_rag_v0_17/02_tables/consumer_training_capability_matrix_v0_2.csv","consumer_training_capability_matrix_v0_2.csv",".csv","1371","aiwf_atlas","source_content","","","2026-05-21T07:12:10.0000000Z"
"AIWF_Atlas_VOL1_machine_facing_v3_3_api_cli_guide/03_SOURCE_CONTENT/B_RAW_PROVENANCE_ARCHIVES/AIWF_Vol2_Training_The_Fear_RAG_v0_17_DATA_CENTRIC_ML/aiwf_vol2_training_the_fear_rag_v0_17/02_tables/data_centric_pipeline_checklist_pass_17.csv","data_centric_pipeline_checklist_pass_17.csv",".csv","1126","aiwf_atlas","source_content","","","2026-05-21T07:12:10.0000000Z"
"AIWF_Atlas_VOL1_machine_facing_v3_3_api_cli_guide/03_SOURCE_CONTENT/B_RAW_PROVENANCE_ARCHIVES/AIWF_Vol2_Training_The_Fear_RAG_v0_17_DATA_CENTRIC_ML/aiwf_vol2_training_the_fear_rag_v0_17/02_tables/data_shift_taxonomy_pass_12.csv","data_shift_taxonomy_pass_12.csv",".csv","612","aiwf_atlas","source_content","","","2026-05-21T07:12:10.0000000Z"
"AIWF_Atlas_VOL1_machine_facing_v3_3_api_cli_guide/03_SOURCE_CONTENT/B_RAW_PROVENANCE_ARCHIVES/AIWF_Vol2_Training_The_Fear_RAG_v0_17_DATA_CENTRIC_ML/aiwf_vol2_training_the_fear_rag_v0_17/02_tables/data_validation_checks_pass_17.csv","data_validation_checks_pass_17.csv",".csv","707","aiwf_atlas","source_content","","","2026-05-21T07:12:10.0000000Z"
"AIWF_Atlas_VOL1_machine_facing_v3_3_api_cli_guide/03_SOURCE_CONTENT/B_RAW_PROVENANCE_ARCHIVES/AIWF_Vol2_Training_The_Fear_RAG_v0_17_DATA_CENTRIC_ML/aiwf_vol2_training_the_fear_rag_v0_17/02_tables/dataset_format_cheatsheet_pass_05.csv","dataset_format_cheatsheet_pass_05.csv",".csv","1368","aiwf_atlas","source_content","","","2026-05-21T07:12:10.0000000Z"
"AIWF_Atlas_VOL1_machine_facing_v3_3_api_cli_guide/03_SOURCE_CONTENT/B_RAW_PROVENANCE_ARCHIVES/AIWF_Vol2_Training_The_Fear_RAG_v0_17_DATA_CENTRIC_ML/aiwf_vol2_training_the_fear_rag_v0_17/02_tables/dataset_quality_checklist_pass_03.csv","dataset_quality_checklist_pass_03.csv",".csv","1586","aiwf_atlas","source_content","","","2026-05-21T07:12:10.0000000Z"
"AIWF_Atlas_VOL1_machine_facing_v3_3_api_cli_guide/03_SOURCE_CONTENT/B_RAW_PROVENANCE_ARCHIVES/AIWF_Vol2_Training_The_Fear_RAG_v0_17_DATA_CENTRIC_ML/aiwf_vol2_training_the_fear_rag_v0_17/02_tables/dataset_versioning_matrix_pass_17.csv","dataset_versioning_matrix_pass_17.csv",".csv","698","aiwf_atlas","source_content","","","2026-05-21T07:12:10.0000000Z"
"AIWF_Atlas_VOL1_machine_facing_v3_3_api_cli_guide/03_SOURCE_CONTENT/B_RAW_PROVENANCE_ARCHIVES/AIWF_Vol2_Training_The_Fear_RAG_v0_17_DATA_CENTRIC_ML/aiwf_vol2_training_the_fear_rag_v0_17/02_tables/eval_gate_matrix_pass_07.csv","eval_gate_matrix_pass_07.csv",".csv","1107","aiwf_atlas","source_content","","","2026-05-21T07:12:10.0000000Z"
"AIWF_Atlas_VOL1_machine_facing_v3_3_api_cli_guide/03_SOURCE_CONTENT/B_RAW_PROVENANCE_ARCHIVES/AIWF_Vol2_Training_The_Fear_RAG_v0_17_DATA_CENTRIC_ML/aiwf_vol2_training_the_fear_rag_v0_17/02_tables/evaluation_metrics_cheatsheet_pass_11.csv","evaluation_metrics_cheatsheet_pass_11.csv",".csv","1165","aiwf_atlas","source_content","","","2026-05-21T07:12:10.0000000Z"
"AIWF_Atlas_VOL1_machine_facing_v3_3_api_cli_guide/03_SOURCE_CONTENT/B_RAW_PROVENANCE_ARCHIVES/AIWF_Vol2_Training_The_Fear_RAG_v0_17_DATA_CENTRIC_ML/aiwf_vol2_training_the_fear_rag_v0_17/02_tables/experiment_tracking_matrix_pass_05.csv","experiment_tracking_matrix_pass_05.csv",".csv","682","aiwf_atlas","source_content","","","2026-05-21T07:12:10.0000000Z"
"AIWF_Atlas_VOL1_machine_facing_v3_3_api_cli_guide/03_SOURCE_CONTENT/B_RAW_PROVENANCE_ARCHIVES/AIWF_Vol2_Training_The_Fear_RAG_v0_17_DATA_CENTRIC_ML/aiwf_vol2_training_the_fear_rag_v0_17/02_tables/generalization_diagnostic_matrix_pass_12.csv","generalization_diagnostic_matrix_pass_12.csv",".csv","867","aiwf_atlas","source_content","","","2026-05-21T07:12:10.0000000Z"
"AIWF_Atlas_VOL1_machine_facing_v3_3_api_cli_guide/03_SOURCE_CONTENT/B_RAW_PROVENANCE_ARCHIVES/AIWF_Vol2_Training_The_Fear_RAG_v0_17_DATA_CENTRIC_ML/aiwf_vol2_training_the_fear_rag_v0_17/02_tables/gradient_failure_signatures_pass_14.csv","gradient_failure_signatures_pass_14.csv",".csv","1123","aiwf_atlas","source_content","","","2026-05-21T07:12:10.0000000Z"
"AIWF_Atlas_VOL1_machine_facing_v3_3_api_cli_guide/03_SOURCE_CONTENT/B_RAW_PROVENANCE_ARCHIVES/AIWF_Vol2_Training_The_Fear_RAG_v0_17_DATA_CENTRIC_ML/aiwf_vol2_training_the_fear_rag_v0_17/02_tables/image_lora_dataset_eval_checks_pass_09.csv","image_lora_dataset_eval_checks_pass_09.csv",".csv","634","aiwf_atlas","source_content","","","2026-05-21T07:12:10.0000000Z"
"AIWF_Atlas_VOL1_machine_facing_v3_3_api_cli_guide/03_SOURCE_CONTENT/B_RAW_PROVENANCE_ARCHIVES/AIWF_Vol2_Training_The_Fear_RAG_v0_17_DATA_CENTRIC_ML/aiwf_vol2_training_the_fear_rag_v0_17/02_tables/image_lora_model_family_matrix_pass_09.csv","image_lora_model_family_matrix_pass_09.csv",".csv","1836","aiwf_atlas","source_content","","","2026-05-21T07:12:10.0000000Z"
"AIWF_Atlas_VOL1_machine_facing_v3_3_api_cli_guide/03_SOURCE_CONTENT/B_RAW_PROVENANCE_ARCHIVES/AIWF_Vol2_Training_The_Fear_RAG_v0_17_DATA_CENTRIC_ML/aiwf_vol2_training_the_fear_rag_v0_17/02_tables/image_lora_trainer_selection_matrix_pass_09.csv","image_lora_trainer_selection_matrix_pass_09.csv",".csv","921","aiwf_atlas","source_content","","","2026-05-21T07:12:10.0000000Z"
"AIWF_Atlas_VOL1_machine_facing_v3_3_api_cli_guide/03_SOURCE_CONTENT/B_RAW_PROVENANCE_ARCHIVES/AIWF_Vol2_Training_The_Fear_RAG_v0_17_DATA_CENTRIC_ML/aiwf_vol2_training_the_fear_rag_v0_17/02_tables/label_quality_matrix_pass_17.csv","label_quality_matrix_pass_17.csv",".csv","715","aiwf_atlas","source_content","","","2026-05-21T07:12:10.0000000Z"
"AIWF_Atlas_VOL1_machine_facing_v3_3_api_cli_guide/03_SOURCE_CONTENT/B_RAW_PROVENANCE_ARCHIVES/AIWF_Vol2_Training_The_Fear_RAG_v0_17_DATA_CENTRIC_ML/aiwf_vol2_training_the_fear_rag_v0_17/02_tables/law_governance_tracker_pass_03.csv","law_governance_tracker_pass_03.csv",".csv","1527","aiwf_atlas","source_content","","","2026-05-21T07:12:10.0000000Z"
"AIWF_Atlas_VOL1_machine_facing_v3_3_api_cli_guide/03_SOURCE_CONTENT/B_RAW_PROVENANCE_ARCHIVES/AIWF_Vol2_Training_The_Fear_RAG_v0_17_DATA_CENTRIC_ML/aiwf_vol2_training_the_fear_rag_v0_17/02_tables/leakage_antipatterns_pass_11.csv","leakage_antipatterns_pass_11.csv",".csv","1169","aiwf_atlas","source_content","","","2026-05-21T07:12:10.0000000Z"
"AIWF_Atlas_VOL1_machine_facing_v3_3_api_cli_guide/03_SOURCE_CONTENT/B_RAW_PROVENANCE_ARCHIVES/AIWF_Vol2_Training_The_Fear_RAG_v0_17_DATA_CENTRIC_ML/aiwf_vol2_training_the_fear_rag_v0_17/02_tables/leakage_taxonomy_pass_17.csv","leakage_taxonomy_pass_17.csv",".csv","929","aiwf_atlas","source_content","","","2026-05-21T07:12:10.0000000Z"
"AIWF_Atlas_VOL1_machine_facing_v3_3_api_cli_guide/03_SOURCE_CONTENT/B_RAW_PROVENANCE_ARCHIVES/AIWF_Vol2_Training_The_Fear_RAG_v0_17_DATA_CENTRIC_ML/aiwf_vol2_training_the_fear_rag_v0_17/02_tables/legal_risk_matrix_v0_2.csv","legal_risk_matrix_v0_2.csv",".csv","1189","aiwf_atlas","source_content","","","2026-05-21T07:12:10.0000000Z"
"AIWF_Atlas_VOL1_machine_facing_v3_3_api_cli_guide/03_SOURCE_CONTENT/B_RAW_PROVENANCE_ARCHIVES/AIWF_Vol2_Training_The_Fear_RAG_v0_17_DATA_CENTRIC_ML/aiwf_vol2_training_the_fear_rag_v0_17/02_tables/memory_speed_tradeoff_matrix_pass_14.csv","memory_speed_tradeoff_matrix_pass_14.csv",".csv","854","aiwf_atlas","source_content","","","2026-05-21T07:12:10.0000000Z"
"AIWF_Atlas_VOL1_machine_facing_v3_3_api_cli_guide/03_SOURCE_CONTENT/B_RAW_PROVENANCE_ARCHIVES/AIWF_Vol2_Training_The_Fear_RAG_v0_17_DATA_CENTRIC_ML/aiwf_vol2_training_the_fear_rag_v0_17/02_tables/ml_facts_laws_rules_index_pass_10.csv","ml_facts_laws_rules_index_pass_10.csv",".csv","1142","aiwf_atlas","source_content","","","2026-05-21T07:12:10.0000000Z"
"AIWF_Atlas_VOL1_machine_facing_v3_3_api_cli_guide/03_SOURCE_CONTENT/B_RAW_PROVENANCE_ARCHIVES/AIWF_Vol2_Training_The_Fear_RAG_v0_17_DATA_CENTRIC_ML/aiwf_vol2_training_the_fear_rag_v0_17/02_tables/ml_foundations_labs_pass_11.csv","ml_foundations_labs_pass_11.csv",".csv","1137","aiwf_atlas","source_content","","","2026-05-21T07:12:10.0000000Z"
"AIWF_Atlas_VOL1_machine_facing_v3_3_api_cli_guide/03_SOURCE_CONTENT/B_RAW_PROVENANCE_ARCHIVES/AIWF_Vol2_Training_The_Fear_RAG_v0_17_DATA_CENTRIC_ML/aiwf_vol2_training_the_fear_rag_v0_17/02_tables/ml_techniques_decision_matrix_pass_10.csv","ml_techniques_decision_matrix_pass_10.csv",".csv","1225","aiwf_atlas","source_content","","","2026-05-21T07:12:10.0000000Z"
"AIWF_Atlas_VOL1_machine_facing_v3_3_api_cli_guide/03_SOURCE_CONTENT/B_RAW_PROVENANCE_ARCHIVES/AIWF_Vol2_Training_The_Fear_RAG_v0_17_DATA_CENTRIC_ML/aiwf_vol2_training_the_fear_rag_v0_17/02_tables/ml_theory_curriculum_ladder_pass_10.csv","ml_theory_curriculum_ladder_pass_10.csv",".csv","1699","aiwf_atlas","source_content","","","2026-05-21T07:12:10.0000000Z"
"AIWF_Atlas_VOL1_machine_facing_v3_3_api_cli_guide/03_SOURCE_CONTENT/B_RAW_PROVENANCE_ARCHIVES/AIWF_Vol2_Training_The_Fear_RAG_v0_17_DATA_CENTRIC_ML/aiwf_vol2_training_the_fear_rag_v0_17/02_tables/modality_dataset_qa_matrix_pass_17.csv","modality_dataset_qa_matrix_pass_17.csv",".csv","791","aiwf_atlas","source_content","","","2026-05-21T07:12:10.0000000Z"
"AIWF_Atlas_VOL1_machine_facing_v3_3_api_cli_guide/03_SOURCE_CONTENT/B_RAW_PROVENANCE_ARCHIVES/AIWF_Vol2_Training_The_Fear_RAG_v0_17_DATA_CENTRIC_ML/aiwf_vol2_training_the_fear_rag_v0_17/02_tables/optimization_failure_signatures_pass_11.csv","optimization_failure_signatures_pass_11.csv",".csv","828","aiwf_atlas","source_content","","","2026-05-21T07:12:10.0000000Z"
"AIWF_Atlas_VOL1_machine_facing_v3_3_api_cli_guide/03_SOURCE_CONTENT/B_RAW_PROVENANCE_ARCHIVES/AIWF_Vol2_Training_The_Fear_RAG_v0_17_DATA_CENTRIC_ML/aiwf_vol2_training_the_fear_rag_v0_17/02_tables/optimizer_dynamics_matrix_pass_14.csv","optimizer_dynamics_matrix_pass_14.csv",".csv","1072","aiwf_atlas","source_content","","","2026-05-21T07:12:10.0000000Z"
"AIWF_Atlas_VOL1_machine_facing_v3_3_api_cli_guide/03_SOURCE_CONTENT/B_RAW_PROVENANCE_ARCHIVES/AIWF_Vol2_Training_The_Fear_RAG_v0_17_DATA_CENTRIC_ML/aiwf_vol2_training_the_fear_rag_v0_17/02_tables/optimizer_scheduler_matrix_pass_06.csv","optimizer_scheduler_matrix_pass_06.csv",".csv","833","aiwf_atlas","source_content","","","2026-05-21T07:12:10.0000000Z"
"AIWF_Atlas_VOL1_machine_facing_v3_3_api_cli_guide/03_SOURCE_CONTENT/B_RAW_PROVENANCE_ARCHIVES/AIWF_Vol2_Training_The_Fear_RAG_v0_17_DATA_CENTRIC_ML/aiwf_vol2_training_the_fear_rag_v0_17/02_tables/pass_status_matrix_v0_12.csv","pass_status_matrix_v0_12.csv",".csv","1633","aiwf_atlas","source_content","","","2026-05-21T07:12:10.0000000Z"
"AIWF_Atlas_VOL1_machine_facing_v3_3_api_cli_guide/03_SOURCE_CONTENT/B_RAW_PROVENANCE_ARCHIVES/AIWF_Vol2_Training_The_Fear_RAG_v0_17_DATA_CENTRIC_ML/aiwf_vol2_training_the_fear_rag_v0_17/02_tables/pass14_training_dynamics_labs.csv","pass14_training_dynamics_labs.csv",".csv","846","aiwf_atlas","source_content","","","2026-05-21T07:12:10.0000000Z"
"AIWF_Atlas_VOL1_machine_facing_v3_3_api_cli_guide/03_SOURCE_CONTENT/B_RAW_PROVENANCE_ARCHIVES/AIWF_Vol2_Training_The_Fear_RAG_v0_17_DATA_CENTRIC_ML/aiwf_vol2_training_the_fear_rag_v0_17/02_tables/pass16_deep_architecture_labs.csv","pass16_deep_architecture_labs.csv",".csv","1215","aiwf_atlas","source_content","","","2026-05-21T07:12:10.0000000Z"
"AIWF_Atlas_VOL1_machine_facing_v3_3_api_cli_guide/03_SOURCE_CONTENT/B_RAW_PROVENANCE_ARCHIVES/AIWF_Vol2_Training_The_Fear_RAG_v0_17_DATA_CENTRIC_ML/aiwf_vol2_training_the_fear_rag_v0_17/02_tables/pass17_data_centric_labs.csv","pass17_data_centric_labs.csv",".csv","625","aiwf_atlas","source_content","","","2026-05-21T07:12:10.0000000Z"
"AIWF_Atlas_VOL1_machine_facing_v3_3_api_cli_guide/03_SOURCE_CONTENT/B_RAW_PROVENANCE_ARCHIVES/AIWF_Vol2_Training_The_Fear_RAG_v0_17_DATA_CENTRIC_ML/aiwf_vol2_training_the_fear_rag_v0_17/02_tables/pip_packages_watchlist.csv","pip_packages_watchlist.csv",".csv","1506","aiwf_atlas","source_content","","","2026-05-21T07:12:10.0000000Z"
"AIWF_Atlas_VOL1_machine_facing_v3_3_api_cli_guide/03_SOURCE_CONTENT/B_RAW_PROVENANCE_ARCHIVES/AIWF_Vol2_Training_The_Fear_RAG_v0_17_DATA_CENTRIC_ML/aiwf_vol2_training_the_fear_rag_v0_17/02_tables/post_training_method_matrix_pass_07.csv","post_training_method_matrix_pass_07.csv",".csv","1436","aiwf_atlas","source_content","","","2026-05-21T07:12:10.0000000Z"
"AIWF_Atlas_VOL1_machine_facing_v3_3_api_cli_guide/03_SOURCE_CONTENT/B_RAW_PROVENANCE_ARCHIVES/AIWF_Vol2_Training_The_Fear_RAG_v0_17_DATA_CENTRIC_ML/aiwf_vol2_training_the_fear_rag_v0_17/02_tables/quantization_export_matrix_pass_07.csv","quantization_export_matrix_pass_07.csv",".csv","1430","aiwf_atlas","source_content","","","2026-05-21T07:12:10.0000000Z"
"AIWF_Atlas_VOL1_machine_facing_v3_3_api_cli_guide/03_SOURCE_CONTENT/B_RAW_PROVENANCE_ARCHIVES/AIWF_Vol2_Training_The_Fear_RAG_v0_17_DATA_CENTRIC_ML/aiwf_vol2_training_the_fear_rag_v0_17/02_tables/rag_retriever_training_matrix_pass_06.csv","rag_retriever_training_matrix_pass_06.csv",".csv","533","aiwf_atlas","source_content","","","2026-05-21T07:12:10.0000000Z"
"AIWF_Atlas_VOL1_machine_facing_v3_3_api_cli_guide/03_SOURCE_CONTENT/B_RAW_PROVENANCE_ARCHIVES/AIWF_Vol2_Training_The_Fear_RAG_v0_17_DATA_CENTRIC_ML/aiwf_vol2_training_the_fear_rag_v0_17/02_tables/regularization_selection_matrix_pass_12.csv","regularization_selection_matrix_pass_12.csv",".csv","593","aiwf_atlas","source_content","","","2026-05-21T07:12:10.0000000Z"
"AIWF_Atlas_VOL1_machine_facing_v3_3_api_cli_guide/03_SOURCE_CONTENT/B_RAW_PROVENANCE_ARCHIVES/AIWF_Vol2_Training_The_Fear_RAG_v0_17_DATA_CENTRIC_ML/aiwf_vol2_training_the_fear_rag_v0_17/02_tables/representation_learning_methods_pass_16.csv","representation_learning_methods_pass_16.csv",".csv","1394","aiwf_atlas","source_content","","","2026-05-21T07:12:10.0000000Z"
"AIWF_Atlas_VOL1_machine_facing_v3_3_api_cli_guide/03_SOURCE_CONTENT/B_RAW_PROVENANCE_ARCHIVES/AIWF_Vol2_Training_The_Fear_RAG_v0_17_DATA_CENTRIC_ML/aiwf_vol2_training_the_fear_rag_v0_17/02_tables/research_coverage_audit_v0_9.csv","research_coverage_audit_v0_9.csv",".csv","1590","aiwf_atlas","source_content","","","2026-05-21T07:12:10.0000000Z"
"AIWF_Atlas_VOL1_machine_facing_v3_3_api_cli_guide/03_SOURCE_CONTENT/B_RAW_PROVENANCE_ARCHIVES/AIWF_Vol2_Training_The_Fear_RAG_v0_17_DATA_CENTRIC_ML/aiwf_vol2_training_the_fear_rag_v0_17/02_tables/scheduler_selection_matrix_pass_14.csv","scheduler_selection_matrix_pass_14.csv",".csv","792","aiwf_atlas","source_content","","","2026-05-21T07:12:10.0000000Z"
"AIWF_Atlas_VOL1_machine_facing_v3_3_api_cli_guide/03_SOURCE_CONTENT/B_RAW_PROVENANCE_ARCHIVES/AIWF_Vol2_Training_The_Fear_RAG_v0_17_DATA_CENTRIC_ML/aiwf_vol2_training_the_fear_rag_v0_17/02_tables/source_domain_summary_v0_17.csv","source_domain_summary_v0_17.csv",".csv","1593","aiwf_atlas","source_content","","","2026-05-21T07:12:10.0000000Z"
"AIWF_Atlas_VOL1_machine_facing_v3_3_api_cli_guide/03_SOURCE_CONTENT/B_RAW_PROVENANCE_ARCHIVES/AIWF_Vol2_Training_The_Fear_RAG_v0_17_DATA_CENTRIC_ML/aiwf_vol2_training_the_fear_rag_v0_17/02_tables/source_topic_summary_v0_17.csv","source_topic_summary_v0_17.csv",".csv","774","aiwf_atlas","source_content","","","2026-05-21T07:12:10.0000000Z"
"AIWF_Atlas_VOL1_machine_facing_v3_3_api_cli_guide/03_SOURCE_CONTENT/B_RAW_PROVENANCE_ARCHIVES/AIWF_Vol2_Training_The_Fear_RAG_v0_17_DATA_CENTRIC_ML/aiwf_vol2_training_the_fear_rag_v0_17/02_tables/source_type_priority_summary_v0_17.csv","source_type_priority_summary_v0_17.csv",".csv","1484","aiwf_atlas","source_content","","","2026-05-21T07:12:10.0000000Z"
"AIWF_Atlas_VOL1_machine_facing_v3_3_api_cli_guide/03_SOURCE_CONTENT/B_RAW_PROVENANCE_ARCHIVES/AIWF_Vol2_Training_The_Fear_RAG_v0_17_DATA_CENTRIC_ML/aiwf_vol2_training_the_fear_rag_v0_17/02_tables/split_strategy_matrix_pass_17.csv","split_strategy_matrix_pass_17.csv",".csv","686","aiwf_atlas","source_content","","","2026-05-21T07:12:10.0000000Z"
"AIWF_Atlas_VOL1_machine_facing_v3_3_api_cli_guide/03_SOURCE_CONTENT/B_RAW_PROVENANCE_ARCHIVES/AIWF_Vol2_Training_The_Fear_RAG_v0_17_DATA_CENTRIC_ML/aiwf_vol2_training_the_fear_rag_v0_17/02_tables/statistical_learning_labs_pass_12.csv","statistical_learning_labs_pass_12.csv",".csv","587","aiwf_atlas","source_content","","","2026-05-21T07:12:10.0000000Z"
"AIWF_Atlas_VOL1_machine_facing_v3_3_api_cli_guide/03_SOURCE_CONTENT/B_RAW_PROVENANCE_ARCHIVES/AIWF_Vol2_Training_The_Fear_RAG_v0_17_DATA_CENTRIC_ML/aiwf_vol2_training_the_fear_rag_v0_17/02_tables/training_failure_signature_matrix_pass_04.csv","training_failure_signature_matrix_pass_04.csv",".csv","954","aiwf_atlas","source_content","","","2026-05-21T07:12:10.0000000Z"
"AIWF_Atlas_VOL1_machine_facing_v3_3_api_cli_guide/03_SOURCE_CONTENT/B_RAW_PROVENANCE_ARCHIVES/AIWF_Vol2_Training_The_Fear_RAG_v0_17_DATA_CENTRIC_ML/aiwf_vol2_training_the_fear_rag_v0_17/02_tables/training_methods_decision_matrix_pass_03.csv","training_methods_decision_matrix_pass_03.csv",".csv","2130","aiwf_atlas","source_content","","","2026-05-21T07:12:10.0000000Z"
"AIWF_Atlas_VOL1_machine_facing_v3_3_api_cli_guide/03_SOURCE_CONTENT/B_RAW_PROVENANCE_ARCHIVES/AIWF_Vol2_Training_The_Fear_RAG_v0_17_DATA_CENTRIC_ML/aiwf_vol2_training_the_fear_rag_v0_17/02_tables/training_research_index.csv","training_research_index.csv",".csv","20449","aiwf_atlas","source_content","","","2026-05-21T07:12:10.0000000Z"
"AIWF_Atlas_VOL1_machine_facing_v3_3_api_cli_guide/03_SOURCE_CONTENT/B_RAW_PROVENANCE_ARCHIVES/AIWF_Vol2_Training_The_Fear_RAG_v0_17_DATA_CENTRIC_ML/aiwf_vol2_training_the_fear_rag_v0_17/02_tables/training_tool_matrix_pass_02.csv","training_tool_matrix_pass_02.csv",".csv","2984","aiwf_atlas","source_content","","","2026-05-21T07:12:10.0000000Z"
"AIWF_Atlas_VOL1_machine_facing_v3_3_api_cli_guide/03_SOURCE_CONTENT/B_RAW_PROVENANCE_ARCHIVES/AIWF_Vol2_Training_The_Fear_RAG_v0_17_DATA_CENTRIC_ML/aiwf_vol2_training_the_fear_rag_v0_17/02_tables/training_tool_matrix_pass_04.csv","training_tool_matrix_pass_04.csv",".csv","1613","aiwf_atlas","source_content","","","2026-05-21T07:12:10.0000000Z"
"AIWF_Atlas_VOL1_machine_facing_v3_3_api_cli_guide/03_SOURCE_CONTENT/B_RAW_PROVENANCE_ARCHIVES/AIWF_Vol2_Training_The_Fear_RAG_v0_17_DATA_CENTRIC_ML/aiwf_vol2_training_the_fear_rag_v0_17/02_tables/uncertainty_and_metric_reporting_pass_12.csv","uncertainty_and_metric_reporting_pass_12.csv",".csv","547","aiwf_atlas","source_content","","","2026-05-21T07:12:10.0000000Z"
"AIWF_Atlas_VOL1_machine_facing_v3_3_api_cli_guide/03_SOURCE_CONTENT/B_RAW_PROVENANCE_ARCHIVES/AIWF_Vol2_Training_The_Fear_RAG_v0_17_DATA_CENTRIC_ML/aiwf_vol2_training_the_fear_rag_v0_17/02_tables/validation_protocol_matrix_pass_12.csv","validation_protocol_matrix_pass_12.csv",".csv","723","aiwf_atlas","source_content","","","2026-05-21T07:12:10.0000000Z"
"AIWF_Atlas_VOL1_machine_facing_v3_3_api_cli_guide/03_SOURCE_CONTENT/B_RAW_PROVENANCE_ARCHIVES/AIWF_Vol2_Training_The_Fear_RAG_v0_17_DATA_CENTRIC_ML/aiwf_vol2_training_the_fear_rag_v0_17/02_tables/video_dataset_prep_matrix_pass_05.csv","video_dataset_prep_matrix_pass_05.csv",".csv","1097","aiwf_atlas","source_content","","","2026-05-21T07:12:10.0000000Z"
"AIWF_Atlas_VOL1_machine_facing_v3_3_api_cli_guide/03_SOURCE_CONTENT/B_RAW_PROVENANCE_ARCHIVES/AIWF_Vol2_Training_The_Fear_RAG_v0_17_DATA_CENTRIC_ML/aiwf_vol2_training_the_fear_rag_v0_17/02_tables/vol1_source_review_manifest_v0_13.csv","vol1_source_review_manifest_v0_13.csv",".csv","949","aiwf_atlas","source_content","","","2026-05-21T07:12:10.0000000Z"
"AIWF_Atlas_VOL1_machine_facing_v3_3_api_cli_guide/03_SOURCE_CONTENT/B_RAW_PROVENANCE_ARCHIVES/AIWF_Vol2_Training_The_Fear_RAG_v0_17_DATA_CENTRIC_ML/aiwf_vol2_training_the_fear_rag_v0_17/02_tables/vol1_style_guardrails_v0_13.csv","vol1_style_guardrails_v0_13.csv",".csv","809","aiwf_atlas","source_content","","","2026-05-21T07:12:10.0000000Z"
"AIWF_Atlas_VOL1_machine_facing_v3_3_api_cli_guide/03_SOURCE_CONTENT/B_RAW_PROVENANCE_ARCHIVES/AIWF_Vol2_Training_The_Fear_RAG_v0_17_DATA_CENTRIC_ML/aiwf_vol2_training_the_fear_rag_v0_17/02_tables/vol2_pedagogy_pattern_matrix_v0_13.csv","vol2_pedagogy_pattern_matrix_v0_13.csv",".csv","554","aiwf_atlas","source_content","","","2026-05-21T07:12:10.0000000Z"
"AIWF_Atlas_VOL1_machine_facing_v3_3_api_cli_guide/03_SOURCE_CONTENT/B_RAW_PROVENANCE_ARCHIVES/AIWF_Vol2_Training_The_Fear_RAG_v0_17_DATA_CENTRIC_ML/aiwf_vol2_training_the_fear_rag_v0_17/02_tables/vol2_visual_asset_taxonomy_v0_13.csv","vol2_visual_asset_taxonomy_v0_13.csv",".csv","704","aiwf_atlas","source_content","","","2026-05-21T07:12:10.0000000Z"
"AIWF_Atlas_VOL1_machine_facing_v3_3_api_cli_guide/03_SOURCE_CONTENT/B_RAW_PROVENANCE_ARCHIVES/AIWF_Vol2_Training_The_Fear_RAG_v0_17_DATA_CENTRIC_ML/aiwf_vol2_training_the_fear_rag_v0_17/02_tables/vol2_voice_do_dont_v0_13.csv","vol2_voice_do_dont_v0_13.csv",".csv","591","aiwf_atlas","source_content","","","2026-05-21T07:12:10.0000000Z"
"AIWF_Atlas_VOL1_machine_facing_v3_3_api_cli_guide/03_SOURCE_CONTENT/B_RAW_PROVENANCE_ARCHIVES/AIWF_Vol2_Training_The_Fear_RAG_v0_17_DATA_CENTRIC_ML/aiwf_vol2_training_the_fear_rag_v0_17/03_templates/RAG_CARD_TEMPLATE_training_tool.md","RAG_CARD_TEMPLATE_training_tool.md",".md","374","aiwf_atlas","source_content","","","2026-05-21T07:12:10.0000000Z"
"AIWF_Atlas_VOL1_machine_facing_v3_3_api_cli_guide/03_SOURCE_CONTENT/B_RAW_PROVENANCE_ARCHIVES/AIWF_Vol2_Training_The_Fear_RAG_v0_17_DATA_CENTRIC_ML/aiwf_vol2_training_the_fear_rag_v0_17/04_future_passes/NEXT_PASS_QUEUE_v0_15.md","NEXT_PASS_QUEUE_v0_15.md",".md","4554","aiwf_atlas","source_content","","","2026-05-21T07:12:10.0000000Z"
"AIWF_Atlas_VOL1_machine_facing_v3_3_api_cli_guide/03_SOURCE_CONTENT/B_RAW_PROVENANCE_ARCHIVES/AIWF_Vol2_Training_The_Fear_RAG_v0_17_DATA_CENTRIC_ML/aiwf_vol2_training_the_fear_rag_v0_17/04_future_passes/NEXT_PASSES.md","NEXT_PASSES.md",".md","1730","aiwf_atlas","source_content","","","2026-05-21T07:12:10.0000000Z"
"AIWF_Atlas_VOL1_machine_facing_v3_3_api_cli_guide/03_SOURCE_CONTENT/B_RAW_PROVENANCE_ARCHIVES/AIWF_Vol2_Training_The_Fear_RAG_v0_17_DATA_CENTRIC_ML/aiwf_vol2_training_the_fear_rag_v0_17/05_specs/AIWF_Dataset_Doctor_v0_3.md","AIWF_Dataset_Doctor_v0_3.md",".md","8521","aiwf_atlas","source_content","","","2026-05-21T07:12:10.0000000Z"
"AIWF_Atlas_VOL1_machine_facing_v3_3_api_cli_guide/03_SOURCE_CONTENT/B_RAW_PROVENANCE_ARCHIVES/AIWF_Vol2_Training_The_Fear_RAG_v0_17_DATA_CENTRIC_ML/aiwf_vol2_training_the_fear_rag_v0_17/05_specs/AIWF_Dataset_Doctor_v0_4_DATA_CENTRIC.md","AIWF_Dataset_Doctor_v0_4_DATA_CENTRIC.md",".md","1590","aiwf_atlas","source_content","","","2026-05-21T07:12:10.0000000Z"
"AIWF_Atlas_VOL1_machine_facing_v3_3_api_cli_guide/03_SOURCE_CONTENT/B_RAW_PROVENANCE_ARCHIVES/AIWF_Vol2_Training_The_Fear_RAG_v0_17_DATA_CENTRIC_ML/aiwf_vol2_training_the_fear_rag_v0_17/05_specs/AIWF_PostTraining_Run_Pack_v0_1.md","AIWF_PostTraining_Run_Pack_v0_1.md",".md","1044","aiwf_atlas","source_content","","","2026-05-21T07:12:10.0000000Z"
"AIWF_Atlas_VOL1_machine_facing_v3_3_api_cli_guide/03_SOURCE_CONTENT/B_RAW_PROVENANCE_ARCHIVES/AIWF_Vol2_Training_The_Fear_RAG_v0_17_DATA_CENTRIC_ML/aiwf_vol2_training_the_fear_rag_v0_17/05_specs/AIWF_RAG_Retriever_Trainer_v0_1.md","AIWF_RAG_Retriever_Trainer_v0_1.md",".md","1387","aiwf_atlas","source_content","","","2026-05-21T07:12:10.0000000Z"
"AIWF_Atlas_VOL1_machine_facing_v3_3_api_cli_guide/03_SOURCE_CONTENT/B_RAW_PROVENANCE_ARCHIVES/AIWF_Vol2_Training_The_Fear_RAG_v0_17_DATA_CENTRIC_ML/aiwf_vol2_training_the_fear_rag_v0_17/05_specs/AIWF_Training_Judge_v0_1.md","AIWF_Training_Judge_v0_1.md",".md","1848","aiwf_atlas","source_content","","","2026-05-21T07:12:10.0000000Z"
"AIWF_Atlas_VOL1_machine_facing_v3_3_api_cli_guide/03_SOURCE_CONTENT/B_RAW_PROVENANCE_ARCHIVES/AIWF_Vol2_Training_The_Fear_RAG_v0_17_DATA_CENTRIC_ML/aiwf_vol2_training_the_fear_rag_v0_17/05_specs/AIWF_Training_Preset_Builder_v0_1.md","AIWF_Training_Preset_Builder_v0_1.md",".md","1823","aiwf_atlas","source_content","","","2026-05-21T07:12:10.0000000Z"
"AIWF_Atlas_VOL1_machine_facing_v3_3_api_cli_guide/03_SOURCE_CONTENT/B_RAW_PROVENANCE_ARCHIVES/AIWF_Vol2_Training_The_Fear_RAG_v0_17_DATA_CENTRIC_ML/aiwf_vol2_training_the_fear_rag_v0_17/06_sources/CHAT_SOURCE_CAPTURE_v0_15.md","CHAT_SOURCE_CAPTURE_v0_15.md",".md","2379","aiwf_atlas","source_content","","","2026-05-21T07:12:10.0000000Z"
"AIWF_Atlas_VOL1_machine_facing_v3_3_api_cli_guide/03_SOURCE_CONTENT/B_RAW_PROVENANCE_ARCHIVES/AIWF_Vol2_Training_The_Fear_RAG_v0_17_DATA_CENTRIC_ML/aiwf_vol2_training_the_fear_rag_v0_17/06_sources/MASTER_SOURCE_REGISTER_v0_17.csv","MASTER_SOURCE_REGISTER_v0_17.csv",".csv","142269","aiwf_atlas","source_content","","","2026-05-21T07:12:10.0000000Z"
"AIWF_Atlas_VOL1_machine_facing_v3_3_api_cli_guide/03_SOURCE_CONTENT/B_RAW_PROVENANCE_ARCHIVES/AIWF_Vol2_Training_The_Fear_RAG_v0_17_DATA_CENTRIC_ML/aiwf_vol2_training_the_fear_rag_v0_17/06_sources/MASTER_SOURCE_REGISTER_v0_17.md","MASTER_SOURCE_REGISTER_v0_17.md",".md","34411","aiwf_atlas","source_content","","","2026-05-21T07:12:10.0000000Z"
"AIWF_Atlas_VOL1_machine_facing_v3_3_api_cli_guide/03_SOURCE_CONTENT/B_RAW_PROVENANCE_ARCHIVES/AIWF_Vol2_Training_The_Fear_RAG_v0_17_DATA_CENTRIC_ML/aiwf_vol2_training_the_fear_rag_v0_17/06_sources/PASS_14_SOURCE_ANCHORS.md","PASS_14_SOURCE_ANCHORS.md",".md","1587","aiwf_atlas","source_content","","","2026-05-21T07:12:10.0000000Z"
"AIWF_Atlas_VOL1_machine_facing_v3_3_api_cli_guide/03_SOURCE_CONTENT/B_RAW_PROVENANCE_ARCHIVES/AIWF_Vol2_Training_The_Fear_RAG_v0_17_DATA_CENTRIC_ML/aiwf_vol2_training_the_fear_rag_v0_17/06_sources/PASS_16_SOURCE_ANCHORS.md","PASS_16_SOURCE_ANCHORS.md",".md","1329","aiwf_atlas","source_content","","","2026-05-21T07:12:10.0000000Z"
"AIWF_Atlas_VOL1_machine_facing_v3_3_api_cli_guide/03_SOURCE_CONTENT/B_RAW_PROVENANCE_ARCHIVES/AIWF_Vol2_Training_The_Fear_RAG_v0_17_DATA_CENTRIC_ML/aiwf_vol2_training_the_fear_rag_v0_17/06_sources/PASS_17_SOURCE_ANCHORS.md","PASS_17_SOURCE_ANCHORS.md",".md","1457","aiwf_atlas","source_content","","","2026-05-21T07:12:10.0000000Z"
"AIWF_Atlas_VOL1_machine_facing_v3_3_api_cli_guide/03_SOURCE_CONTENT/B_RAW_PROVENANCE_ARCHIVES/AIWF_Vol2_Training_The_Fear_RAG_v0_17_DATA_CENTRIC_ML/aiwf_vol2_training_the_fear_rag_v0_17/06_sources/SOURCE_GAPS_AND_RECHECK_QUEUE_v0_15.md","SOURCE_GAPS_AND_RECHECK_QUEUE_v0_15.md",".md","1641","aiwf_atlas","source_content","","","2026-05-21T07:12:10.0000000Z"
"AIWF_Atlas_VOL1_machine_facing_v3_3_api_cli_guide/03_SOURCE_CONTENT/B_RAW_PROVENANCE_ARCHIVES/AIWF_Vol2_Training_The_Fear_RAG_v0_17_DATA_CENTRIC_ML/aiwf_vol2_training_the_fear_rag_v0_17/06_sources/SOURCE_GOVERNANCE_AND_FACT_CHECKING_v0_15.md","SOURCE_GOVERNANCE_AND_FACT_CHECKING_v0_15.md",".md","1931","aiwf_atlas","source_content","","","2026-05-21T07:12:10.0000000Z"
"AIWF_Atlas_VOL1_machine_facing_v3_3_api_cli_guide/03_SOURCE_CONTENT/B_RAW_PROVENANCE_ARCHIVES/AIWF_Vol2_Training_The_Fear_RAG_v0_17_DATA_CENTRIC_ML/aiwf_vol2_training_the_fear_rag_v0_17/06_sources/source_log_pass_02.md","source_log_pass_02.md",".md","3770","aiwf_atlas","source_content","","","2026-05-21T07:12:10.0000000Z"
"AIWF_Atlas_VOL1_machine_facing_v3_3_api_cli_guide/03_SOURCE_CONTENT/B_RAW_PROVENANCE_ARCHIVES/AIWF_Vol2_Training_The_Fear_RAG_v0_17_DATA_CENTRIC_ML/aiwf_vol2_training_the_fear_rag_v0_17/06_sources/source_log_pass_03.md","source_log_pass_03.md",".md","3748","aiwf_atlas","source_content","","","2026-05-21T07:12:10.0000000Z"
"AIWF_Atlas_VOL1_machine_facing_v3_3_api_cli_guide/03_SOURCE_CONTENT/B_RAW_PROVENANCE_ARCHIVES/AIWF_Vol2_Training_The_Fear_RAG_v0_17_DATA_CENTRIC_ML/aiwf_vol2_training_the_fear_rag_v0_17/06_sources/source_log_pass_04.md","source_log_pass_04.md",".md","2710","aiwf_atlas","source_content","","","2026-05-21T07:12:10.0000000Z"
"AIWF_Atlas_VOL1_machine_facing_v3_3_api_cli_guide/03_SOURCE_CONTENT/B_RAW_PROVENANCE_ARCHIVES/AIWF_Vol2_Training_The_Fear_RAG_v0_17_DATA_CENTRIC_ML/aiwf_vol2_training_the_fear_rag_v0_17/06_sources/source_log_pass_05.md","source_log_pass_05.md",".md","3932","aiwf_atlas","source_content","","","2026-05-21T07:12:10.0000000Z"
"AIWF_Atlas_VOL1_machine_facing_v3_3_api_cli_guide/03_SOURCE_CONTENT/B_RAW_PROVENANCE_ARCHIVES/AIWF_Vol2_Training_The_Fear_RAG_v0_17_DATA_CENTRIC_ML/aiwf_vol2_training_the_fear_rag_v0_17/06_sources/source_log_pass_06.md","source_log_pass_06.md",".md","2947","aiwf_atlas","source_content","","","2026-05-21T07:12:10.0000000Z"
"AIWF_Atlas_VOL1_machine_facing_v3_3_api_cli_guide/03_SOURCE_CONTENT/B_RAW_PROVENANCE_ARCHIVES/AIWF_Vol2_Training_The_Fear_RAG_v0_17_DATA_CENTRIC_ML/aiwf_vol2_training_the_fear_rag_v0_17/06_sources/source_log_pass_07.md","source_log_pass_07.md",".md","2083","aiwf_atlas","source_content","","","2026-05-21T07:12:10.0000000Z"
"AIWF_Atlas_VOL1_machine_facing_v3_3_api_cli_guide/03_SOURCE_CONTENT/B_RAW_PROVENANCE_ARCHIVES/AIWF_Vol2_Training_The_Fear_RAG_v0_17_DATA_CENTRIC_ML/aiwf_vol2_training_the_fear_rag_v0_17/06_sources/source_log_pass_08_review_polish.md","source_log_pass_08_review_polish.md",".md","580","aiwf_atlas","source_content","","","2026-05-21T07:12:10.0000000Z"
"AIWF_Atlas_VOL1_machine_facing_v3_3_api_cli_guide/03_SOURCE_CONTENT/B_RAW_PROVENANCE_ARCHIVES/AIWF_Vol2_Training_The_Fear_RAG_v0_17_DATA_CENTRIC_ML/aiwf_vol2_training_the_fear_rag_v0_17/06_sources/source_log_pass_09.md","source_log_pass_09.md",".md","1588","aiwf_atlas","source_content","","","2026-05-21T07:12:10.0000000Z"
"AIWF_Atlas_VOL1_machine_facing_v3_3_api_cli_guide/03_SOURCE_CONTENT/B_RAW_PROVENANCE_ARCHIVES/AIWF_Vol2_Training_The_Fear_RAG_v0_17_DATA_CENTRIC_ML/aiwf_vol2_training_the_fear_rag_v0_17/06_sources/source_log_pass_10.md","source_log_pass_10.md",".md","1658","aiwf_atlas","source_content","","","2026-05-21T07:12:10.0000000Z"
"AIWF_Atlas_VOL1_machine_facing_v3_3_api_cli_guide/03_SOURCE_CONTENT/B_RAW_PROVENANCE_ARCHIVES/AIWF_Vol2_Training_The_Fear_RAG_v0_17_DATA_CENTRIC_ML/aiwf_vol2_training_the_fear_rag_v0_17/06_sources/source_log_pass_11_ml_foundations.md","source_log_pass_11_ml_foundations.md",".md","2100","aiwf_atlas","source_content","","","2026-05-21T07:12:10.0000000Z"
"AIWF_Atlas_VOL1_machine_facing_v3_3_api_cli_guide/03_SOURCE_CONTENT/B_RAW_PROVENANCE_ARCHIVES/AIWF_Vol2_Training_The_Fear_RAG_v0_17_DATA_CENTRIC_ML/aiwf_vol2_training_the_fear_rag_v0_17/06_sources/source_log_pass_12_statistical_learning.md","source_log_pass_12_statistical_learning.md",".md","2199","aiwf_atlas","source_content","","","2026-05-21T07:12:10.0000000Z"
"AIWF_Atlas_VOL1_machine_facing_v3_3_api_cli_guide/03_SOURCE_CONTENT/B_RAW_PROVENANCE_ARCHIVES/AIWF_Vol2_Training_The_Fear_RAG_v0_17_DATA_CENTRIC_ML/aiwf_vol2_training_the_fear_rag_v0_17/07_theory_law_rules/CONSUMER_TRAINING_RULES_OF_THUMB_PASS_04.md","CONSUMER_TRAINING_RULES_OF_THUMB_PASS_04.md",".md","1195","aiwf_atlas","source_content","","","2026-05-21T07:12:10.0000000Z"
"AIWF_Atlas_VOL1_machine_facing_v3_3_api_cli_guide/03_SOURCE_CONTENT/B_RAW_PROVENANCE_ARCHIVES/AIWF_Vol2_Training_The_Fear_RAG_v0_17_DATA_CENTRIC_ML/aiwf_vol2_training_the_fear_rag_v0_17/07_theory_law_rules/DATA_CENTRIC_ML_FIELD_RULES_PASS_17.md","DATA_CENTRIC_ML_FIELD_RULES_PASS_17.md",".md","1702","aiwf_atlas","source_content","","","2026-05-21T07:12:10.0000000Z"
"AIWF_Atlas_VOL1_machine_facing_v3_3_api_cli_guide/03_SOURCE_CONTENT/B_RAW_PROVENANCE_ARCHIVES/AIWF_Vol2_Training_The_Fear_RAG_v0_17_DATA_CENTRIC_ML/aiwf_vol2_training_the_fear_rag_v0_17/07_theory_law_rules/DATASET_CONSTRUCTION_RULES_PASS_05.md","DATASET_CONSTRUCTION_RULES_PASS_05.md",".md","1914","aiwf_atlas","source_content","","","2026-05-21T07:12:10.0000000Z"
"AIWF_Atlas_VOL1_machine_facing_v3_3_api_cli_guide/03_SOURCE_CONTENT/B_RAW_PROVENANCE_ARCHIVES/AIWF_Vol2_Training_The_Fear_RAG_v0_17_DATA_CENTRIC_ML/aiwf_vol2_training_the_fear_rag_v0_17/07_theory_law_rules/GENERALIZATION_RULES_PASS_12.md","GENERALIZATION_RULES_PASS_12.md",".md","1572","aiwf_atlas","source_content","","","2026-05-21T07:12:10.0000000Z"
"AIWF_Atlas_VOL1_machine_facing_v3_3_api_cli_guide/03_SOURCE_CONTENT/B_RAW_PROVENANCE_ARCHIVES/AIWF_Vol2_Training_The_Fear_RAG_v0_17_DATA_CENTRIC_ML/aiwf_vol2_training_the_fear_rag_v0_17/07_theory_law_rules/IMAGE_LORA_FAMILY_RULES_PASS_09.md","IMAGE_LORA_FAMILY_RULES_PASS_09.md",".md","859","aiwf_atlas","source_content","","","2026-05-21T07:12:10.0000000Z"
"AIWF_Atlas_VOL1_machine_facing_v3_3_api_cli_guide/03_SOURCE_CONTENT/B_RAW_PROVENANCE_ARCHIVES/AIWF_Vol2_Training_The_Fear_RAG_v0_17_DATA_CENTRIC_ML/aiwf_vol2_training_the_fear_rag_v0_17/07_theory_law_rules/OPTIMIZATION_FIELD_RULES_PASS_14.md","OPTIMIZATION_FIELD_RULES_PASS_14.md",".md","1445","aiwf_atlas","source_content","","","2026-05-21T07:12:10.0000000Z"
"AIWF_Atlas_VOL1_machine_facing_v3_3_api_cli_guide/03_SOURCE_CONTENT/B_RAW_PROVENANCE_ARCHIVES/AIWF_Vol2_Training_The_Fear_RAG_v0_17_DATA_CENTRIC_ML/aiwf_vol2_training_the_fear_rag_v0_17/07_theory_law_rules/POST_TRAINING_RULES_PASS_07.md","POST_TRAINING_RULES_PASS_07.md",".md","1176","aiwf_atlas","source_content","","","2026-05-21T07:12:10.0000000Z"
"AIWF_Atlas_VOL1_machine_facing_v3_3_api_cli_guide/03_SOURCE_CONTENT/B_RAW_PROVENANCE_ARCHIVES/AIWF_Vol2_Training_The_Fear_RAG_v0_17_DATA_CENTRIC_ML/aiwf_vol2_training_the_fear_rag_v0_17/07_theory_law_rules/SYNTHETIC_MEDIA_CONSENT_DISCLOSURE_PROVENANCE.md","SYNTHETIC_MEDIA_CONSENT_DISCLOSURE_PROVENANCE.md",".md","3961","aiwf_atlas","source_content","","","2026-05-21T07:12:10.0000000Z"
"AIWF_Atlas_VOL1_machine_facing_v3_3_api_cli_guide/03_SOURCE_CONTENT/B_RAW_PROVENANCE_ARCHIVES/AIWF_Vol2_Training_The_Fear_RAG_v0_17_DATA_CENTRIC_ML/aiwf_vol2_training_the_fear_rag_v0_17/07_theory_law_rules/TRAINING_LAW_DEEP_DIVE_US_EU_BASELINE.md","TRAINING_LAW_DEEP_DIVE_US_EU_BASELINE.md",".md","4244","aiwf_atlas","source_content","","","2026-05-21T07:12:10.0000000Z"
"AIWF_Atlas_VOL1_machine_facing_v3_3_api_cli_guide/03_SOURCE_CONTENT/B_RAW_PROVENANCE_ARCHIVES/AIWF_Vol2_Training_The_Fear_RAG_v0_17_DATA_CENTRIC_ML/aiwf_vol2_training_the_fear_rag_v0_17/07_theory_law_rules/TRAINING_METHOD_RULES_PASS_06.md","TRAINING_METHOD_RULES_PASS_06.md",".md","861","aiwf_atlas","source_content","","","2026-05-21T07:12:10.0000000Z"
"AIWF_Atlas_VOL1_machine_facing_v3_3_api_cli_guide/03_SOURCE_CONTENT/B_RAW_PROVENANCE_ARCHIVES/AIWF_Vol2_Training_The_Fear_RAG_v0_17_DATA_CENTRIC_ML/aiwf_vol2_training_the_fear_rag_v0_17/08_editorial/AIWF_BRAND_BIBLE_v0_13.md","AIWF_BRAND_BIBLE_v0_13.md",".md","3188","aiwf_atlas","source_content","","","2026-05-21T07:12:10.0000000Z"
"AIWF_Atlas_VOL1_machine_facing_v3_3_api_cli_guide/03_SOURCE_CONTENT/B_RAW_PROVENANCE_ARCHIVES/AIWF_Vol2_Training_The_Fear_RAG_v0_17_DATA_CENTRIC_ML/aiwf_vol2_training_the_fear_rag_v0_17/08_editorial/AIWF_FORCE_MULTIPLIER_INSERT.md","AIWF_FORCE_MULTIPLIER_INSERT.md",".md","3361","aiwf_atlas","source_content","","","2026-05-21T07:12:10.0000000Z"
"AIWF_Atlas_VOL1_machine_facing_v3_3_api_cli_guide/03_SOURCE_CONTENT/B_RAW_PROVENANCE_ARCHIVES/AIWF_Vol2_Training_The_Fear_RAG_v0_17_DATA_CENTRIC_ML/aiwf_vol2_training_the_fear_rag_v0_17/08_editorial/EDITOR_PROMPT_PACK_VOL2_CONTINUITY_v0_13.md","EDITOR_PROMPT_PACK_VOL2_CONTINUITY_v0_13.md",".md","2210","aiwf_atlas","source_content","","","2026-05-21T07:12:10.0000000Z"
"AIWF_Atlas_VOL1_machine_facing_v3_3_api_cli_guide/03_SOURCE_CONTENT/B_RAW_PROVENANCE_ARCHIVES/AIWF_Vol2_Training_The_Fear_RAG_v0_17_DATA_CENTRIC_ML/aiwf_vol2_training_the_fear_rag_v0_17/08_editorial/EDITORIAL_STYLE_GUIDE.md","EDITORIAL_STYLE_GUIDE.md",".md","1671","aiwf_atlas","source_content","","","2026-05-21T07:12:10.0000000Z"
"AIWF_Atlas_VOL1_machine_facing_v3_3_api_cli_guide/03_SOURCE_CONTENT/B_RAW_PROVENANCE_ARCHIVES/AIWF_Vol2_Training_The_Fear_RAG_v0_17_DATA_CENTRIC_ML/aiwf_vol2_training_the_fear_rag_v0_17/08_editorial/FACT_CHECK_AND_SOURCE_RULES.md","FACT_CHECK_AND_SOURCE_RULES.md",".md","1216","aiwf_atlas","source_content","","","2026-05-21T07:12:10.0000000Z"
"AIWF_Atlas_VOL1_machine_facing_v3_3_api_cli_guide/03_SOURCE_CONTENT/B_RAW_PROVENANCE_ARCHIVES/AIWF_Vol2_Training_The_Fear_RAG_v0_17_DATA_CENTRIC_ML/aiwf_vol2_training_the_fear_rag_v0_17/08_editorial/GLOSSARY_STARTER.md","GLOSSARY_STARTER.md",".md","1497","aiwf_atlas","source_content","","","2026-05-21T07:12:10.0000000Z"
"AIWF_Atlas_VOL1_machine_facing_v3_3_api_cli_guide/03_SOURCE_CONTENT/B_RAW_PROVENANCE_ARCHIVES/AIWF_Vol2_Training_The_Fear_RAG_v0_17_DATA_CENTRIC_ML/aiwf_vol2_training_the_fear_rag_v0_17/08_editorial/ILLUSTRATION_STYLE_AND_VISUAL_SYSTEM_v0_13.md","ILLUSTRATION_STYLE_AND_VISUAL_SYSTEM_v0_13.md",".md","3871","aiwf_atlas","source_content","","","2026-05-21T07:12:10.0000000Z"
"AIWF_Atlas_VOL1_machine_facing_v3_3_api_cli_guide/03_SOURCE_CONTENT/B_RAW_PROVENANCE_ARCHIVES/AIWF_Vol2_Training_The_Fear_RAG_v0_17_DATA_CENTRIC_ML/aiwf_vol2_training_the_fear_rag_v0_17/08_editorial/PEDAGOGY_AND_EXERCISE_DESIGN_v0_13.md","PEDAGOGY_AND_EXERCISE_DESIGN_v0_13.md",".md","3113","aiwf_atlas","source_content","","","2026-05-21T07:12:10.0000000Z"
"AIWF_Atlas_VOL1_machine_facing_v3_3_api_cli_guide/03_SOURCE_CONTENT/B_RAW_PROVENANCE_ARCHIVES/AIWF_Vol2_Training_The_Fear_RAG_v0_17_DATA_CENTRIC_ML/aiwf_vol2_training_the_fear_rag_v0_17/08_editorial/VOL1_CONTINUITY_BRIEF_v0_13.md","VOL1_CONTINUITY_BRIEF_v0_13.md",".md","5198","aiwf_atlas","source_content","","","2026-05-21T07:12:10.0000000Z"
"AIWF_Atlas_VOL1_machine_facing_v3_3_api_cli_guide/03_SOURCE_CONTENT/B_RAW_PROVENANCE_ARCHIVES/AIWF_Vol2_Training_The_Fear_RAG_v0_17_DATA_CENTRIC_ML/aiwf_vol2_training_the_fear_rag_v0_17/08_editorial/VOL1_TO_VOL2_BRIDGE_NOTES_v0_13.md","VOL1_TO_VOL2_BRIDGE_NOTES_v0_13.md",".md","2572","aiwf_atlas","source_content","","","2026-05-21T07:12:10.0000000Z"
"AIWF_Atlas_VOL1_machine_facing_v3_3_api_cli_guide/03_SOURCE_CONTENT/B_RAW_PROVENANCE_ARCHIVES/AIWF_Vol2_Training_The_Fear_RAG_v0_17_DATA_CENTRIC_ML/aiwf_vol2_training_the_fear_rag_v0_17/08_editorial/VOL2_CHAPTER_OUTLINE_DRAFT.md","VOL2_CHAPTER_OUTLINE_DRAFT.md",".md","1745","aiwf_atlas","source_content","","","2026-05-21T07:12:10.0000000Z"
"AIWF_Atlas_VOL1_machine_facing_v3_3_api_cli_guide/03_SOURCE_CONTENT/B_RAW_PROVENANCE_ARCHIVES/AIWF_Vol2_Training_The_Fear_RAG_v0_17_DATA_CENTRIC_ML/aiwf_vol2_training_the_fear_rag_v0_17/08_editorial/VOL2_TONE_AND_READER_LEVEL_GUIDE_v0_13.md","VOL2_TONE_AND_READER_LEVEL_GUIDE_v0_13.md",".md","2846","aiwf_atlas","source_content","","","2026-05-21T07:12:10.0000000Z"
"AIWF_Atlas_VOL1_machine_facing_v3_3_api_cli_guide/03_SOURCE_CONTENT/B_RAW_PROVENANCE_ARCHIVES/AIWF_Vol2_Training_The_Fear_RAG_v0_17_DATA_CENTRIC_ML/aiwf_vol2_training_the_fear_rag_v0_17/09_theory_curriculum/MASTER_THEORY_ROADMAP_MARCH_2026.md","MASTER_THEORY_ROADMAP_MARCH_2026.md",".md","4252","aiwf_atlas","source_content","","","2026-05-21T07:12:10.0000000Z"
"AIWF_Atlas_VOL1_machine_facing_v3_3_api_cli_guide/03_SOURCE_CONTENT/B_RAW_PROVENANCE_ARCHIVES/AIWF_Vol2_Training_The_Fear_RAG_v0_17_DATA_CENTRIC_ML/aiwf_vol2_training_the_fear_rag_v0_17/09_theory_curriculum/PASS_11_FOUNDATIONS_AND_TECHNIQUE_ROADMAP.md","PASS_11_FOUNDATIONS_AND_TECHNIQUE_ROADMAP.md",".md","2405","aiwf_atlas","source_content","","","2026-05-21T07:12:10.0000000Z"
"AIWF_Atlas_VOL1_machine_facing_v3_3_api_cli_guide/03_SOURCE_CONTENT/B_RAW_PROVENANCE_ARCHIVES/AIWF_Vol2_Training_The_Fear_RAG_v0_17_DATA_CENTRIC_ML/aiwf_vol2_training_the_fear_rag_v0_17/09_theory_curriculum/PASS_12_STATISTICAL_LEARNING_GENERALIZATION_ROADMAP.md","PASS_12_STATISTICAL_LEARNING_GENERALIZATION_ROADMAP.md",".md","2048","aiwf_atlas","source_content","","","2026-05-21T07:12:10.0000000Z"
"AIWF_Atlas_VOL1_machine_facing_v3_3_api_cli_guide/03_SOURCE_CONTENT/B_RAW_PROVENANCE_ARCHIVES/AIWF_Vol2_Training_The_Fear_RAG_v0_17_DATA_CENTRIC_ML/aiwf_vol2_training_the_fear_rag_v0_17/09_theory_curriculum/PASS_14_OPTIMIZATION_TRAINING_DYNAMICS_ROADMAP.md","PASS_14_OPTIMIZATION_TRAINING_DYNAMICS_ROADMAP.md",".md","2529","aiwf_atlas","source_content","","","2026-05-21T07:12:10.0000000Z"
"AIWF_Atlas_VOL1_machine_facing_v3_3_api_cli_guide/03_SOURCE_CONTENT/B_RAW_PROVENANCE_ARCHIVES/AIWF_Vol2_Training_The_Fear_RAG_v0_17_DATA_CENTRIC_ML/aiwf_vol2_training_the_fear_rag_v0_17/09_theory_curriculum/PASS_16_DEEP_ARCHITECTURE_REPRESENTATION_ROADMAP.md","PASS_16_DEEP_ARCHITECTURE_REPRESENTATION_ROADMAP.md",".md","1703","aiwf_atlas","source_content","","","2026-05-21T07:12:10.0000000Z"
"AIWF_Atlas_VOL1_machine_facing_v3_3_api_cli_guide/03_SOURCE_CONTENT/B_RAW_PROVENANCE_ARCHIVES/AIWF_Vol2_Training_The_Fear_RAG_v0_17_DATA_CENTRIC_ML/aiwf_vol2_training_the_fear_rag_v0_17/09_theory_curriculum/PASS_17_DATA_CENTRIC_ML_ROADMAP.md","PASS_17_DATA_CENTRIC_ML_ROADMAP.md",".md","1063","aiwf_atlas","source_content","","","2026-05-21T07:12:10.0000000Z"
"AIWF_Atlas_VOL1_machine_facing_v3_3_api_cli_guide/03_SOURCE_CONTENT/B_RAW_PROVENANCE_ARCHIVES/AIWF_Vol2_Training_The_Fear_RAG_v0_17_DATA_CENTRIC_ML/aiwf_vol2_training_the_fear_rag_v0_17/09_theory_curriculum/THEORY_TO_AIWF_OUTCOME_MAP.md","THEORY_TO_AIWF_OUTCOME_MAP.md",".md","2241","aiwf_atlas","source_content","","","2026-05-21T07:12:10.0000000Z"
"AIWF_Atlas_VOL1_machine_facing_v3_3_api_cli_guide/03_SOURCE_CONTENT/B_RAW_PROVENANCE_ARCHIVES/AIWF_Vol2_Training_The_Fear_RAG_v0_17_DATA_CENTRIC_ML/aiwf_vol2_training_the_fear_rag_v0_17/09_theory_curriculum/VOL2_COLLEGE_POSTGRAD_CHAPTER_ROADMAP.md","VOL2_COLLEGE_POSTGRAD_CHAPTER_ROADMAP.md",".md","6027","aiwf_atlas","source_content","","","2026-05-21T07:12:10.0000000Z"
"AIWF_Atlas_VOL1_machine_facing_v3_3_api_cli_guide/03_SOURCE_CONTENT/B_RAW_PROVENANCE_ARCHIVES/AIWF_Vol2_Training_The_Fear_RAG_v0_17_DATA_CENTRIC_ML/aiwf_vol2_training_the_fear_rag_v0_17/10_exercises/EXERCISE_LADDER_VOL2.md","EXERCISE_LADDER_VOL2.md",".md","2600","aiwf_atlas","source_content","","","2026-05-21T07:12:12.0000000Z"
"AIWF_Atlas_VOL1_machine_facing_v3_3_api_cli_guide/03_SOURCE_CONTENT/B_RAW_PROVENANCE_ARCHIVES/AIWF_Vol2_Training_The_Fear_RAG_v0_17_DATA_CENTRIC_ML/aiwf_vol2_training_the_fear_rag_v0_17/10_exercises/PASS_11_FOUNDATION_LABS.md","PASS_11_FOUNDATION_LABS.md",".md","2581","aiwf_atlas","source_content","","","2026-05-21T07:12:12.0000000Z"
"AIWF_Atlas_VOL1_machine_facing_v3_3_api_cli_guide/03_SOURCE_CONTENT/B_RAW_PROVENANCE_ARCHIVES/AIWF_Vol2_Training_The_Fear_RAG_v0_17_DATA_CENTRIC_ML/aiwf_vol2_training_the_fear_rag_v0_17/10_exercises/PASS_12_GENERALIZATION_LABS.md","PASS_12_GENERALIZATION_LABS.md",".md","1651","aiwf_atlas","source_content","","","2026-05-21T07:12:12.0000000Z"
"AIWF_Atlas_VOL1_machine_facing_v3_3_api_cli_guide/03_SOURCE_CONTENT/B_RAW_PROVENANCE_ARCHIVES/AIWF_Vol2_Training_The_Fear_RAG_v0_17_DATA_CENTRIC_ML/aiwf_vol2_training_the_fear_rag_v0_17/10_exercises/PASS_14_OPTIMIZATION_TRAINING_DYNAMICS_LABS.md","PASS_14_OPTIMIZATION_TRAINING_DYNAMICS_LABS.md",".md","1553","aiwf_atlas","source_content","","","2026-05-21T07:12:12.0000000Z"
"AIWF_Atlas_VOL1_machine_facing_v3_3_api_cli_guide/03_SOURCE_CONTENT/B_RAW_PROVENANCE_ARCHIVES/AIWF_Vol2_Training_The_Fear_RAG_v0_17_DATA_CENTRIC_ML/aiwf_vol2_training_the_fear_rag_v0_17/10_exercises/PASS_16_ARCHITECTURE_AND_REPRESENTATION_EXERCISES.md","PASS_16_ARCHITECTURE_AND_REPRESENTATION_EXERCISES.md",".md","1478","aiwf_atlas","source_content","","","2026-05-21T07:12:12.0000000Z"
"AIWF_Atlas_VOL1_machine_facing_v3_3_api_cli_guide/03_SOURCE_CONTENT/B_RAW_PROVENANCE_ARCHIVES/AIWF_Vol2_Training_The_Fear_RAG_v0_17_DATA_CENTRIC_ML/aiwf_vol2_training_the_fear_rag_v0_17/10_exercises/PASS_17_DATA_CENTRIC_ML_LABS.md","PASS_17_DATA_CENTRIC_ML_LABS.md",".md","1255","aiwf_atlas","source_content","","","2026-05-21T07:12:12.0000000Z"
"AIWF_Atlas_VOL1_machine_facing_v3_3_api_cli_guide/03_SOURCE_CONTENT/B_RAW_PROVENANCE_ARCHIVES/AIWF_Vol2_Training_The_Fear_RAG_v0_17_DATA_CENTRIC_ML/aiwf_vol2_training_the_fear_rag_v0_17/CHANGELOG.md","CHANGELOG.md",".md","11323","aiwf_atlas","source_content","","","2026-05-21T07:12:10.0000000Z"
"AIWF_Atlas_VOL1_machine_facing_v3_3_api_cli_guide/03_SOURCE_CONTENT/B_RAW_PROVENANCE_ARCHIVES/AIWF_Vol2_Training_The_Fear_RAG_v0_17_DATA_CENTRIC_ML/aiwf_vol2_training_the_fear_rag_v0_17/README.md","README.md",".md","2096","aiwf_atlas","source_content","","","2026-05-21T07:12:10.0000000Z"
"AIWF_Atlas_VOL1_machine_facing_v3_3_api_cli_guide/03_SOURCE_CONTENT/B_RAW_PROVENANCE_ARCHIVES/AIWF_Vol2_Training_The_Fear_RAG_v0_17_DATA_CENTRIC_ML/aiwf_vol2_training_the_fear_rag_v0_17/ROADMAP.md","ROADMAP.md",".md","12802","aiwf_atlas","source_content","","","2026-05-21T07:12:10.0000000Z"
"AIWF_Atlas_VOL1_machine_facing_v3_3_api_cli_guide/03_SOURCE_CONTENT/B_RAW_PROVENANCE_ARCHIVES/AIWF-Project-Chat-Distribution-Roadmap-v0.6-cfg-denoise-inpaint-theory/AIWF-Project-Chat-Distribution-Roadmap/AI_FIELD_GUIDE_AGENT_PLAN.md","AI_FIELD_GUIDE_AGENT_PLAN.md",".md","1317","aiwf_atlas","source_content","","","2026-05-21T07:12:12.0000000Z"
"AIWF_Atlas_VOL1_machine_facing_v3_3_api_cli_guide/03_SOURCE_CONTENT/B_RAW_PROVENANCE_ARCHIVES/AIWF-Project-Chat-Distribution-Roadmap-v0.6-cfg-denoise-inpaint-theory/AIWF-Project-Chat-Distribution-Roadmap/CHANGELOG.md","CHANGELOG.md",".md","5006","aiwf_atlas","source_content","","","2026-05-21T07:12:12.0000000Z"
"AIWF_Atlas_VOL1_machine_facing_v3_3_api_cli_guide/03_SOURCE_CONTENT/B_RAW_PROVENANCE_ARCHIVES/AIWF-Project-Chat-Distribution-Roadmap-v0.6-cfg-denoise-inpaint-theory/AIWF-Project-Chat-Distribution-Roadmap/CHAT_HANDOFFS/01_brand_hub_chat.md","01_brand_hub_chat.md",".md","2824","aiwf_atlas","source_content","","","2026-05-21T07:12:12.0000000Z"
"AIWF_Atlas_VOL1_machine_facing_v3_3_api_cli_guide/03_SOURCE_CONTENT/B_RAW_PROVENANCE_ARCHIVES/AIWF-Project-Chat-Distribution-Roadmap-v0.6-cfg-denoise-inpaint-theory/AIWF-Project-Chat-Distribution-Roadmap/CHAT_HANDOFFS/02_envpack_workstation_validator_chat.md","02_envpack_workstation_validator_chat.md",".md","3579","aiwf_atlas","source_content","","","2026-05-21T07:12:12.0000000Z"
"AIWF_Atlas_VOL1_machine_facing_v3_3_api_cli_guide/03_SOURCE_CONTENT/B_RAW_PROVENANCE_ARCHIVES/AIWF-Project-Chat-Distribution-Roadmap-v0.6-cfg-denoise-inpaint-theory/AIWF-Project-Chat-Distribution-Roadmap/CHAT_HANDOFFS/03_model_checker_chat.md","03_model_checker_chat.md",".md","3403","aiwf_atlas","source_content","","","2026-05-21T07:12:12.0000000Z"
"AIWF_Atlas_VOL1_machine_facing_v3_3_api_cli_guide/03_SOURCE_CONTENT/B_RAW_PROVENANCE_ARCHIVES/AIWF-Project-Chat-Distribution-Roadmap-v0.6-cfg-denoise-inpaint-theory/AIWF-Project-Chat-Distribution-Roadmap/CHAT_HANDOFFS/04_field_manual_chat.md","04_field_manual_chat.md",".md","3919","aiwf_atlas","source_content","","","2026-05-21T07:12:12.0000000Z"
"AIWF_Atlas_VOL1_machine_facing_v3_3_api_cli_guide/03_SOURCE_CONTENT/B_RAW_PROVENANCE_ARCHIVES/AIWF-Project-Chat-Distribution-Roadmap-v0.6-cfg-denoise-inpaint-theory/AIWF-Project-Chat-Distribution-Roadmap/CHAT_HANDOFFS/05_knowledge_pack_assistant_chat.md","05_knowledge_pack_assistant_chat.md",".md","3063","aiwf_atlas","source_content","","","2026-05-21T07:12:12.0000000Z"
"AIWF_Atlas_VOL1_machine_facing_v3_3_api_cli_guide/03_SOURCE_CONTENT/B_RAW_PROVENANCE_ARCHIVES/AIWF-Project-Chat-Distribution-Roadmap-v0.6-cfg-denoise-inpaint-theory/AIWF-Project-Chat-Distribution-Roadmap/CHAT_HANDOFFS/06_workflow_packs_chat.md","06_workflow_packs_chat.md",".md","3413","aiwf_atlas","source_content","","","2026-05-21T07:12:12.0000000Z"
"AIWF_Atlas_VOL1_machine_facing_v3_3_api_cli_guide/03_SOURCE_CONTENT/B_RAW_PROVENANCE_ARCHIVES/AIWF-Project-Chat-Distribution-Roadmap-v0.6-cfg-denoise-inpaint-theory/AIWF-Project-Chat-Distribution-Roadmap/CHAT_HANDOFFS/07_comfyui_nodes_chat.md","07_comfyui_nodes_chat.md",".md","3343","aiwf_atlas","source_content","","","2026-05-21T07:12:12.0000000Z"
"AIWF_Atlas_VOL1_machine_facing_v3_3_api_cli_guide/03_SOURCE_CONTENT/B_RAW_PROVENANCE_ARCHIVES/AIWF-Project-Chat-Distribution-Roadmap-v0.6-cfg-denoise-inpaint-theory/AIWF-Project-Chat-Distribution-Roadmap/CHAT_HANDOFFS/08_old_photo_restore_chat.md","08_old_photo_restore_chat.md",".md","3335","aiwf_atlas","source_content","","","2026-05-21T07:12:12.0000000Z"
"AIWF_Atlas_VOL1_machine_facing_v3_3_api_cli_guide/03_SOURCE_CONTENT/B_RAW_PROVENANCE_ARCHIVES/AIWF-Project-Chat-Distribution-Roadmap-v0.6-cfg-denoise-inpaint-theory/AIWF-Project-Chat-Distribution-Roadmap/CHAT_HANDOFFS/09_qwenvl_vqa_llm_nodes_chat.md","09_qwenvl_vqa_llm_nodes_chat.md",".md","3483","aiwf_atlas","source_content","","","2026-05-21T07:12:12.0000000Z"
"AIWF_Atlas_VOL1_machine_facing_v3_3_api_cli_guide/03_SOURCE_CONTENT/B_RAW_PROVENANCE_ARCHIVES/AIWF-Project-Chat-Distribution-Roadmap-v0.6-cfg-denoise-inpaint-theory/AIWF-Project-Chat-Distribution-Roadmap/CHAT_HANDOFFS/10_aiwf_photos_chat.md","10_aiwf_photos_chat.md",".md","3119","aiwf_atlas","source_content","","","2026-05-21T07:12:12.0000000Z"
"AIWF_Atlas_VOL1_machine_facing_v3_3_api_cli_guide/03_SOURCE_CONTENT/B_RAW_PROVENANCE_ARCHIVES/AIWF-Project-Chat-Distribution-Roadmap-v0.6-cfg-denoise-inpaint-theory/AIWF-Project-Chat-Distribution-Roadmap/CHAT_HANDOFFS/11_labs_preservation_bridge_chat.md","11_labs_preservation_bridge_chat.md",".md","3386","aiwf_atlas","source_content","","","2026-05-21T07:12:12.0000000Z"
"AIWF_Atlas_VOL1_machine_facing_v3_3_api_cli_guide/03_SOURCE_CONTENT/B_RAW_PROVENANCE_ARCHIVES/AIWF-Project-Chat-Distribution-Roadmap-v0.6-cfg-denoise-inpaint-theory/AIWF-Project-Chat-Distribution-Roadmap/CHAT_HANDOFFS/12_release_packaging_chat.md","12_release_packaging_chat.md",".md","3267","aiwf_atlas","source_content","","","2026-05-21T07:12:12.0000000Z"
"AIWF_Atlas_VOL1_machine_facing_v3_3_api_cli_guide/03_SOURCE_CONTENT/B_RAW_PROVENANCE_ARCHIVES/AIWF-Project-Chat-Distribution-Roadmap-v0.6-cfg-denoise-inpaint-theory/AIWF-Project-Chat-Distribution-Roadmap/CHAT_HANDOFFS/13_rag_source_ledger_chat.md","13_rag_source_ledger_chat.md",".md","7650","aiwf_atlas","source_content","","","2026-05-21T07:12:12.0000000Z"
"AIWF_Atlas_VOL1_machine_facing_v3_3_api_cli_guide/03_SOURCE_CONTENT/B_RAW_PROVENANCE_ARCHIVES/AIWF-Project-Chat-Distribution-Roadmap-v0.6-cfg-denoise-inpaint-theory/AIWF-Project-Chat-Distribution-Roadmap/CHAT_HANDOFFS/14_ml_theory_training_rag_chat.md","14_ml_theory_training_rag_chat.md",".md","2330","aiwf_atlas","source_content","","","2026-05-21T07:12:12.0000000Z"
"AIWF_Atlas_VOL1_machine_facing_v3_3_api_cli_guide/03_SOURCE_CONTENT/B_RAW_PROVENANCE_ARCHIVES/AIWF-Project-Chat-Distribution-Roadmap-v0.6-cfg-denoise-inpaint-theory/AIWF-Project-Chat-Distribution-Roadmap/CHAT_HANDOFFS/15_cfg_denoise_inpaint_theory_chat.md","15_cfg_denoise_inpaint_theory_chat.md",".md","1831","aiwf_atlas","source_content","","","2026-05-21T07:12:12.0000000Z"
"AIWF_Atlas_VOL1_machine_facing_v3_3_api_cli_guide/03_SOURCE_CONTENT/B_RAW_PROVENANCE_ARCHIVES/AIWF-Project-Chat-Distribution-Roadmap-v0.6-cfg-denoise-inpaint-theory/AIWF-Project-Chat-Distribution-Roadmap/CHAT_SCOPE_FIREWALL.md","CHAT_SCOPE_FIREWALL.md",".md","1588","aiwf_atlas","source_content","","","2026-05-21T07:12:12.0000000Z"
"AIWF_Atlas_VOL1_machine_facing_v3_3_api_cli_guide/03_SOURCE_CONTENT/B_RAW_PROVENANCE_ARCHIVES/AIWF-Project-Chat-Distribution-Roadmap-v0.6-cfg-denoise-inpaint-theory/AIWF-Project-Chat-Distribution-Roadmap/CROSS_CHAT_CHECKLIST.md","CROSS_CHAT_CHECKLIST.md",".md","4544","aiwf_atlas","source_content","","","2026-05-21T07:12:12.0000000Z"
"AIWF_Atlas_VOL1_machine_facing_v3_3_api_cli_guide/03_SOURCE_CONTENT/B_RAW_PROVENANCE_ARCHIVES/AIWF-Project-Chat-Distribution-Roadmap-v0.6-cfg-denoise-inpaint-theory/AIWF-Project-Chat-Distribution-Roadmap/MASTER_DISTRIBUTION_ROADMAP.md","MASTER_DISTRIBUTION_ROADMAP.md",".md","11917","aiwf_atlas","source_content","","","2026-05-21T07:12:12.0000000Z"
"AIWF_Atlas_VOL1_machine_facing_v3_3_api_cli_guide/03_SOURCE_CONTENT/B_RAW_PROVENANCE_ARCHIVES/AIWF-Project-Chat-Distribution-Roadmap-v0.6-cfg-denoise-inpaint-theory/AIWF-Project-Chat-Distribution-Roadmap/PROJECT_CHAT_MAP.md","PROJECT_CHAT_MAP.md",".md","7515","aiwf_atlas","source_content","","","2026-05-21T07:12:12.0000000Z"
"AIWF_Atlas_VOL1_machine_facing_v3_3_api_cli_guide/03_SOURCE_CONTENT/B_RAW_PROVENANCE_ARCHIVES/AIWF-Project-Chat-Distribution-Roadmap-v0.6-cfg-denoise-inpaint-theory/AIWF-Project-Chat-Distribution-Roadmap/rag/01_comfyui_nodes_and_workflows/00_SOURCE_LEDGER.md","00_SOURCE_LEDGER.md",".md","75","aiwf_atlas","source_content","","","2026-05-21T07:12:12.0000000Z"
"AIWF_Atlas_VOL1_machine_facing_v3_3_api_cli_guide/03_SOURCE_CONTENT/B_RAW_PROVENANCE_ARCHIVES/AIWF-Project-Chat-Distribution-Roadmap-v0.6-cfg-denoise-inpaint-theory/AIWF-Project-Chat-Distribution-Roadmap/rag/01_comfyui_nodes_and_workflows/02_clean_notes/workflow_qa_inpaint_img2img_mask_paths.md","workflow_qa_inpaint_img2img_mask_paths.md",".md","1964","aiwf_atlas","source_content","","","2026-05-21T07:12:12.0000000Z"
"AIWF_Atlas_VOL1_machine_facing_v3_3_api_cli_guide/03_SOURCE_CONTENT/B_RAW_PROVENANCE_ARCHIVES/AIWF-Project-Chat-Distribution-Roadmap-v0.6-cfg-denoise-inpaint-theory/AIWF-Project-Chat-Distribution-Roadmap/rag/01_comfyui_nodes_and_workflows/05_open_questions.md","05_open_questions.md",".md","51","aiwf_atlas","source_content","","","2026-05-21T07:12:12.0000000Z"
"AIWF_Atlas_VOL1_machine_facing_v3_3_api_cli_guide/03_SOURCE_CONTENT/B_RAW_PROVENANCE_ARCHIVES/AIWF-Project-Chat-Distribution-Roadmap-v0.6-cfg-denoise-inpaint-theory/AIWF-Project-Chat-Distribution-Roadmap/rag/01_comfyui_nodes_and_workflows/CHANGELOG.md","CHANGELOG.md",".md","292","aiwf_atlas","source_content","","","2026-05-21T07:12:12.0000000Z"
"AIWF_Atlas_VOL1_machine_facing_v3_3_api_cli_guide/03_SOURCE_CONTENT/B_RAW_PROVENANCE_ARCHIVES/AIWF-Project-Chat-Distribution-Roadmap-v0.6-cfg-denoise-inpaint-theory/AIWF-Project-Chat-Distribution-Roadmap/rag/02_python_pip_and_runtime_packages/00_SOURCE_LEDGER.md","00_SOURCE_LEDGER.md",".md","11725","aiwf_atlas","source_content","","","2026-05-21T07:12:12.0000000Z"
"AIWF_Atlas_VOL1_machine_facing_v3_3_api_cli_guide/03_SOURCE_CONTENT/B_RAW_PROVENANCE_ARCHIVES/AIWF-Project-Chat-Distribution-Roadmap-v0.6-cfg-denoise-inpaint-theory/AIWF-Project-Chat-Distribution-Roadmap/rag/02_python_pip_and_runtime_packages/01_raw_sources/2026-05-19_runtime_source_notes.md","2026-05-19_runtime_source_notes.md",".md","3466","aiwf_atlas","source_content","","","2026-05-21T07:12:12.0000000Z"
"AIWF_Atlas_VOL1_machine_facing_v3_3_api_cli_guide/03_SOURCE_CONTENT/B_RAW_PROVENANCE_ARCHIVES/AIWF-Project-Chat-Distribution-Roadmap-v0.6-cfg-denoise-inpaint-theory/AIWF-Project-Chat-Distribution-Roadmap/rag/02_python_pip_and_runtime_packages/02_clean_notes/package_family_map.md","package_family_map.md",".md","5523","aiwf_atlas","source_content","","","2026-05-21T07:12:12.0000000Z"
"AIWF_Atlas_VOL1_machine_facing_v3_3_api_cli_guide/03_SOURCE_CONTENT/B_RAW_PROVENANCE_ARCHIVES/AIWF-Project-Chat-Distribution-Roadmap-v0.6-cfg-denoise-inpaint-theory/AIWF-Project-Chat-Distribution-Roadmap/rag/02_python_pip_and_runtime_packages/02_clean_notes/windows_runtime_dependency_strategy.md","windows_runtime_dependency_strategy.md",".md","3550","aiwf_atlas","source_content","","","2026-05-21T07:12:12.0000000Z"
"AIWF_Atlas_VOL1_machine_facing_v3_3_api_cli_guide/03_SOURCE_CONTENT/B_RAW_PROVENANCE_ARCHIVES/AIWF-Project-Chat-Distribution-Roadmap-v0.6-cfg-denoise-inpaint-theory/AIWF-Project-Chat-Distribution-Roadmap/rag/02_python_pip_and_runtime_packages/03_aiwf_cards/package_runtime_core_cards.md","package_runtime_core_cards.md",".md","6709","aiwf_atlas","source_content","","","2026-05-21T07:12:12.0000000Z"
"AIWF_Atlas_VOL1_machine_facing_v3_3_api_cli_guide/03_SOURCE_CONTENT/B_RAW_PROVENANCE_ARCHIVES/AIWF-Project-Chat-Distribution-Roadmap-v0.6-cfg-denoise-inpaint-theory/AIWF-Project-Chat-Distribution-Roadmap/rag/02_python_pip_and_runtime_packages/04_retrieval_exports/assistant_context_runtime_core.md","assistant_context_runtime_core.md",".md","1435","aiwf_atlas","source_content","","","2026-05-21T07:12:12.0000000Z"
"AIWF_Atlas_VOL1_machine_facing_v3_3_api_cli_guide/03_SOURCE_CONTENT/B_RAW_PROVENANCE_ARCHIVES/AIWF-Project-Chat-Distribution-Roadmap-v0.6-cfg-denoise-inpaint-theory/AIWF-Project-Chat-Distribution-Roadmap/rag/02_python_pip_and_runtime_packages/04_retrieval_exports/cards_runtime_core.jsonl","cards_runtime_core.jsonl",".jsonl","7041","aiwf_atlas","source_content","","","2026-05-21T07:12:12.0000000Z"
"AIWF_Atlas_VOL1_machine_facing_v3_3_api_cli_guide/03_SOURCE_CONTENT/B_RAW_PROVENANCE_ARCHIVES/AIWF-Project-Chat-Distribution-Roadmap-v0.6-cfg-denoise-inpaint-theory/AIWF-Project-Chat-Distribution-Roadmap/rag/02_python_pip_and_runtime_packages/CHANGELOG.md","CHANGELOG.md",".md","597","aiwf_atlas","source_content","","","2026-05-21T07:12:12.0000000Z"
"AIWF_Atlas_VOL1_machine_facing_v3_3_api_cli_guide/03_SOURCE_CONTENT/B_RAW_PROVENANCE_ARCHIVES/AIWF-Project-Chat-Distribution-Roadmap-v0.6-cfg-denoise-inpaint-theory/AIWF-Project-Chat-Distribution-Roadmap/rag/03_ml_theory_training_and_model_behavior/00_SOURCE_LEDGER.md","00_SOURCE_LEDGER.md",".md","14320","aiwf_atlas","source_content","","","2026-05-21T07:12:12.0000000Z"
"AIWF_Atlas_VOL1_machine_facing_v3_3_api_cli_guide/03_SOURCE_CONTENT/B_RAW_PROVENANCE_ARCHIVES/AIWF-Project-Chat-Distribution-Roadmap-v0.6-cfg-denoise-inpaint-theory/AIWF-Project-Chat-Distribution-Roadmap/rag/03_ml_theory_training_and_model_behavior/01_raw_sources/2026-05-19_cfg_denoise_inpaint_source_notes.md","2026-05-19_cfg_denoise_inpaint_source_notes.md",".md","7515","aiwf_atlas","source_content","","","2026-05-21T07:12:12.0000000Z"
"AIWF_Atlas_VOL1_machine_facing_v3_3_api_cli_guide/03_SOURCE_CONTENT/B_RAW_PROVENANCE_ARCHIVES/AIWF-Project-Chat-Distribution-Roadmap-v0.6-cfg-denoise-inpaint-theory/AIWF-Project-Chat-Distribution-Roadmap/rag/03_ml_theory_training_and_model_behavior/01_raw_sources/2026-05-19_ml_theory_source_notes.md","2026-05-19_ml_theory_source_notes.md",".md","7356","aiwf_atlas","source_content","","","2026-05-21T07:12:12.0000000Z"
"AIWF_Atlas_VOL1_machine_facing_v3_3_api_cli_guide/03_SOURCE_CONTENT/B_RAW_PROVENANCE_ARCHIVES/AIWF-Project-Chat-Distribution-Roadmap-v0.6-cfg-denoise-inpaint-theory/AIWF-Project-Chat-Distribution-Roadmap/rag/03_ml_theory_training_and_model_behavior/02_clean_notes/cfg_denoise_img2img_inpainting_operator_model.md","cfg_denoise_img2img_inpainting_operator_model.md",".md","7784","aiwf_atlas","source_content","","","2026-05-21T07:12:12.0000000Z"
"AIWF_Atlas_VOL1_machine_facing_v3_3_api_cli_guide/03_SOURCE_CONTENT/B_RAW_PROVENANCE_ARCHIVES/AIWF-Project-Chat-Distribution-Roadmap-v0.6-cfg-denoise-inpaint-theory/AIWF-Project-Chat-Distribution-Roadmap/rag/03_ml_theory_training_and_model_behavior/02_clean_notes/editing_preset_notes_first_pass.md","editing_preset_notes_first_pass.md",".md","3182","aiwf_atlas","source_content","","","2026-05-21T07:12:12.0000000Z"
"AIWF_Atlas_VOL1_machine_facing_v3_3_api_cli_guide/03_SOURCE_CONTENT/B_RAW_PROVENANCE_ARCHIVES/AIWF-Project-Chat-Distribution-Roadmap-v0.6-cfg-denoise-inpaint-theory/AIWF-Project-Chat-Distribution-Roadmap/rag/03_ml_theory_training_and_model_behavior/02_clean_notes/ml_theory_concept_map.md","ml_theory_concept_map.md",".md","6975","aiwf_atlas","source_content","","","2026-05-21T07:12:12.0000000Z"
"AIWF_Atlas_VOL1_machine_facing_v3_3_api_cli_guide/03_SOURCE_CONTENT/B_RAW_PROVENANCE_ARCHIVES/AIWF-Project-Chat-Distribution-Roadmap-v0.6-cfg-denoise-inpaint-theory/AIWF-Project-Chat-Distribution-Roadmap/rag/03_ml_theory_training_and_model_behavior/02_clean_notes/training_ladder_prompt_to_finetune.md","training_ladder_prompt_to_finetune.md",".md","4900","aiwf_atlas","source_content","","","2026-05-21T07:12:12.0000000Z"
"AIWF_Atlas_VOL1_machine_facing_v3_3_api_cli_guide/03_SOURCE_CONTENT/B_RAW_PROVENANCE_ARCHIVES/AIWF-Project-Chat-Distribution-Roadmap-v0.6-cfg-denoise-inpaint-theory/AIWF-Project-Chat-Distribution-Roadmap/rag/03_ml_theory_training_and_model_behavior/03_aiwf_cards/cfg_denoise_inpaint_cards.md","cfg_denoise_inpaint_cards.md",".md","3800","aiwf_atlas","source_content","","","2026-05-21T07:12:12.0000000Z"
"AIWF_Atlas_VOL1_machine_facing_v3_3_api_cli_guide/03_SOURCE_CONTENT/B_RAW_PROVENANCE_ARCHIVES/AIWF-Project-Chat-Distribution-Roadmap-v0.6-cfg-denoise-inpaint-theory/AIWF-Project-Chat-Distribution-Roadmap/rag/03_ml_theory_training_and_model_behavior/03_aiwf_cards/ml_theory_core_cards.md","ml_theory_core_cards.md",".md","8868","aiwf_atlas","source_content","","","2026-05-21T07:12:12.0000000Z"
"AIWF_Atlas_VOL1_machine_facing_v3_3_api_cli_guide/03_SOURCE_CONTENT/B_RAW_PROVENANCE_ARCHIVES/AIWF-Project-Chat-Distribution-Roadmap-v0.6-cfg-denoise-inpaint-theory/AIWF-Project-Chat-Distribution-Roadmap/rag/03_ml_theory_training_and_model_behavior/04_retrieval_exports/assistant_context_cfg_denoise_inpaint.md","assistant_context_cfg_denoise_inpaint.md",".md","2685","aiwf_atlas","source_content","","","2026-05-21T07:12:12.0000000Z"
"AIWF_Atlas_VOL1_machine_facing_v3_3_api_cli_guide/03_SOURCE_CONTENT/B_RAW_PROVENANCE_ARCHIVES/AIWF-Project-Chat-Distribution-Roadmap-v0.6-cfg-denoise-inpaint-theory/AIWF-Project-Chat-Distribution-Roadmap/rag/03_ml_theory_training_and_model_behavior/04_retrieval_exports/assistant_context_ml_theory.md","assistant_context_ml_theory.md",".md","1792","aiwf_atlas","source_content","","","2026-05-21T07:12:12.0000000Z"
"AIWF_Atlas_VOL1_machine_facing_v3_3_api_cli_guide/03_SOURCE_CONTENT/B_RAW_PROVENANCE_ARCHIVES/AIWF-Project-Chat-Distribution-Roadmap-v0.6-cfg-denoise-inpaint-theory/AIWF-Project-Chat-Distribution-Roadmap/rag/03_ml_theory_training_and_model_behavior/04_retrieval_exports/cards_cfg_denoise_inpaint.jsonl","cards_cfg_denoise_inpaint.jsonl",".jsonl","4658","aiwf_atlas","source_content","","","2026-05-21T07:12:12.0000000Z"
"AIWF_Atlas_VOL1_machine_facing_v3_3_api_cli_guide/03_SOURCE_CONTENT/B_RAW_PROVENANCE_ARCHIVES/AIWF-Project-Chat-Distribution-Roadmap-v0.6-cfg-denoise-inpaint-theory/AIWF-Project-Chat-Distribution-Roadmap/rag/03_ml_theory_training_and_model_behavior/04_retrieval_exports/cards_ml_theory_core.jsonl","cards_ml_theory_core.jsonl",".jsonl","7068","aiwf_atlas","source_content","","","2026-05-21T07:12:12.0000000Z"
"AIWF_Atlas_VOL1_machine_facing_v3_3_api_cli_guide/03_SOURCE_CONTENT/B_RAW_PROVENANCE_ARCHIVES/AIWF-Project-Chat-Distribution-Roadmap-v0.6-cfg-denoise-inpaint-theory/AIWF-Project-Chat-Distribution-Roadmap/rag/03_ml_theory_training_and_model_behavior/05_open_questions.md","05_open_questions.md",".md","1722","aiwf_atlas","source_content","","","2026-05-21T07:12:12.0000000Z"
"AIWF_Atlas_VOL1_machine_facing_v3_3_api_cli_guide/03_SOURCE_CONTENT/B_RAW_PROVENANCE_ARCHIVES/AIWF-Project-Chat-Distribution-Roadmap-v0.6-cfg-denoise-inpaint-theory/AIWF-Project-Chat-Distribution-Roadmap/rag/03_ml_theory_training_and_model_behavior/CHANGELOG.md","CHANGELOG.md",".md","1100","aiwf_atlas","source_content","","","2026-05-21T07:12:12.0000000Z"
"AIWF_Atlas_VOL1_machine_facing_v3_3_api_cli_guide/03_SOURCE_CONTENT/B_RAW_PROVENANCE_ARCHIVES/AIWF-Project-Chat-Distribution-Roadmap-v0.6-cfg-denoise-inpaint-theory/AIWF-Project-Chat-Distribution-Roadmap/rag/04_agents_rag_local_llm_and_tool_use/CHANGELOG.md","CHANGELOG.md",".md","62","aiwf_atlas","source_content","","","2026-05-21T07:12:12.0000000Z"
"AIWF_Atlas_VOL1_machine_facing_v3_3_api_cli_guide/03_SOURCE_CONTENT/B_RAW_PROVENANCE_ARCHIVES/AIWF-Project-Chat-Distribution-Roadmap-v0.6-cfg-denoise-inpaint-theory/AIWF-Project-Chat-Distribution-Roadmap/rag/CHANGELOG.md","CHANGELOG.md",".md","1180","aiwf_atlas","source_content","","","2026-05-21T07:12:12.0000000Z"
"AIWF_Atlas_VOL1_machine_facing_v3_3_api_cli_guide/03_SOURCE_CONTENT/B_RAW_PROVENANCE_ARCHIVES/AIWF-Project-Chat-Distribution-Roadmap-v0.6-cfg-denoise-inpaint-theory/AIWF-Project-Chat-Distribution-Roadmap/rag/README.md","README.md",".md","929","aiwf_atlas","source_content","","","2026-05-21T07:12:12.0000000Z"
"AIWF_Atlas_VOL1_machine_facing_v3_3_api_cli_guide/03_SOURCE_CONTENT/B_RAW_PROVENANCE_ARCHIVES/AIWF-Project-Chat-Distribution-Roadmap-v0.6-cfg-denoise-inpaint-theory/AIWF-Project-Chat-Distribution-Roadmap/rag/templates/AIWF_CARD_TEMPLATE.md","AIWF_CARD_TEMPLATE.md",".md","721","aiwf_atlas","source_content","","","2026-05-21T07:12:12.0000000Z"
"AIWF_Atlas_VOL1_machine_facing_v3_3_api_cli_guide/03_SOURCE_CONTENT/B_RAW_PROVENANCE_ARCHIVES/AIWF-Project-Chat-Distribution-Roadmap-v0.6-cfg-denoise-inpaint-theory/AIWF-Project-Chat-Distribution-Roadmap/rag/templates/SOURCE_LEDGER_TEMPLATE.md","SOURCE_LEDGER_TEMPLATE.md",".md","924","aiwf_atlas","source_content","","","2026-05-21T07:12:12.0000000Z"
"AIWF_Atlas_VOL1_machine_facing_v3_3_api_cli_guide/03_SOURCE_CONTENT/B_RAW_PROVENANCE_ARCHIVES/AIWF-Project-Chat-Distribution-Roadmap-v0.6-cfg-denoise-inpaint-theory/AIWF-Project-Chat-Distribution-Roadmap/RAG_DIRECTORY_ARCHITECTURE.md","RAG_DIRECTORY_ARCHITECTURE.md",".md","8276","aiwf_atlas","source_content","","","2026-05-21T07:12:12.0000000Z"
"AIWF_Atlas_VOL1_machine_facing_v3_3_api_cli_guide/03_SOURCE_CONTENT/B_RAW_PROVENANCE_ARCHIVES/AIWF-Project-Chat-Distribution-Roadmap-v0.6-cfg-denoise-inpaint-theory/AIWF-Project-Chat-Distribution-Roadmap/README.md","README.md",".md","4573","aiwf_atlas","source_content","","","2026-05-21T07:12:12.0000000Z"
"AIWF_Atlas_VOL1_machine_facing_v3_3_api_cli_guide/03_SOURCE_CONTENT/B_RAW_PROVENANCE_ARCHIVES/AIWF-Project-Chat-Distribution-Roadmap-v0.6-cfg-denoise-inpaint-theory/AIWF-Project-Chat-Distribution-Roadmap/SENDOFF_MASTER.md","SENDOFF_MASTER.md",".md","2184","aiwf_atlas","source_content","","","2026-05-21T07:12:12.0000000Z"
"AIWF_Atlas_VOL1_machine_facing_v3_3_api_cli_guide/03_SOURCE_CONTENT/B_RAW_PROVENANCE_ARCHIVES/AIWF-Project-Chat-Distribution-Roadmap-v0.6-cfg-denoise-inpaint-theory/AIWF-Project-Chat-Distribution-Roadmap/VERSION.txt","VERSION.txt",".txt","32","aiwf_atlas","source_content","","","2026-05-21T07:12:12.0000000Z"
"AIWF_Atlas_VOL1_machine_facing_v3_3_api_cli_guide/03_SOURCE_CONTENT/C_USER_EXPANDED_TOPIC_NOTES/topics_12_19_research_notes/12_llm_fundamentals_expanded_research_notes.md","12_llm_fundamentals_expanded_research_notes.md",".md","1858","aiwf_atlas","source_content","","","2026-05-21T07:12:10.0000000Z"
"AIWF_Atlas_VOL1_machine_facing_v3_3_api_cli_guide/03_SOURCE_CONTENT/C_USER_EXPANDED_TOPIC_NOTES/topics_12_19_research_notes/13_agent_tool_use_mcp_expanded_research_notes.md","13_agent_tool_use_mcp_expanded_research_notes.md",".md","1938","aiwf_atlas","source_content","","","2026-05-21T07:12:10.0000000Z"
"AIWF_Atlas_VOL1_machine_facing_v3_3_api_cli_guide/03_SOURCE_CONTENT/C_USER_EXPANDED_TOPIC_NOTES/topics_12_19_research_notes/14_evaluation_observability_expanded_research_notes.md","14_evaluation_observability_expanded_research_notes.md",".md","1818","aiwf_atlas","source_content","","","2026-05-21T07:12:10.0000000Z"
"AIWF_Atlas_VOL1_machine_facing_v3_3_api_cli_guide/03_SOURCE_CONTENT/C_USER_EXPANDED_TOPIC_NOTES/topics_12_19_research_notes/15_safety_security_red_team_expanded_research_notes.md","15_safety_security_red_team_expanded_research_notes.md",".md","1788","aiwf_atlas","source_content","","","2026-05-21T07:12:10.0000000Z"
"AIWF_Atlas_VOL1_machine_facing_v3_3_api_cli_guide/03_SOURCE_CONTENT/C_USER_EXPANDED_TOPIC_NOTES/topics_12_19_research_notes/16_governance_licensing_ethics_expanded_research_notes.md","16_governance_licensing_ethics_expanded_research_notes.md",".md","1715","aiwf_atlas","source_content","","","2026-05-21T07:12:10.0000000Z"
"AIWF_Atlas_VOL1_machine_facing_v3_3_api_cli_guide/03_SOURCE_CONTENT/C_USER_EXPANDED_TOPIC_NOTES/topics_12_19_research_notes/17_model_serving_deployment_expanded_research_notes.md","17_model_serving_deployment_expanded_research_notes.md",".md","1860","aiwf_atlas","source_content","","","2026-05-21T07:12:10.0000000Z"
"AIWF_Atlas_VOL1_machine_facing_v3_3_api_cli_guide/03_SOURCE_CONTENT/C_USER_EXPANDED_TOPIC_NOTES/topics_12_19_research_notes/18_mlops_llmops_release_management_expanded_research_notes.md","18_mlops_llmops_release_management_expanded_research_notes.md",".md","1604","aiwf_atlas","source_content","","","2026-05-21T07:12:10.0000000Z"
"AIWF_Atlas_VOL1_machine_facing_v3_3_api_cli_guide/03_SOURCE_CONTENT/C_USER_EXPANDED_TOPIC_NOTES/topics_12_19_research_notes/19_math_for_ai_practitioners_expanded_research_notes.md","19_math_for_ai_practitioners_expanded_research_notes.md",".md","1741","aiwf_atlas","source_content","","","2026-05-21T07:12:10.0000000Z"
"AIWF_Atlas_VOL1_machine_facing_v3_3_api_cli_guide/03_SOURCE_CONTENT/C_USER_EXPANDED_TOPIC_NOTES/topics_20_25/Sources_for_Topics_20_to_25_v1.md","Sources_for_Topics_20_to_25_v1.md",".md","8127","aiwf_atlas","source_content","","","2026-05-21T07:12:10.0000000Z"
"AIWF_Atlas_VOL1_machine_facing_v3_3_api_cli_guide/03_SOURCE_CONTENT/C_USER_EXPANDED_TOPIC_NOTES/topics_20_25_expanded_notes/20_Data_Engineering_for_AI_Expanded_Notes.md","20_Data_Engineering_for_AI_Expanded_Notes.md",".md","15061","aiwf_atlas","source_content","","","2026-05-21T07:12:10.0000000Z"
"AIWF_Atlas_VOL1_machine_facing_v3_3_api_cli_guide/03_SOURCE_CONTENT/C_USER_EXPANDED_TOPIC_NOTES/topics_20_25_expanded_notes/21_Audio_Speech_Music_AI_Expanded_Notes.md","21_Audio_Speech_Music_AI_Expanded_Notes.md",".md","8227","aiwf_atlas","source_content","","","2026-05-21T07:12:10.0000000Z"
"AIWF_Atlas_VOL1_machine_facing_v3_3_api_cli_guide/03_SOURCE_CONTENT/C_USER_EXPANDED_TOPIC_NOTES/topics_20_25_expanded_notes/22_Vision_Language_OCR_Document_AI_Expanded_Notes.md","22_Vision_Language_OCR_Document_AI_Expanded_Notes.md",".md","6885","aiwf_atlas","source_content","","","2026-05-21T07:12:10.0000000Z"
"AIWF_Atlas_VOL1_machine_facing_v3_3_api_cli_guide/03_SOURCE_CONTENT/C_USER_EXPANDED_TOPIC_NOTES/topics_20_25_expanded_notes/23_Synthetic_Data_Dataset_Creation_Expanded_Notes.md","23_Synthetic_Data_Dataset_Creation_Expanded_Notes.md",".md","6169","aiwf_atlas","source_content","","","2026-05-21T07:12:10.0000000Z"
"AIWF_Atlas_VOL1_machine_facing_v3_3_api_cli_guide/03_SOURCE_CONTENT/C_USER_EXPANDED_TOPIC_NOTES/topics_20_25_expanded_notes/24_AI_Application_Architecture_Expanded_Notes.md","24_AI_Application_Architecture_Expanded_Notes.md",".md","5743","aiwf_atlas","source_content","","","2026-05-21T07:12:10.0000000Z"
"AIWF_Atlas_VOL1_machine_facing_v3_3_api_cli_guide/03_SOURCE_CONTENT/C_USER_EXPANDED_TOPIC_NOTES/topics_20_25_expanded_notes/25_Hardware_Cost_Performance_Planning_Expanded_Notes.md","25_Hardware_Cost_Performance_Planning_Expanded_Notes.md",".md","6064","aiwf_atlas","source_content","","","2026-05-21T07:12:10.0000000Z"
"AIWF_Atlas_VOL1_machine_facing_v3_3_api_cli_guide/03_SOURCE_CONTENT/D_LEGACY_SUPERSEDED_MATERIAL/AIWF_Pip_Package_RAG_Starter_v1_5/AIWF_Pip_Package_RAG_Starter_v1_5/pip_package_inventory.json","pip_package_inventory.json",".json","195251","aiwf_atlas","source_content","","","2026-05-21T07:12:10.0000000Z"
"AIWF_Atlas_VOL1_machine_facing_v3_3_api_cli_guide/03_SOURCE_CONTENT/D_LEGACY_SUPERSEDED_MATERIAL/AIWF_Pip_Package_RAG_Starter_v1_5/AIWF_Pip_Package_RAG_Starter_v1_5/release_manifest.json","release_manifest.json",".json","674","aiwf_atlas","source_content","","","2026-05-21T07:12:10.0000000Z"
"AIWF_Atlas_VOL1_machine_facing_v3_3_api_cli_guide/03_SOURCE_CONTENT/D_LEGACY_SUPERSEDED_MATERIAL/AIWF-Project-Chat-Distribution-Roadmap-v0.3-rag-source-ledger/AIWF-Project-Chat-Distribution-Roadmap/FILE_INVENTORY.md","FILE_INVENTORY.md",".md","1101","aiwf_atlas","source_content","","","2026-05-21T07:12:10.0000000Z"
"AIWF_Atlas_VOL1_machine_facing_v3_3_api_cli_guide/03_SOURCE_CONTENT/D_LEGACY_SUPERSEDED_MATERIAL/AIWF-Project-Chat-Distribution-Roadmap-v0.3-rag-source-ledger/AIWF-Project-Chat-Distribution-Roadmap/RAG_DIRECTORIES/01_comfyui_nodes/README.md","README.md",".md","376","aiwf_atlas","source_content","","","2026-05-21T07:12:10.0000000Z"
"AIWF_Atlas_VOL1_machine_facing_v3_3_api_cli_guide/03_SOURCE_CONTENT/D_LEGACY_SUPERSEDED_MATERIAL/AIWF-Project-Chat-Distribution-Roadmap-v0.3-rag-source-ledger/AIWF-Project-Chat-Distribution-Roadmap/RAG_DIRECTORIES/02_python_pip_packages/README.md","README.md",".md","384","aiwf_atlas","source_content","","","2026-05-21T07:12:10.0000000Z"
"AIWF_Atlas_VOL1_machine_facing_v3_3_api_cli_guide/03_SOURCE_CONTENT/D_LEGACY_SUPERSEDED_MATERIAL/AIWF-Project-Chat-Distribution-Roadmap-v0.3-rag-source-ledger/AIWF-Project-Chat-Distribution-Roadmap/RAG_DIRECTORIES/03_models_workflows_and_formats/README.md","README.md",".md","400","aiwf_atlas","source_content","","","2026-05-21T07:12:10.0000000Z"
"AIWF_Atlas_VOL1_machine_facing_v3_3_api_cli_guide/03_SOURCE_CONTENT/D_LEGACY_SUPERSEDED_MATERIAL/AIWF-Project-Chat-Distribution-Roadmap-v0.3-rag-source-ledger/AIWF-Project-Chat-Distribution-Roadmap/RAG_DIRECTORIES/04_theory_tools_and_agents/README.md","README.md",".md","387","aiwf_atlas","source_content","","","2026-05-21T07:12:10.0000000Z"
"AIWF_Atlas_VOL1_machine_facing_v3_3_api_cli_guide/03_SOURCE_CONTENT/D_LEGACY_SUPERSEDED_MATERIAL/AIWF-Project-Chat-Distribution-Roadmap-v0.3-rag-source-ledger/AIWF-Project-Chat-Distribution-Roadmap/RAG_DIRECTORIES/RAG_DIRECTORY_ARCHITECTURE.md","RAG_DIRECTORY_ARCHITECTURE.md",".md","4432","aiwf_atlas","source_content","","","2026-05-21T07:12:10.0000000Z"
"AIWF_Atlas_VOL1_machine_facing_v3_3_api_cli_guide/03_SOURCE_CONTENT/D_LEGACY_SUPERSEDED_MATERIAL/AIWF-Project-Chat-Distribution-Roadmap-v0.3-rag-source-ledger/AIWF-Project-Chat-Distribution-Roadmap/SOURCES/AIWF_SOURCE_LEDGER.md","AIWF_SOURCE_LEDGER.md",".md","6860","aiwf_atlas","source_content","","","2026-05-21T07:12:10.0000000Z"
"AIWF_Atlas_VOL1_machine_facing_v3_3_api_cli_guide/03_SOURCE_CONTENT/D_LEGACY_SUPERSEDED_MATERIAL/AIWF-Project-Chat-Distribution-Roadmap-v0.3-rag-source-ledger/AIWF-Project-Chat-Distribution-Roadmap/templates/source_note_template.md","source_note_template.md",".md","485","aiwf_atlas","source_content","","","2026-05-21T07:12:10.0000000Z"
"AIWF_Atlas_VOL1_machine_facing_v3_3_api_cli_guide/03_SOURCE_CONTENT/D_LEGACY_SUPERSEDED_MATERIAL/AIWF-Project-Chat-Distribution-Roadmap-v0.5-comfyui-core-api-subgraph/AIWF-Project-Chat-Distribution-Roadmap/CHAT_HANDOFFS/14_comfyui_core_api_schema_chat.md","14_comfyui_core_api_schema_chat.md",".md","2059","aiwf_atlas","source_content","","","2026-05-21T07:12:10.0000000Z"
"AIWF_Atlas_VOL1_machine_facing_v3_3_api_cli_guide/03_SOURCE_CONTENT/D_LEGACY_SUPERSEDED_MATERIAL/AIWF-Project-Chat-Distribution-Roadmap-v0.5-comfyui-core-api-subgraph/AIWF-Project-Chat-Distribution-Roadmap/docs/COMFYUI_SCHEMA_CAPTURE_AND_VALIDATION.md","COMFYUI_SCHEMA_CAPTURE_AND_VALIDATION.md",".md","2292","aiwf_atlas","source_content","","","2026-05-21T07:12:10.0000000Z"
"AIWF_Atlas_VOL1_machine_facing_v3_3_api_cli_guide/03_SOURCE_CONTENT/D_LEGACY_SUPERSEDED_MATERIAL/AIWF-Project-Chat-Distribution-Roadmap-v0.5-comfyui-core-api-subgraph/AIWF-Project-Chat-Distribution-Roadmap/docs/SOURCE_LEDGER_PASS_03_COMFYUI_CORE_API_SUBGRAPH.md","SOURCE_LEDGER_PASS_03_COMFYUI_CORE_API_SUBGRAPH.md",".md","3823","aiwf_atlas","source_content","","","2026-05-21T07:12:10.0000000Z"
"AIWF_Atlas_VOL1_machine_facing_v3_3_api_cli_guide/03_SOURCE_CONTENT/D_LEGACY_SUPERSEDED_MATERIAL/AIWF-Project-Chat-Distribution-Roadmap-v0.5-comfyui-core-api-subgraph/AIWF-Project-Chat-Distribution-Roadmap/FILE_MANIFEST.md","FILE_MANIFEST.md",".md","1495","aiwf_atlas","source_content","","","2026-05-21T07:12:10.0000000Z"
"AIWF_Atlas_VOL1_machine_facing_v3_3_api_cli_guide/03_SOURCE_CONTENT/D_LEGACY_SUPERSEDED_MATERIAL/AIWF-Project-Chat-Distribution-Roadmap-v0.5-comfyui-core-api-subgraph/AIWF-Project-Chat-Distribution-Roadmap/rag/01_comfyui_nodes_and_workflows/cards/comfyui_api_partner_nodes_policy.md","comfyui_api_partner_nodes_policy.md",".md","1047","aiwf_atlas","source_content","","","2026-05-21T07:12:10.0000000Z"
"AIWF_Atlas_VOL1_machine_facing_v3_3_api_cli_guide/03_SOURCE_CONTENT/D_LEGACY_SUPERSEDED_MATERIAL/AIWF-Project-Chat-Distribution-Roadmap-v0.5-comfyui-core-api-subgraph/AIWF-Project-Chat-Distribution-Roadmap/rag/01_comfyui_nodes_and_workflows/cards/comfyui_object_info_schema_capture.md","comfyui_object_info_schema_capture.md",".md","1193","aiwf_atlas","source_content","","","2026-05-21T07:12:10.0000000Z"
"AIWF_Atlas_VOL1_machine_facing_v3_3_api_cli_guide/03_SOURCE_CONTENT/D_LEGACY_SUPERSEDED_MATERIAL/AIWF-Project-Chat-Distribution-Roadmap-v0.5-comfyui-core-api-subgraph/AIWF-Project-Chat-Distribution-Roadmap/rag/01_comfyui_nodes_and_workflows/cards/comfyui_subgraphs_partial_execution.md","comfyui_subgraphs_partial_execution.md",".md","1182","aiwf_atlas","source_content","","","2026-05-21T07:12:10.0000000Z"
"AIWF_Atlas_VOL1_machine_facing_v3_3_api_cli_guide/03_SOURCE_CONTENT/D_LEGACY_SUPERSEDED_MATERIAL/AIWF-Project-Chat-Distribution-Roadmap-v0.5-comfyui-core-api-subgraph/AIWF-Project-Chat-Distribution-Roadmap/rag/indexes/2026-05-19_comfyui_core_api_subgraph_index.md","2026-05-19_comfyui_core_api_subgraph_index.md",".md","701","aiwf_atlas","source_content","","","2026-05-21T07:12:10.0000000Z"
"AIWF_Atlas_VOL1_machine_facing_v3_3_api_cli_guide/03_SOURCE_CONTENT/D_LEGACY_SUPERSEDED_MATERIAL/AIWF-Project-Chat-Distribution-Roadmap-v0.5-comfyui-core-api-subgraph/AIWF-Project-Chat-Distribution-Roadmap/rag/SOURCE_LEDGER.csv","SOURCE_LEDGER.csv",".csv","3621","aiwf_atlas","source_content","","","2026-05-21T07:12:10.0000000Z"
"AIWF_Atlas_VOL1_machine_facing_v3_3_api_cli_guide/03_SOURCE_CONTENT/D_LEGACY_SUPERSEDED_MATERIAL/AIWF-Project-Chat-Distribution-Roadmap-v0.5-comfyui-core-api-subgraph/AIWF-Project-Chat-Distribution-Roadmap/RESEARCH_PASSES/2026-05-19_pass_05_comfyui_core_api_subgraph_layer.md","2026-05-19_pass_05_comfyui_core_api_subgraph_layer.md",".md","3127","aiwf_atlas","source_content","","","2026-05-21T07:12:10.0000000Z"
"AIWF_Atlas_VOL1_machine_facing_v3_3_api_cli_guide/03_SOURCE_CONTENT/D_LEGACY_SUPERSEDED_MATERIAL/AIWF-Project-Chat-Distribution-Roadmap-v0.5-comfyui-core-api-subgraph/AIWF-Project-Chat-Distribution-Roadmap/scripts/capture_comfyui_schema.ps1","capture_comfyui_schema.ps1",".ps1","3263","aiwf_atlas","source_content","","","2026-05-21T07:12:10.0000000Z"
"AIWF_Atlas_VOL1_machine_facing_v3_3_api_cli_guide/03_SOURCE_CONTENT/D_LEGACY_SUPERSEDED_MATERIAL/AIWF-Project-Chat-Distribution-Roadmap-v0.5-comfyui-core-api-subgraph/AIWF-Project-Chat-Distribution-Roadmap/templates/workflow_manifest_template.json","workflow_manifest_template.json",".json","1821","aiwf_atlas","source_content","","","2026-05-21T07:12:10.0000000Z"
"AIWF_Atlas_VOL1_machine_facing_v3_3_api_cli_guide/03_SOURCE_CONTENT/README_SOURCE_CONTENT_ROLES.md","README_SOURCE_CONTENT_ROLES.md",".md","1079","aiwf_atlas","source_content","","","2026-05-21T07:12:10.0000000Z"
"AIWF_Atlas_VOL1_machine_facing_v3_3_api_cli_guide/04_MANIFESTS/ACTIVE_MANIFESTS_README.md","ACTIVE_MANIFESTS_README.md",".md","462","aiwf_atlas","manifest","","","2026-05-21T07:12:10.0000000Z"
"AIWF_Atlas_VOL1_machine_facing_v3_3_api_cli_guide/04_MANIFESTS/api_cli_source_pinset_current.csv","api_cli_source_pinset_current.csv",".csv","2758","aiwf_atlas","manifest","","","2026-05-21T07:12:12.0000000Z"
"AIWF_Atlas_VOL1_machine_facing_v3_3_api_cli_guide/04_MANIFESTS/api_cli_source_pinset_current.jsonl","api_cli_source_pinset_current.jsonl",".jsonl","3392","aiwf_atlas","manifest","","","2026-05-21T07:12:12.0000000Z"
"AIWF_Atlas_VOL1_machine_facing_v3_3_api_cli_guide/04_MANIFESTS/ATLAS_SOURCE_DOMAIN_COUNTS_CURRENT.csv","ATLAS_SOURCE_DOMAIN_COUNTS_CURRENT.csv",".csv","5378","aiwf_atlas","manifest","","","2026-05-21T07:12:16.0000000Z"
"AIWF_Atlas_VOL1_machine_facing_v3_3_api_cli_guide/04_MANIFESTS/ATLAS_SOURCE_DOMAIN_COUNTS_CURRENT.json","ATLAS_SOURCE_DOMAIN_COUNTS_CURRENT.json",".json","6618","aiwf_atlas","manifest","","","2026-05-21T07:12:16.0000000Z"
"AIWF_Atlas_VOL1_machine_facing_v3_3_api_cli_guide/04_MANIFESTS/ATLAS_SOURCE_MASTER_INDEX.md","ATLAS_SOURCE_MASTER_INDEX.md",".md","1050","aiwf_atlas","manifest","","","2026-05-21T07:12:16.0000000Z"
"AIWF_Atlas_VOL1_machine_facing_v3_3_api_cli_guide/04_MANIFESTS/ATLAS_SOURCE_URL_INVENTORY_CURRENT.csv","ATLAS_SOURCE_URL_INVENTORY_CURRENT.csv",".csv","3576332","aiwf_atlas","manifest","","","2026-05-21T07:12:14.0000000Z"
"AIWF_Atlas_VOL1_machine_facing_v3_3_api_cli_guide/04_MANIFESTS/ATLAS_SOURCE_URL_INVENTORY_CURRENT.jsonl","ATLAS_SOURCE_URL_INVENTORY_CURRENT.jsonl",".jsonl","4162551","aiwf_atlas","manifest","","","2026-05-21T07:12:16.0000000Z"
"AIWF_Atlas_VOL1_machine_facing_v3_3_api_cli_guide/04_MANIFESTS/brand_alignment_pass02_changed_files.csv","brand_alignment_pass02_changed_files.csv",".csv","951","aiwf_atlas","manifest","","","2026-05-21T07:12:10.0000000Z"
"AIWF_Atlas_VOL1_machine_facing_v3_3_api_cli_guide/04_MANIFESTS/brand_voice_exception_list.csv","brand_voice_exception_list.csv",".csv","654","aiwf_atlas","manifest","","","2026-05-21T07:12:10.0000000Z"
"AIWF_Atlas_VOL1_machine_facing_v3_3_api_cli_guide/04_MANIFESTS/comfyui_advanced_pass04_web_verified_sources.csv","comfyui_advanced_pass04_web_verified_sources.csv",".csv","4106","aiwf_atlas","manifest","","","2026-05-21T07:12:10.0000000Z"
"AIWF_Atlas_VOL1_machine_facing_v3_3_api_cli_guide/04_MANIFESTS/comfyui_advanced_pass04_web_verified_sources.jsonl","comfyui_advanced_pass04_web_verified_sources.jsonl",".jsonl","7256","aiwf_atlas","manifest","","","2026-05-21T07:12:10.0000000Z"
"AIWF_Atlas_VOL1_machine_facing_v3_3_api_cli_guide/04_MANIFESTS/current_comfyui_advanced_web_verified_sources.csv","current_comfyui_advanced_web_verified_sources.csv",".csv","10726","aiwf_atlas","manifest","","","2026-05-21T07:12:10.0000000Z"
"AIWF_Atlas_VOL1_machine_facing_v3_3_api_cli_guide/04_MANIFESTS/current_comfyui_advanced_web_verified_sources.jsonl","current_comfyui_advanced_web_verified_sources.jsonl",".jsonl","13853","aiwf_atlas","manifest","","","2026-05-21T07:12:10.0000000Z"
"AIWF_Atlas_VOL1_machine_facing_v3_3_api_cli_guide/04_MANIFESTS/current_file_manifest.csv","current_file_manifest.csv",".csv","275820","aiwf_atlas","manifest","","","2026-05-21T07:12:16.0000000Z"
"AIWF_Atlas_VOL1_machine_facing_v3_3_api_cli_guide/04_MANIFESTS/current_file_manifest.json","current_file_manifest.json",".json","287819","aiwf_atlas","manifest","","","2026-05-21T07:12:16.0000000Z"
"AIWF_Atlas_VOL1_machine_facing_v3_3_api_cli_guide/04_MANIFESTS/current_retrieval_cards_manifest.json","current_retrieval_cards_manifest.json",".json","131","aiwf_atlas","manifest","","","2026-05-21T07:12:10.0000000Z"
"AIWF_Atlas_VOL1_machine_facing_v3_3_api_cli_guide/04_MANIFESTS/current_source_domain_summary.csv","current_source_domain_summary.csv",".csv","4524","aiwf_atlas","manifest","","","2026-05-21T07:12:10.0000000Z"
"AIWF_Atlas_VOL1_machine_facing_v3_3_api_cli_guide/04_MANIFESTS/current_source_url_inventory.csv","current_source_url_inventory.csv",".csv","312696","aiwf_atlas","manifest","","","2026-05-21T07:12:10.0000000Z"
"AIWF_Atlas_VOL1_machine_facing_v3_3_api_cli_guide/04_MANIFESTS/current_topics_20_25_canonical_source_pinset.jsonl","current_topics_20_25_canonical_source_pinset.jsonl",".jsonl","7680","aiwf_atlas","manifest","","","2026-05-21T07:12:10.0000000Z"
"AIWF_Atlas_VOL1_machine_facing_v3_3_api_cli_guide/04_MANIFESTS/current_topics_20_25_claim_override_manifest.csv","current_topics_20_25_claim_override_manifest.csv",".csv","3201","aiwf_atlas","manifest","","","2026-05-21T07:12:10.0000000Z"
"AIWF_Atlas_VOL1_machine_facing_v3_3_api_cli_guide/04_MANIFESTS/current_topics_20_25_source_correction_queue.csv","current_topics_20_25_source_correction_queue.csv",".csv","2403","aiwf_atlas","manifest","","","2026-05-21T07:12:10.0000000Z"
"AIWF_Atlas_VOL1_machine_facing_v3_3_api_cli_guide/04_MANIFESTS/current_topics_20_25_source_verification_matrix.csv","current_topics_20_25_source_verification_matrix.csv",".csv","12664","aiwf_atlas","manifest","","","2026-05-21T07:12:10.0000000Z"
"AIWF_Atlas_VOL1_machine_facing_v3_3_api_cli_guide/04_MANIFESTS/current_topics_20_25_source_verification_matrix.jsonl","current_topics_20_25_source_verification_matrix.jsonl",".jsonl","16680","aiwf_atlas","manifest","","","2026-05-21T07:12:10.0000000Z"
"AIWF_Atlas_VOL1_machine_facing_v3_3_api_cli_guide/04_MANIFESTS/current_volatile_claims_review_queue.csv","current_volatile_claims_review_queue.csv",".csv","178098","aiwf_atlas","manifest","","","2026-05-21T07:12:10.0000000Z"
"AIWF_Atlas_VOL1_machine_facing_v3_3_api_cli_guide/04_MANIFESTS/machine_facing_file_manifest_current.csv","machine_facing_file_manifest_current.csv",".csv","203","aiwf_atlas","manifest","","","2026-05-21T07:12:10.0000000Z"
"AIWF_Atlas_VOL1_machine_facing_v3_3_api_cli_guide/04_MANIFESTS/machine_lane_index_current.csv","machine_lane_index_current.csv",".csv","205","aiwf_atlas","manifest","","","2026-05-21T07:12:10.0000000Z"
"AIWF_Atlas_VOL1_machine_facing_v3_3_api_cli_guide/04_MANIFESTS/machine_lane_index_current.json","machine_lane_index_current.json",".json","8339","aiwf_atlas","manifest","","","2026-05-21T07:12:10.0000000Z"
"AIWF_Atlas_VOL1_machine_facing_v3_3_api_cli_guide/04_MANIFESTS/quality_control_changed_files_v3_2.csv","quality_control_changed_files_v3_2.csv",".csv","17033","aiwf_atlas","manifest","","","2026-05-21T07:12:10.0000000Z"
"AIWF_Atlas_VOL1_machine_facing_v3_3_api_cli_guide/04_MANIFESTS/visual_asset_manifest_current.csv","visual_asset_manifest_current.csv",".csv","2476","aiwf_atlas","manifest","","","2026-05-21T07:12:10.0000000Z"
"AIWF_Atlas_VOL1_machine_facing_v3_3_api_cli_guide/04_MANIFESTS/visual_asset_manifest_current.jsonl","visual_asset_manifest_current.jsonl",".jsonl","3739","aiwf_atlas","manifest","","","2026-05-21T07:12:10.0000000Z"
"AIWF_Atlas_VOL1_machine_facing_v3_3_api_cli_guide/05_REPORTS/active_cleanliness_audit_current.csv","active_cleanliness_audit_current.csv",".csv","13","aiwf_atlas","report","","","2026-05-21T07:12:10.0000000Z"
"AIWF_Atlas_VOL1_machine_facing_v3_3_api_cli_guide/05_REPORTS/active_cleanliness_audit_v3_2.csv","active_cleanliness_audit_v3_2.csv",".csv","160","aiwf_atlas","report","","","2026-05-21T07:12:10.0000000Z"
"AIWF_Atlas_VOL1_machine_facing_v3_3_api_cli_guide/05_REPORTS/active_exact_duplicate_hash_audit_current.csv","active_exact_duplicate_hash_audit_current.csv",".csv","34","aiwf_atlas","report","","","2026-05-21T07:12:10.0000000Z"
"AIWF_Atlas_VOL1_machine_facing_v3_3_api_cli_guide/05_REPORTS/active_identity_remnant_audit_v3_2.csv","active_identity_remnant_audit_v3_2.csv",".csv","1669","aiwf_atlas","report","","","2026-05-21T07:12:10.0000000Z"
"AIWF_Atlas_VOL1_machine_facing_v3_3_api_cli_guide/05_REPORTS/active_scaffold_marker_audit_current.csv","active_scaffold_marker_audit_current.csv",".csv","614","aiwf_atlas","report","","","2026-05-21T07:12:18.0000000Z"
"AIWF_Atlas_VOL1_machine_facing_v3_3_api_cli_guide/05_REPORTS/API_CLI_GUIDE_INSERT_REPORT_v3_3.md","API_CLI_GUIDE_INSERT_REPORT_v3_3.md",".md","1299","aiwf_atlas","report","","","2026-05-21T07:12:12.0000000Z"
"AIWF_Atlas_VOL1_machine_facing_v3_3_api_cli_guide/05_REPORTS/ATLAS_SOURCE_MASTER_INDEX_REPORT_v3_1.md","ATLAS_SOURCE_MASTER_INDEX_REPORT_v3_1.md",".md","810","aiwf_atlas","report","","","2026-05-21T07:12:10.0000000Z"
"AIWF_Atlas_VOL1_machine_facing_v3_3_api_cli_guide/05_REPORTS/BRAND_ALIGNMENT_PASS02_REPORT.md","BRAND_ALIGNMENT_PASS02_REPORT.md",".md","1716","aiwf_atlas","report","","","2026-05-21T07:12:10.0000000Z"
"AIWF_Atlas_VOL1_machine_facing_v3_3_api_cli_guide/05_REPORTS/cleanliness_audit_current.csv","cleanliness_audit_current.csv",".csv","188","aiwf_atlas","report","","","2026-05-21T07:12:10.0000000Z"
"AIWF_Atlas_VOL1_machine_facing_v3_3_api_cli_guide/05_REPORTS/COMFYUI_ADVANCED_RESEARCH_PASS02_DATATYPE_BOUNDARIES_REPORT.md","COMFYUI_ADVANCED_RESEARCH_PASS02_DATATYPE_BOUNDARIES_REPORT.md",".md","994","aiwf_atlas","report","","","2026-05-21T07:12:10.0000000Z"
"AIWF_Atlas_VOL1_machine_facing_v3_3_api_cli_guide/05_REPORTS/COMFYUI_ADVANCED_RESEARCH_PASS03_WORKFLOW_API_GRADIO_REPORT.md","COMFYUI_ADVANCED_RESEARCH_PASS03_WORKFLOW_API_GRADIO_REPORT.md",".md","1568","aiwf_atlas","report","","","2026-05-21T07:12:10.0000000Z"
"AIWF_Atlas_VOL1_machine_facing_v3_3_api_cli_guide/05_REPORTS/exact_duplicate_hash_audit_current.csv","exact_duplicate_hash_audit_current.csv",".csv","187","aiwf_atlas","report","","","2026-05-21T07:12:18.0000000Z"
"AIWF_Atlas_VOL1_machine_facing_v3_3_api_cli_guide/05_REPORTS/exact_duplicate_hash_audit_v3_2.csv","exact_duplicate_hash_audit_v3_2.csv",".csv","20","aiwf_atlas","report","","","2026-05-21T07:12:10.0000000Z"
"AIWF_Atlas_VOL1_machine_facing_v3_3_api_cli_guide/05_REPORTS/QUALITY_CONTROL_PASS_v3_2_REPORT.md","QUALITY_CONTROL_PASS_v3_2_REPORT.md",".md","3450","aiwf_atlas","report","","","2026-05-21T07:12:10.0000000Z"
"AIWF_Atlas_VOL1_machine_facing_v3_3_api_cli_guide/05_REPORTS/STRUCTURE_HARDENING_v2_14_EVALUATION_REPORT.md","STRUCTURE_HARDENING_v2_14_EVALUATION_REPORT.md",".md","1000","aiwf_atlas","report","","","2026-05-21T07:12:10.0000000Z"
"AIWF_Atlas_VOL1_machine_facing_v3_3_api_cli_guide/06_CHANGE_HISTORY/archived_active_controls_pre_v2_14/04_MANIFESTS/adapter_evaluation_web_verified_sources_v2_13.csv","adapter_evaluation_web_verified_sources_v2_13.csv",".csv","1429","aiwf_atlas","change_history","","","2026-05-21T07:12:10.0000000Z"
"AIWF_Atlas_VOL1_machine_facing_v3_3_api_cli_guide/06_CHANGE_HISTORY/archived_active_controls_pre_v2_14/04_MANIFESTS/adapter_evaluation_web_verified_sources_v2_13.jsonl","adapter_evaluation_web_verified_sources_v2_13.jsonl",".jsonl","344","aiwf_atlas","change_history","","","2026-05-21T07:12:10.0000000Z"
"AIWF_Atlas_VOL1_machine_facing_v3_3_api_cli_guide/06_CHANGE_HISTORY/archived_active_controls_pre_v2_14/04_MANIFESTS/brand_consistency_manifest_v2_6.csv","brand_consistency_manifest_v2_6.csv",".csv","12","aiwf_atlas","change_history","","","2026-05-21T07:12:10.0000000Z"
"AIWF_Atlas_VOL1_machine_facing_v3_3_api_cli_guide/06_CHANGE_HISTORY/archived_active_controls_pre_v2_14/04_MANIFESTS/brand_voice_humor_manifest_v2_7.csv","brand_voice_humor_manifest_v2_7.csv",".csv","813","aiwf_atlas","change_history","","","2026-05-21T07:12:10.0000000Z"
"AIWF_Atlas_VOL1_machine_facing_v3_3_api_cli_guide/06_CHANGE_HISTORY/archived_active_controls_pre_v2_14/04_MANIFESTS/gradio_learning_guide_cleaning_manifest_v2_4.csv","gradio_learning_guide_cleaning_manifest_v2_4.csv",".csv","496","aiwf_atlas","change_history","","","2026-05-21T07:12:10.0000000Z"
"AIWF_Atlas_VOL1_machine_facing_v3_3_api_cli_guide/06_CHANGE_HISTORY/archived_active_controls_pre_v2_14/04_MANIFESTS/gradio_learning_guide_crosswalk_v2_4.csv","gradio_learning_guide_crosswalk_v2_4.csv",".csv","2802","aiwf_atlas","change_history","","","2026-05-21T07:12:10.0000000Z"
"AIWF_Atlas_VOL1_machine_facing_v3_3_api_cli_guide/06_CHANGE_HISTORY/archived_active_controls_pre_v2_14/04_MANIFESTS/gradio_learning_guide_crosswalk_v2_4.jsonl","gradio_learning_guide_crosswalk_v2_4.jsonl",".jsonl","3707","aiwf_atlas","change_history","","","2026-05-21T07:12:10.0000000Z"
"AIWF_Atlas_VOL1_machine_facing_v3_3_api_cli_guide/06_CHANGE_HISTORY/archived_active_controls_pre_v2_14/04_MANIFESTS/gradio_learning_guide_source_manifest_v2_4.csv","gradio_learning_guide_source_manifest_v2_4.csv",".csv","3681","aiwf_atlas","change_history","","","2026-05-21T07:12:10.0000000Z"
"AIWF_Atlas_VOL1_machine_facing_v3_3_api_cli_guide/06_CHANGE_HISTORY/archived_active_controls_pre_v2_14/04_MANIFESTS/gradio_learning_guide_web_verified_sources_v2_4.csv","gradio_learning_guide_web_verified_sources_v2_4.csv",".csv","1718","aiwf_atlas","change_history","","","2026-05-21T07:12:10.0000000Z"
"AIWF_Atlas_VOL1_machine_facing_v3_3_api_cli_guide/06_CHANGE_HISTORY/archived_active_controls_pre_v2_14/04_MANIFESTS/gradio_learning_guide_web_verified_sources_v2_4.jsonl","gradio_learning_guide_web_verified_sources_v2_4.jsonl",".jsonl","2311","aiwf_atlas","change_history","","","2026-05-21T07:12:10.0000000Z"
"AIWF_Atlas_VOL1_machine_facing_v3_3_api_cli_guide/06_CHANGE_HISTORY/archived_active_controls_pre_v2_14/04_MANIFESTS/learning_guide_cleanup_manifest_v2_5.csv","learning_guide_cleanup_manifest_v2_5.csv",".csv","2337","aiwf_atlas","change_history","","","2026-05-21T07:12:10.0000000Z"
"AIWF_Atlas_VOL1_machine_facing_v3_3_api_cli_guide/06_CHANGE_HISTORY/archived_active_controls_pre_v2_14/04_MANIFESTS/learning_guide_web_source_pinset_v2_5.jsonl","learning_guide_web_source_pinset_v2_5.jsonl",".jsonl","1011","aiwf_atlas","change_history","","","2026-05-21T07:12:10.0000000Z"
"AIWF_Atlas_VOL1_machine_facing_v3_3_api_cli_guide/06_CHANGE_HISTORY/archived_active_controls_pre_v2_14/04_MANIFESTS/torchie_active_markdown_pdf_audit_v2_12.csv","torchie_active_markdown_pdf_audit_v2_12.csv",".csv","24","aiwf_atlas","change_history","","","2026-05-21T07:12:10.0000000Z"
"AIWF_Atlas_VOL1_machine_facing_v3_3_api_cli_guide/06_CHANGE_HISTORY/archived_active_controls_pre_v2_14/04_MANIFESTS/torchie_rebrand_asset_manifest_v2_11.csv","torchie_rebrand_asset_manifest_v2_11.csv",".csv","1046","aiwf_atlas","change_history","","","2026-05-21T07:12:10.0000000Z"
"AIWF_Atlas_VOL1_machine_facing_v3_3_api_cli_guide/06_CHANGE_HISTORY/archived_active_controls_pre_v2_14/04_MANIFESTS/workflow_prompt_brand_pass_v2_9_changed_files.csv","workflow_prompt_brand_pass_v2_9_changed_files.csv",".csv","2889","aiwf_atlas","change_history","","","2026-05-21T07:12:10.0000000Z"
"AIWF_Atlas_VOL1_machine_facing_v3_3_api_cli_guide/06_CHANGE_HISTORY/archived_active_controls_pre_v2_14/05_REPORTS/active_cleanliness_audit_v2_4.csv","active_cleanliness_audit_v2_4.csv",".csv","24","aiwf_atlas","change_history","","","2026-05-21T07:12:10.0000000Z"
"AIWF_Atlas_VOL1_machine_facing_v3_3_api_cli_guide/06_CHANGE_HISTORY/archived_active_controls_pre_v2_14/05_REPORTS/ADAPTER_EVALUATION_RESEARCH_PASS_v2_13_REPORT.md","ADAPTER_EVALUATION_RESEARCH_PASS_v2_13_REPORT.md",".md","1028","aiwf_atlas","change_history","","","2026-05-21T07:12:10.0000000Z"
"AIWF_Atlas_VOL1_machine_facing_v3_3_api_cli_guide/06_CHANGE_HISTORY/archived_active_controls_pre_v2_14/05_REPORTS/brand_alignment_cleanliness_audit_v2_8.csv","brand_alignment_cleanliness_audit_v2_8.csv",".csv","22","aiwf_atlas","change_history","","","2026-05-21T07:12:10.0000000Z"
"AIWF_Atlas_VOL1_machine_facing_v3_3_api_cli_guide/06_CHANGE_HISTORY/archived_active_controls_pre_v2_14/05_REPORTS/BRAND_CONSISTENCY_PASS_v2_6_REPORT.md","BRAND_CONSISTENCY_PASS_v2_6_REPORT.md",".md","1394","aiwf_atlas","change_history","","","2026-05-21T07:12:10.0000000Z"
"AIWF_Atlas_VOL1_machine_facing_v3_3_api_cli_guide/06_CHANGE_HISTORY/archived_active_controls_pre_v2_14/05_REPORTS/BRAND_VOICE_AND_HUMOR_PASS_v2_7_REPORT.md","BRAND_VOICE_AND_HUMOR_PASS_v2_7_REPORT.md",".md","1322","aiwf_atlas","change_history","","","2026-05-21T07:12:10.0000000Z"
"AIWF_Atlas_VOL1_machine_facing_v3_3_api_cli_guide/06_CHANGE_HISTORY/archived_active_controls_pre_v2_14/05_REPORTS/COMFYUI_ADVANCED_RESEARCH_PASS04_v2_3_REPORT.md","COMFYUI_ADVANCED_RESEARCH_PASS04_v2_3_REPORT.md",".md","733","aiwf_atlas","change_history","","","2026-05-21T07:12:10.0000000Z"
"AIWF_Atlas_VOL1_machine_facing_v3_3_api_cli_guide/06_CHANGE_HISTORY/archived_active_controls_pre_v2_14/05_REPORTS/duplicate_file_policy_audit_v2_9.csv","duplicate_file_policy_audit_v2_9.csv",".csv","298","aiwf_atlas","change_history","","","2026-05-21T07:12:10.0000000Z"
"AIWF_Atlas_VOL1_machine_facing_v3_3_api_cli_guide/06_CHANGE_HISTORY/archived_active_controls_pre_v2_14/05_REPORTS/exact_duplicate_hash_audit_v2_8.csv","exact_duplicate_hash_audit_v2_8.csv",".csv","1108","aiwf_atlas","change_history","","","2026-05-21T07:12:10.0000000Z"
"AIWF_Atlas_VOL1_machine_facing_v3_3_api_cli_guide/06_CHANGE_HISTORY/archived_active_controls_pre_v2_14/05_REPORTS/GRADIO_LEARNING_GUIDE_INTEGRATION_v2_4_REPORT.md","GRADIO_LEARNING_GUIDE_INTEGRATION_v2_4_REPORT.md",".md","2181","aiwf_atlas","change_history","","","2026-05-21T07:12:10.0000000Z"
"AIWF_Atlas_VOL1_machine_facing_v3_3_api_cli_guide/06_CHANGE_HISTORY/archived_active_controls_pre_v2_14/05_REPORTS/LEARNING_GUIDE_STRUCTURE_HARDENING_v2_5_REPORT.md","LEARNING_GUIDE_STRUCTURE_HARDENING_v2_5_REPORT.md",".md","1470","aiwf_atlas","change_history","","","2026-05-21T07:12:10.0000000Z"
"AIWF_Atlas_VOL1_machine_facing_v3_3_api_cli_guide/06_CHANGE_HISTORY/archived_active_controls_pre_v2_14/05_REPORTS/TORCHIE_ACTIVE_MARKDOWN_AND_PDF_AUDIT_v2_12.md","TORCHIE_ACTIVE_MARKDOWN_AND_PDF_AUDIT_v2_12.md",".md","1036","aiwf_atlas","change_history","","","2026-05-21T07:12:10.0000000Z"
"AIWF_Atlas_VOL1_machine_facing_v3_3_api_cli_guide/06_CHANGE_HISTORY/archived_active_controls_pre_v2_14/05_REPORTS/TORCHIE_REBRAND_REPLACEMENT_v2_11_REPORT.md","TORCHIE_REBRAND_REPLACEMENT_v2_11_REPORT.md",".md","1497","aiwf_atlas","change_history","","","2026-05-21T07:12:10.0000000Z"
"AIWF_Atlas_VOL1_machine_facing_v3_3_api_cli_guide/06_CHANGE_HISTORY/archived_active_controls_pre_v2_14/05_REPORTS/visual_asset_cleanliness_audit_v2_10.csv","visual_asset_cleanliness_audit_v2_10.csv",".csv","428","aiwf_atlas","change_history","","","2026-05-21T07:12:10.0000000Z"
"AIWF_Atlas_VOL1_machine_facing_v3_3_api_cli_guide/06_CHANGE_HISTORY/archived_active_controls_pre_v2_14/05_REPORTS/workflow_prompt_brand_cleanliness_audit_v2_9.csv","workflow_prompt_brand_cleanliness_audit_v2_9.csv",".csv","18","aiwf_atlas","change_history","","","2026-05-21T07:12:10.0000000Z"
"AIWF_Atlas_VOL1_machine_facing_v3_3_api_cli_guide/06_CHANGE_HISTORY/archived_active_controls_pre_v2_14/05_REPORTS/WORKFLOW_PROMPT_BRAND_PASS_v2_9_REPORT.md","WORKFLOW_PROMPT_BRAND_PASS_v2_9_REPORT.md",".md","1722","aiwf_atlas","change_history","","","2026-05-21T07:12:10.0000000Z"
"AIWF_Atlas_VOL1_machine_facing_v3_3_api_cli_guide/06_CHANGE_HISTORY/archived_active_controls_pre_v2_14/09_EVALUATION_HARNESS/lane_quality_audit_v1_2.csv","lane_quality_audit_v1_2.csv",".csv","1137","aiwf_atlas","change_history","","","2026-05-21T07:12:10.0000000Z"
"AIWF_Atlas_VOL1_machine_facing_v3_3_api_cli_guide/06_CHANGE_HISTORY/CHANGELOG.md","CHANGELOG.md",".md","3770","aiwf_atlas","change_history","","","2026-05-21T07:12:10.0000000Z"
"AIWF_Atlas_VOL1_machine_facing_v3_3_api_cli_guide/06_CHANGE_HISTORY/completed_roadmaps_pre_v2_0/ROADMAP_TOPIC_EXPANSION_PLAN_20_25_COMPLETED.md","ROADMAP_TOPIC_EXPANSION_PLAN_20_25_COMPLETED.md",".md","1146","aiwf_atlas","change_history","","","2026-05-21T07:12:10.0000000Z"
"AIWF_Atlas_VOL1_machine_facing_v3_3_api_cli_guide/06_CHANGE_HISTORY/learning_guide_cleanup_pre_v2_5/00_Master_Section_1_Gradio_Topics20-21_Expanded.md","00_Master_Section_1_Gradio_Topics20-21_Expanded.md",".md","9966","aiwf_atlas","change_history","","","2026-05-21T07:12:10.0000000Z"
"AIWF_Atlas_VOL1_machine_facing_v3_3_api_cli_guide/06_CHANGE_HISTORY/learning_guide_cleanup_pre_v2_5/02_Section_3_Topics24-25_Labs_Capstone2.md","02_Section_3_Topics24-25_Labs_Capstone2.md",".md","7950","aiwf_atlas","change_history","","","2026-05-21T07:12:10.0000000Z"
"AIWF_Atlas_VOL1_machine_facing_v3_3_api_cli_guide/06_CHANGE_HISTORY/learning_guide_cleanup_pre_v2_5/03_Final_Section_4_Glossary_Index_Capstones_Diagrams.md","03_Final_Section_4_Glossary_Index_Capstones_Diagrams.md",".md","8797","aiwf_atlas","change_history","","","2026-05-21T07:12:10.0000000Z"
"AIWF_Atlas_VOL1_machine_facing_v3_3_api_cli_guide/06_CHANGE_HISTORY/learning_guide_cleanup_pre_v2_5/04_Final_Section_Glossary_Index_Capstones_Diagrams.md","04_Final_Section_Glossary_Index_Capstones_Diagrams.md",".md","11209","aiwf_atlas","change_history","","","2026-05-21T07:12:10.0000000Z"
"AIWF_Atlas_VOL1_machine_facing_v3_3_api_cli_guide/06_CHANGE_HISTORY/learning_guide_cleanup_pre_v2_5/exact_duplicate_hash_audit_v2_4.csv","exact_duplicate_hash_audit_v2_4.csv",".csv","223","aiwf_atlas","change_history","","","2026-05-21T07:12:10.0000000Z"
"AIWF_Atlas_VOL1_machine_facing_v3_3_api_cli_guide/06_CHANGE_HISTORY/learning_guide_cleanup_pre_v2_5/Expanded_Gradio_Section_v2.md","Expanded_Gradio_Section_v2.md",".md","12633","aiwf_atlas","change_history","","","2026-05-21T07:12:10.0000000Z"
"AIWF_Atlas_VOL1_machine_facing_v3_3_api_cli_guide/06_CHANGE_HISTORY/learning_guide_cleanup_pre_v2_5/Expanded_Section2_Topics22-23_v2.md","Expanded_Section2_Topics22-23_v2.md",".md","10751","aiwf_atlas","change_history","","","2026-05-21T07:12:10.0000000Z"
"AIWF_Atlas_VOL1_machine_facing_v3_3_api_cli_guide/06_CHANGE_HISTORY/learning_guide_cleanup_pre_v2_5/Expanded_Section3_Topics24-25_v2.md","Expanded_Section3_Topics24-25_v2.md",".md","10715","aiwf_atlas","change_history","","","2026-05-21T07:12:10.0000000Z"
"AIWF_Atlas_VOL1_machine_facing_v3_3_api_cli_guide/06_CHANGE_HISTORY/learning_guide_cleanup_pre_v2_5/lakeFS_Versioning_Deep_Dive.md","lakeFS_Versioning_Deep_Dive.md",".md","8337","aiwf_atlas","change_history","","","2026-05-21T07:12:10.0000000Z"
"AIWF_Atlas_VOL1_machine_facing_v3_3_api_cli_guide/06_CHANGE_HISTORY/legacy_CHANGELOG.md","legacy_CHANGELOG.md",".md","1880","aiwf_atlas","change_history","","","2026-05-21T07:12:10.0000000Z"
"AIWF_Atlas_VOL1_machine_facing_v3_3_api_cli_guide/06_CHANGE_HISTORY/legacy_current_only_v2_0_reports/current_cleanliness_audit_v2_0.csv","current_cleanliness_audit_v2_0.csv",".csv","18","aiwf_atlas","change_history","","","2026-05-21T07:12:10.0000000Z"
"AIWF_Atlas_VOL1_machine_facing_v3_3_api_cli_guide/06_CHANGE_HISTORY/legacy_current_only_v2_0_reports/CURRENT_ONLY_STRUCTURE_CLEANUP_REPORT_v2_0.md","CURRENT_ONLY_STRUCTURE_CLEANUP_REPORT_v2_0.md",".md","1303","aiwf_atlas","change_history","","","2026-05-21T07:12:10.0000000Z"
"AIWF_Atlas_VOL1_machine_facing_v3_3_api_cli_guide/06_CHANGE_HISTORY/legacy_manifests_and_indexes_pre_v1_2/duplicate_exact_content_map.csv","duplicate_exact_content_map.csv",".csv","102866","aiwf_atlas","change_history","","","2026-05-21T07:12:10.0000000Z"
"AIWF_Atlas_VOL1_machine_facing_v3_3_api_cli_guide/06_CHANGE_HISTORY/legacy_manifests_and_indexes_pre_v1_2/duplicate_exact_content_map.json","duplicate_exact_content_map.json",".json","151642","aiwf_atlas","change_history","","","2026-05-21T07:12:10.0000000Z"
"AIWF_Atlas_VOL1_machine_facing_v3_3_api_cli_guide/06_CHANGE_HISTORY/legacy_manifests_and_indexes_pre_v1_2/editorial_removed_or_consolidated_files_v0_9.csv","editorial_removed_or_consolidated_files_v0_9.csv",".csv","1872","aiwf_atlas","change_history","","","2026-05-21T07:12:10.0000000Z"
"AIWF_Atlas_VOL1_machine_facing_v3_3_api_cli_guide/06_CHANGE_HISTORY/legacy_manifests_and_indexes_pre_v1_2/file_manifest_unique.csv","file_manifest_unique.csv",".csv","442499","aiwf_atlas","change_history","","","2026-05-21T07:12:10.0000000Z"
"AIWF_Atlas_VOL1_machine_facing_v3_3_api_cli_guide/06_CHANGE_HISTORY/legacy_manifests_and_indexes_pre_v1_2/file_manifest_unique.json","file_manifest_unique.json",".json","615898","aiwf_atlas","change_history","","","2026-05-21T07:12:10.0000000Z"
"AIWF_Atlas_VOL1_machine_facing_v3_3_api_cli_guide/06_CHANGE_HISTORY/legacy_manifests_and_indexes_pre_v1_2/internal_version_near_duplicate_consolidation_map.csv","internal_version_near_duplicate_consolidation_map.csv",".csv","9281","aiwf_atlas","change_history","","","2026-05-21T07:12:10.0000000Z"
"AIWF_Atlas_VOL1_machine_facing_v3_3_api_cli_guide/06_CHANGE_HISTORY/legacy_manifests_and_indexes_pre_v1_2/internal_version_near_duplicate_consolidation_map.json","internal_version_near_duplicate_consolidation_map.json",".json","20673","aiwf_atlas","change_history","","","2026-05-21T07:12:10.0000000Z"
"AIWF_Atlas_VOL1_machine_facing_v3_3_api_cli_guide/06_CHANGE_HISTORY/legacy_manifests_and_indexes_pre_v1_2/internal_version_removed_paths.txt","internal_version_removed_paths.txt",".txt","5567","aiwf_atlas","change_history","","","2026-05-21T07:12:10.0000000Z"
"AIWF_Atlas_VOL1_machine_facing_v3_3_api_cli_guide/06_CHANGE_HISTORY/legacy_manifests_and_indexes_pre_v1_2/machine_facing_file_manifest_v0_9.csv","machine_facing_file_manifest_v0_9.csv",".csv","302154","aiwf_atlas","change_history","","","2026-05-21T07:12:10.0000000Z"
"AIWF_Atlas_VOL1_machine_facing_v3_3_api_cli_guide/06_CHANGE_HISTORY/legacy_manifests_and_indexes_pre_v1_2/machine_facing_file_manifest_v0_9.json","machine_facing_file_manifest_v0_9.json",".json","386639","aiwf_atlas","change_history","","","2026-05-21T07:12:10.0000000Z"
"AIWF_Atlas_VOL1_machine_facing_v3_3_api_cli_guide/06_CHANGE_HISTORY/legacy_manifests_and_indexes_pre_v1_2/machine_facing_file_manifest_v1_0.csv","machine_facing_file_manifest_v1_0.csv",".csv","378386","aiwf_atlas","change_history","","","2026-05-21T07:12:10.0000000Z"
"AIWF_Atlas_VOL1_machine_facing_v3_3_api_cli_guide/06_CHANGE_HISTORY/legacy_manifests_and_indexes_pre_v1_2/machine_facing_file_manifest_v1_0.json","machine_facing_file_manifest_v1_0.json",".json","530933","aiwf_atlas","change_history","","","2026-05-21T07:12:10.0000000Z"
"AIWF_Atlas_VOL1_machine_facing_v3_3_api_cli_guide/06_CHANGE_HISTORY/legacy_manifests_and_indexes_pre_v1_2/machine_facing_file_manifest_v1_1.csv","machine_facing_file_manifest_v1_1.csv",".csv","350543","aiwf_atlas","change_history","","","2026-05-21T07:12:10.0000000Z"
"AIWF_Atlas_VOL1_machine_facing_v3_3_api_cli_guide/06_CHANGE_HISTORY/legacy_manifests_and_indexes_pre_v1_2/machine_facing_file_manifest_v1_1.json","machine_facing_file_manifest_v1_1.json",".json","434266","aiwf_atlas","change_history","","","2026-05-21T07:12:10.0000000Z"
"AIWF_Atlas_VOL1_machine_facing_v3_3_api_cli_guide/06_CHANGE_HISTORY/legacy_manifests_and_indexes_pre_v1_2/merge_summary.json","merge_summary.json",".json","690","aiwf_atlas","change_history","","","2026-05-21T07:12:10.0000000Z"
"AIWF_Atlas_VOL1_machine_facing_v3_3_api_cli_guide/06_CHANGE_HISTORY/legacy_manifests_and_indexes_pre_v1_2/near_duplicate_consolidation_map.csv","near_duplicate_consolidation_map.csv",".csv","8221","aiwf_atlas","change_history","","","2026-05-21T07:12:10.0000000Z"
"AIWF_Atlas_VOL1_machine_facing_v3_3_api_cli_guide/06_CHANGE_HISTORY/legacy_manifests_and_indexes_pre_v1_2/near_duplicate_consolidation_map.json","near_duplicate_consolidation_map.json",".json","21502","aiwf_atlas","change_history","","","2026-05-21T07:12:10.0000000Z"
"AIWF_Atlas_VOL1_machine_facing_v3_3_api_cli_guide/06_CHANGE_HISTORY/legacy_manifests_and_indexes_pre_v1_2/near_duplicate_removed_paths.txt","near_duplicate_removed_paths.txt",".txt","3046","aiwf_atlas","change_history","","","2026-05-21T07:12:10.0000000Z"
"AIWF_Atlas_VOL1_machine_facing_v3_3_api_cli_guide/06_CHANGE_HISTORY/legacy_manifests_and_indexes_pre_v1_2/path_collision_map.csv","path_collision_map.csv",".csv","0","aiwf_atlas","change_history","","","2026-05-21T07:12:10.0000000Z"
"AIWF_Atlas_VOL1_machine_facing_v3_3_api_cli_guide/06_CHANGE_HISTORY/legacy_manifests_and_indexes_pre_v1_2/source_upload_inventory.csv","source_upload_inventory.csv",".csv","2047","aiwf_atlas","change_history","","","2026-05-21T07:12:10.0000000Z"
"AIWF_Atlas_VOL1_machine_facing_v3_3_api_cli_guide/06_CHANGE_HISTORY/legacy_manifests_and_indexes_pre_v1_2/source_upload_inventory.json","source_upload_inventory.json",".json","3847","aiwf_atlas","change_history","","","2026-05-21T07:12:10.0000000Z"
"AIWF_Atlas_VOL1_machine_facing_v3_3_api_cli_guide/06_CHANGE_HISTORY/legacy_manifests_and_indexes_pre_v1_2/structure_removed_draft_markers_v1_0.csv","structure_removed_draft_markers_v1_0.csv",".csv","878","aiwf_atlas","change_history","","","2026-05-21T07:12:10.0000000Z"
"AIWF_Atlas_VOL1_machine_facing_v3_3_api_cli_guide/06_CHANGE_HISTORY/legacy_manifests_and_indexes_pre_v1_2/vol1_research_project_balance_manifest.csv","vol1_research_project_balance_manifest.csv",".csv","24456","aiwf_atlas","change_history","","","2026-05-21T07:12:10.0000000Z"
"AIWF_Atlas_VOL1_machine_facing_v3_3_api_cli_guide/06_CHANGE_HISTORY/legacy_manifests_and_indexes_pre_v1_2/vol1_research_project_balance_manifest.jsonl","vol1_research_project_balance_manifest.jsonl",".jsonl","25585","aiwf_atlas","change_history","","","2026-05-21T07:12:10.0000000Z"
"AIWF_Atlas_VOL1_machine_facing_v3_3_api_cli_guide/06_CHANGE_HISTORY/legacy_manifests_and_indexes_pre_v1_2/vol1_topics_20_25_added_manifest.jsonl","vol1_topics_20_25_added_manifest.jsonl",".jsonl","12150","aiwf_atlas","change_history","","","2026-05-21T07:12:10.0000000Z"
"AIWF_Atlas_VOL1_machine_facing_v3_3_api_cli_guide/06_CHANGE_HISTORY/legacy_manifests_pre_v2_0/ACTIVE_MANIFESTS_README.md","ACTIVE_MANIFESTS_README.md",".md","776","aiwf_atlas","change_history","","","2026-05-21T07:12:10.0000000Z"
"AIWF_Atlas_VOL1_machine_facing_v3_3_api_cli_guide/06_CHANGE_HISTORY/legacy_manifests_pre_v2_0/legacy_manifest_relocation_v1_2.csv","legacy_manifest_relocation_v1_2.csv",".csv","3587","aiwf_atlas","change_history","","","2026-05-21T07:12:10.0000000Z"
"AIWF_Atlas_VOL1_machine_facing_v3_3_api_cli_guide/06_CHANGE_HISTORY/legacy_manifests_pre_v2_0/machine_facing_file_manifest_v1_2.csv","machine_facing_file_manifest_v1_2.csv",".csv","388288","aiwf_atlas","change_history","","","2026-05-21T07:12:10.0000000Z"
"AIWF_Atlas_VOL1_machine_facing_v3_3_api_cli_guide/06_CHANGE_HISTORY/legacy_manifests_pre_v2_0/machine_facing_file_manifest_v1_2.json","machine_facing_file_manifest_v1_2.json",".json","523376","aiwf_atlas","change_history","","","2026-05-21T07:12:10.0000000Z"
"AIWF_Atlas_VOL1_machine_facing_v3_3_api_cli_guide/06_CHANGE_HISTORY/legacy_manifests_pre_v2_0/machine_facing_file_manifest_v1_3.csv","machine_facing_file_manifest_v1_3.csv",".csv","359204","aiwf_atlas","change_history","","","2026-05-21T07:12:10.0000000Z"
"AIWF_Atlas_VOL1_machine_facing_v3_3_api_cli_guide/06_CHANGE_HISTORY/legacy_manifests_pre_v2_0/machine_facing_file_manifest_v1_3.json","machine_facing_file_manifest_v1_3.json",".json","454070","aiwf_atlas","change_history","","","2026-05-21T07:12:10.0000000Z"
"AIWF_Atlas_VOL1_machine_facing_v3_3_api_cli_guide/06_CHANGE_HISTORY/legacy_manifests_pre_v2_0/machine_facing_file_manifest_v1_4.csv","machine_facing_file_manifest_v1_4.csv",".csv","360071","aiwf_atlas","change_history","","","2026-05-21T07:12:10.0000000Z"
"AIWF_Atlas_VOL1_machine_facing_v3_3_api_cli_guide/06_CHANGE_HISTORY/legacy_manifests_pre_v2_0/machine_facing_file_manifest_v1_4.json","machine_facing_file_manifest_v1_4.json",".json","455343","aiwf_atlas","change_history","","","2026-05-21T07:12:10.0000000Z"
"AIWF_Atlas_VOL1_machine_facing_v3_3_api_cli_guide/06_CHANGE_HISTORY/legacy_manifests_pre_v2_0/machine_facing_file_manifest_v1_5.csv","machine_facing_file_manifest_v1_5.csv",".csv","361302","aiwf_atlas","change_history","","","2026-05-21T07:12:10.0000000Z"
"AIWF_Atlas_VOL1_machine_facing_v3_3_api_cli_guide/06_CHANGE_HISTORY/legacy_manifests_pre_v2_0/machine_facing_file_manifest_v1_6.csv","machine_facing_file_manifest_v1_6.csv",".csv","362217","aiwf_atlas","change_history","","","2026-05-21T07:12:10.0000000Z"
"AIWF_Atlas_VOL1_machine_facing_v3_3_api_cli_guide/06_CHANGE_HISTORY/legacy_manifests_pre_v2_0/machine_facing_file_manifest_v1_7.csv","machine_facing_file_manifest_v1_7.csv",".csv","363502","aiwf_atlas","change_history","","","2026-05-21T07:12:10.0000000Z"
"AIWF_Atlas_VOL1_machine_facing_v3_3_api_cli_guide/06_CHANGE_HISTORY/legacy_manifests_pre_v2_0/machine_facing_file_manifest_v1_7.json","machine_facing_file_manifest_v1_7.json",".json","460282","aiwf_atlas","change_history","","","2026-05-21T07:12:10.0000000Z"
"AIWF_Atlas_VOL1_machine_facing_v3_3_api_cli_guide/06_CHANGE_HISTORY/legacy_manifests_pre_v2_0/machine_facing_file_manifest_v1_8.csv","machine_facing_file_manifest_v1_8.csv",".csv","373490","aiwf_atlas","change_history","","","2026-05-21T07:12:10.0000000Z"
"AIWF_Atlas_VOL1_machine_facing_v3_3_api_cli_guide/06_CHANGE_HISTORY/legacy_manifests_pre_v2_0/machine_facing_file_manifest_v1_8.json","machine_facing_file_manifest_v1_8.json",".json","465216","aiwf_atlas","change_history","","","2026-05-21T07:12:10.0000000Z"
"AIWF_Atlas_VOL1_machine_facing_v3_3_api_cli_guide/06_CHANGE_HISTORY/legacy_manifests_pre_v2_0/machine_facing_file_manifest_v1_9.csv","machine_facing_file_manifest_v1_9.csv",".csv","374838","aiwf_atlas","change_history","","","2026-05-21T07:12:10.0000000Z"
"AIWF_Atlas_VOL1_machine_facing_v3_3_api_cli_guide/06_CHANGE_HISTORY/legacy_manifests_pre_v2_0/machine_facing_file_manifest_v1_9.json","machine_facing_file_manifest_v1_9.json",".json","475794","aiwf_atlas","change_history","","","2026-05-21T07:12:10.0000000Z"
"AIWF_Atlas_VOL1_machine_facing_v3_3_api_cli_guide/06_CHANGE_HISTORY/legacy_manifests_pre_v2_0/machine_lane_index.csv","machine_lane_index.csv",".csv","9044","aiwf_atlas","change_history","","","2026-05-21T07:12:10.0000000Z"
"AIWF_Atlas_VOL1_machine_facing_v3_3_api_cli_guide/06_CHANGE_HISTORY/legacy_manifests_pre_v2_0/machine_lane_index.json","machine_lane_index.json",".json","23873","aiwf_atlas","change_history","","","2026-05-21T07:12:10.0000000Z"
"AIWF_Atlas_VOL1_machine_facing_v3_3_api_cli_guide/06_CHANGE_HISTORY/legacy_manifests_pre_v2_0/machine_lane_index_v1_8.csv","machine_lane_index_v1_8.csv",".csv","4851","aiwf_atlas","change_history","","","2026-05-21T07:12:10.0000000Z"
"AIWF_Atlas_VOL1_machine_facing_v3_3_api_cli_guide/06_CHANGE_HISTORY/legacy_manifests_pre_v2_0/machine_lane_index_v1_8.json","machine_lane_index_v1_8.json",".json","8045","aiwf_atlas","change_history","","","2026-05-21T07:12:10.0000000Z"
"AIWF_Atlas_VOL1_machine_facing_v3_3_api_cli_guide/06_CHANGE_HISTORY/legacy_manifests_pre_v2_0/source_domain_summary_v1_4_additions.csv","source_domain_summary_v1_4_additions.csv",".csv","184","aiwf_atlas","change_history","","","2026-05-21T07:12:10.0000000Z"
"AIWF_Atlas_VOL1_machine_facing_v3_3_api_cli_guide/06_CHANGE_HISTORY/legacy_manifests_pre_v2_0/source_verification_sample_v1_3.csv","source_verification_sample_v1_3.csv",".csv","5006","aiwf_atlas","change_history","","","2026-05-21T07:12:10.0000000Z"
"AIWF_Atlas_VOL1_machine_facing_v3_3_api_cli_guide/06_CHANGE_HISTORY/legacy_manifests_pre_v2_0/source_verification_sample_v1_4.csv","source_verification_sample_v1_4.csv",".csv","5631","aiwf_atlas","change_history","","","2026-05-21T07:12:10.0000000Z"
"AIWF_Atlas_VOL1_machine_facing_v3_3_api_cli_guide/06_CHANGE_HISTORY/legacy_manifests_pre_v2_0/source_verification_sample_v1_4.jsonl","source_verification_sample_v1_4.jsonl",".jsonl","7818","aiwf_atlas","change_history","","","2026-05-21T07:12:10.0000000Z"
"AIWF_Atlas_VOL1_machine_facing_v3_3_api_cli_guide/06_CHANGE_HISTORY/legacy_manifests_pre_v2_0/topics_20_25_source_correction_queue_v1_5.csv","topics_20_25_source_correction_queue_v1_5.csv",".csv","4500","aiwf_atlas","change_history","","","2026-05-21T07:12:10.0000000Z"
"AIWF_Atlas_VOL1_machine_facing_v3_3_api_cli_guide/06_CHANGE_HISTORY/legacy_manifests_pre_v2_0/topics_20_25_source_verification_matrix_v1_5.csv","topics_20_25_source_verification_matrix_v1_5.csv",".csv","10500","aiwf_atlas","change_history","","","2026-05-21T07:12:10.0000000Z"
"AIWF_Atlas_VOL1_machine_facing_v3_3_api_cli_guide/06_CHANGE_HISTORY/legacy_manifests_pre_v2_0/topics_20_25_source_verification_matrix_v1_5.jsonl","topics_20_25_source_verification_matrix_v1_5.jsonl",".jsonl","13606","aiwf_atlas","change_history","","","2026-05-21T07:12:10.0000000Z"
"AIWF_Atlas_VOL1_machine_facing_v3_3_api_cli_guide/06_CHANGE_HISTORY/legacy_RAG_LOAD_NOTES.md","legacy_RAG_LOAD_NOTES.md",".md","1136","aiwf_atlas","change_history","","","2026-05-21T07:12:10.0000000Z"
"AIWF_Atlas_VOL1_machine_facing_v3_3_api_cli_guide/06_CHANGE_HISTORY/legacy_read_first_pre_v2_0/SOURCE_VERIFICATION_GUIDE_V1_4_ADDENDUM.md","SOURCE_VERIFICATION_GUIDE_V1_4_ADDENDUM.md",".md","1151","aiwf_atlas","change_history","","","2026-05-21T07:12:10.0000000Z"
"AIWF_Atlas_VOL1_machine_facing_v3_3_api_cli_guide/06_CHANGE_HISTORY/legacy_read_first_pre_v2_0/SOURCE_VERIFICATION_TOPICS_20_25_ADDENDUM_v1_5.md","SOURCE_VERIFICATION_TOPICS_20_25_ADDENDUM_v1_5.md",".md","918","aiwf_atlas","change_history","","","2026-05-21T07:12:10.0000000Z"
"AIWF_Atlas_VOL1_machine_facing_v3_3_api_cli_guide/06_CHANGE_HISTORY/legacy_read_first_pre_v2_0/SOURCE_VERIFICATION_TOPICS_20_25_ADDENDUM_v1_6.md","SOURCE_VERIFICATION_TOPICS_20_25_ADDENDUM_v1_6.md",".md","1980","aiwf_atlas","change_history","","","2026-05-21T07:12:10.0000000Z"
"AIWF_Atlas_VOL1_machine_facing_v3_3_api_cli_guide/06_CHANGE_HISTORY/legacy_README.md","legacy_README.md",".md","1688","aiwf_atlas","change_history","","","2026-05-21T07:12:10.0000000Z"
"AIWF_Atlas_VOL1_machine_facing_v3_3_api_cli_guide/06_CHANGE_HISTORY/legacy_reports_pre_v2_0/COMFYUI_ADVANCED_RESEARCH_PASS01_v1_8_REPORT.md","COMFYUI_ADVANCED_RESEARCH_PASS01_v1_8_REPORT.md",".md","974","aiwf_atlas","change_history","","","2026-05-21T07:12:10.0000000Z"
"AIWF_Atlas_VOL1_machine_facing_v3_3_api_cli_guide/06_CHANGE_HISTORY/legacy_reports_pre_v2_0/DEDUPLICATION_REPORT.md","DEDUPLICATION_REPORT.md",".md","1867","aiwf_atlas","change_history","","","2026-05-21T07:12:10.0000000Z"
"AIWF_Atlas_VOL1_machine_facing_v3_3_api_cli_guide/06_CHANGE_HISTORY/legacy_reports_pre_v2_0/EDITORIAL_CONSISTENCY_AND_DEDUP_REPORT.md","EDITORIAL_CONSISTENCY_AND_DEDUP_REPORT.md",".md","9845","aiwf_atlas","change_history","","","2026-05-21T07:12:10.0000000Z"
"AIWF_Atlas_VOL1_machine_facing_v3_3_api_cli_guide/06_CHANGE_HISTORY/legacy_reports_pre_v2_0/exact_duplicate_hash_audit_v1_2.csv","exact_duplicate_hash_audit_v1_2.csv",".csv","200","aiwf_atlas","change_history","","","2026-05-21T07:12:10.0000000Z"
"AIWF_Atlas_VOL1_machine_facing_v3_3_api_cli_guide/06_CHANGE_HISTORY/legacy_reports_pre_v2_0/exact_duplicate_hash_audit_v1_9.csv","exact_duplicate_hash_audit_v1_9.csv",".csv","3106","aiwf_atlas","change_history","","","2026-05-21T07:12:10.0000000Z"
"AIWF_Atlas_VOL1_machine_facing_v3_3_api_cli_guide/06_CHANGE_HISTORY/legacy_reports_pre_v2_0/GRADIO_VOL1_LANE_ADDITION_REPORT.md","GRADIO_VOL1_LANE_ADDITION_REPORT.md",".md","1389","aiwf_atlas","change_history","","","2026-05-21T07:12:10.0000000Z"
"AIWF_Atlas_VOL1_machine_facing_v3_3_api_cli_guide/06_CHANGE_HISTORY/legacy_reports_pre_v2_0/INTERNAL_VERSION_NEAR_DUPLICATE_CONSOLIDATION_REPORT.md","INTERNAL_VERSION_NEAR_DUPLICATE_CONSOLIDATION_REPORT.md",".md","10881","aiwf_atlas","change_history","","","2026-05-21T07:12:10.0000000Z"
"AIWF_Atlas_VOL1_machine_facing_v3_3_api_cli_guide/06_CHANGE_HISTORY/legacy_reports_pre_v2_0/invalid_related_lane_references_v1_2.csv","invalid_related_lane_references_v1_2.csv",".csv","46","aiwf_atlas","change_history","","","2026-05-21T07:12:10.0000000Z"
"AIWF_Atlas_VOL1_machine_facing_v3_3_api_cli_guide/06_CHANGE_HISTORY/legacy_reports_pre_v2_0/MACHINE_FACING_CONTINUATION_REPORT.md","MACHINE_FACING_CONTINUATION_REPORT.md",".md","1001","aiwf_atlas","change_history","","","2026-05-21T07:12:10.0000000Z"
"AIWF_Atlas_VOL1_machine_facing_v3_3_api_cli_guide/06_CHANGE_HISTORY/legacy_reports_pre_v2_0/MACHINE_FACING_REORGANIZATION_REPORT.md","MACHINE_FACING_REORGANIZATION_REPORT.md",".md","1490","aiwf_atlas","change_history","","","2026-05-21T07:12:10.0000000Z"
"AIWF_Atlas_VOL1_machine_facing_v3_3_api_cli_guide/06_CHANGE_HISTORY/legacy_reports_pre_v2_0/MACHINE_ROUTING_AND_PROMPT_PACK_REPORT.md","MACHINE_ROUTING_AND_PROMPT_PACK_REPORT.md",".md","356","aiwf_atlas","change_history","","","2026-05-21T07:12:10.0000000Z"
"AIWF_Atlas_VOL1_machine_facing_v3_3_api_cli_guide/06_CHANGE_HISTORY/legacy_reports_pre_v2_0/NEAR_DUPLICATE_CONSOLIDATION_REPORT.md","NEAR_DUPLICATE_CONSOLIDATION_REPORT.md",".md","10622","aiwf_atlas","change_history","","","2026-05-21T07:12:10.0000000Z"
"AIWF_Atlas_VOL1_machine_facing_v3_3_api_cli_guide/06_CHANGE_HISTORY/legacy_reports_pre_v2_0/RESEARCH_EXPANSION_12_19_REPORT.md","RESEARCH_EXPANSION_12_19_REPORT.md",".md","1103","aiwf_atlas","change_history","","","2026-05-21T07:12:10.0000000Z"
"AIWF_Atlas_VOL1_machine_facing_v3_3_api_cli_guide/06_CHANGE_HISTORY/legacy_reports_pre_v2_0/SOURCE_VERIFICATION_RUN_V1_3_REPORT.md","SOURCE_VERIFICATION_RUN_V1_3_REPORT.md",".md","4424","aiwf_atlas","change_history","","","2026-05-21T07:12:10.0000000Z"
"AIWF_Atlas_VOL1_machine_facing_v3_3_api_cli_guide/06_CHANGE_HISTORY/legacy_reports_pre_v2_0/SOURCE_VERIFICATION_RUN_V1_4_REPORT.md","SOURCE_VERIFICATION_RUN_V1_4_REPORT.md",".md","2481","aiwf_atlas","change_history","","","2026-05-21T07:12:10.0000000Z"
"AIWF_Atlas_VOL1_machine_facing_v3_3_api_cli_guide/06_CHANGE_HISTORY/legacy_reports_pre_v2_0/SOURCE_VERIFICATION_TOPICS_20_25_V1_5_REPORT.md","SOURCE_VERIFICATION_TOPICS_20_25_V1_5_REPORT.md",".md","3551","aiwf_atlas","change_history","","","2026-05-21T07:12:10.0000000Z"
"AIWF_Atlas_VOL1_machine_facing_v3_3_api_cli_guide/06_CHANGE_HISTORY/legacy_reports_pre_v2_0/SOURCE_VERIFICATION_TOPICS_20_25_V1_6_REPORT.md","SOURCE_VERIFICATION_TOPICS_20_25_V1_6_REPORT.md",".md","1757","aiwf_atlas","change_history","","","2026-05-21T07:12:10.0000000Z"
"AIWF_Atlas_VOL1_machine_facing_v3_3_api_cli_guide/06_CHANGE_HISTORY/legacy_reports_pre_v2_0/STRUCTURE_HARDENING_V1_2_REPORT.md","STRUCTURE_HARDENING_V1_2_REPORT.md",".md","1669","aiwf_atlas","change_history","","","2026-05-21T07:12:10.0000000Z"
"AIWF_Atlas_VOL1_machine_facing_v3_3_api_cli_guide/06_CHANGE_HISTORY/legacy_reports_pre_v2_0/STRUCTURE_HARDENING_V1_7_SOURCE_GATES_REPORT.md","STRUCTURE_HARDENING_V1_7_SOURCE_GATES_REPORT.md",".md","2488","aiwf_atlas","change_history","","","2026-05-21T07:12:10.0000000Z"
"AIWF_Atlas_VOL1_machine_facing_v3_3_api_cli_guide/06_CHANGE_HISTORY/legacy_reports_pre_v2_0/STRUCTURE_HARDENING_V1_REPORT.md","STRUCTURE_HARDENING_V1_REPORT.md",".md","1150","aiwf_atlas","change_history","","","2026-05-21T07:12:10.0000000Z"
"AIWF_Atlas_VOL1_machine_facing_v3_3_api_cli_guide/06_CHANGE_HISTORY/legacy_reports_pre_v2_0/TOPICS_20_25_INTEGRATION_REPORT.md","TOPICS_20_25_INTEGRATION_REPORT.md",".md","1397","aiwf_atlas","change_history","","","2026-05-21T07:12:10.0000000Z"
"AIWF_Atlas_VOL1_machine_facing_v3_3_api_cli_guide/06_CHANGE_HISTORY/legacy_reports_pre_v2_0/VOL1_RESEARCH_PROJECT_BALANCE_REPORT.md","VOL1_RESEARCH_PROJECT_BALANCE_REPORT.md",".md","1478","aiwf_atlas","change_history","","","2026-05-21T07:12:10.0000000Z"
"AIWF_Atlas_VOL1_machine_facing_v3_3_api_cli_guide/06_CHANGE_HISTORY/legacy_reports_pre_v2_0/WEB_AWARE_STRUCTURE_HARDENING_V1_9_REPORT.md","WEB_AWARE_STRUCTURE_HARDENING_V1_9_REPORT.md",".md","1963","aiwf_atlas","change_history","","","2026-05-21T07:12:10.0000000Z"
"AIWF_Atlas_VOL1_machine_facing_v3_3_api_cli_guide/06_CHANGE_HISTORY/legacy_retrieval_indexes_pre_v2_0/CANONICAL_LANE_INDEX.md","CANONICAL_LANE_INDEX.md",".md","903","aiwf_atlas","change_history","","","2026-05-21T07:12:10.0000000Z"
"AIWF_Atlas_VOL1_machine_facing_v3_3_api_cli_guide/06_CHANGE_HISTORY/legacy_retrieval_indexes_pre_v2_0/global_retrieval_cards_current.jsonl","global_retrieval_cards_current.jsonl",".jsonl","278","aiwf_atlas","change_history","","","2026-05-21T07:12:10.0000000Z"
"AIWF_Atlas_VOL1_machine_facing_v3_3_api_cli_guide/06_CHANGE_HISTORY/legacy_retrieval_indexes_pre_v2_0/machine_lane_index.csv","machine_lane_index.csv",".csv","2722","aiwf_atlas","change_history","","","2026-05-21T07:12:10.0000000Z"
"AIWF_Atlas_VOL1_machine_facing_v3_3_api_cli_guide/06_CHANGE_HISTORY/legacy_retrieval_indexes_pre_v2_0/machine_lane_index.json","machine_lane_index.json",".json","4014","aiwf_atlas","change_history","","","2026-05-21T07:12:10.0000000Z"
"AIWF_Atlas_VOL1_machine_facing_v3_3_api_cli_guide/06_CHANGE_HISTORY/legacy_retrieval_indexes_pre_v2_0/VOL1_ALL_RETRIEVAL_CARDS.jsonl","VOL1_ALL_RETRIEVAL_CARDS.jsonl",".jsonl","152449","aiwf_atlas","change_history","","","2026-05-21T07:12:10.0000000Z"
"AIWF_Atlas_VOL1_machine_facing_v3_3_api_cli_guide/06_CHANGE_HISTORY/legacy_retrieval_indexes_pre_v2_0/VOL1_BALANCED_INDEX.md","VOL1_BALANCED_INDEX.md",".md","3853","aiwf_atlas","change_history","","","2026-05-21T07:12:10.0000000Z"
"AIWF_Atlas_VOL1_machine_facing_v3_3_api_cli_guide/06_CHANGE_HISTORY/legacy_retrieval_indexes_pre_v2_0/VOL1_RESEARCH_LANE_MANIFEST.csv","VOL1_RESEARCH_LANE_MANIFEST.csv",".csv","23271","aiwf_atlas","change_history","","","2026-05-21T07:12:10.0000000Z"
"AIWF_Atlas_VOL1_machine_facing_v3_3_api_cli_guide/06_CHANGE_HISTORY/legacy_retrieval_indexes_pre_v2_0/VOL1_RETRIEVAL_CARDS_NORMALIZED_v1_2.jsonl","VOL1_RETRIEVAL_CARDS_NORMALIZED_v1_2.jsonl",".jsonl","360407","aiwf_atlas","change_history","","","2026-05-21T07:12:10.0000000Z"
"AIWF_Atlas_VOL1_machine_facing_v3_3_api_cli_guide/06_CHANGE_HISTORY/legacy_retrieval_indexes_pre_v2_0/VOL1_RETRIEVAL_CARDS_NORMALIZED_v1_7.jsonl","VOL1_RETRIEVAL_CARDS_NORMALIZED_v1_7.jsonl",".jsonl","279594","aiwf_atlas","change_history","","","2026-05-21T07:12:10.0000000Z"
"AIWF_Atlas_VOL1_machine_facing_v3_3_api_cli_guide/06_CHANGE_HISTORY/legacy_retrieval_indexes_pre_v2_0/VOL1_RETRIEVAL_CARDS_NORMALIZED_v1_8.jsonl","VOL1_RETRIEVAL_CARDS_NORMALIZED_v1_8.jsonl",".jsonl","320218","aiwf_atlas","change_history","","","2026-05-21T07:12:10.0000000Z"
"AIWF_Atlas_VOL1_machine_facing_v3_3_api_cli_guide/06_CHANGE_HISTORY/legacy_roadmaps_pre_v2_0/NEXT_RESEARCH_QUEUE_AFTER_12_19.md","NEXT_RESEARCH_QUEUE_AFTER_12_19.md",".md","458","aiwf_atlas","change_history","","","2026-05-21T07:12:10.0000000Z"
"AIWF_Atlas_VOL1_machine_facing_v3_3_api_cli_guide/06_CHANGE_HISTORY/legacy_schema_versions_pre_v2_0/retrieval_card_schema.json","retrieval_card_schema.json",".json","915","aiwf_atlas","change_history","","","2026-05-21T07:12:10.0000000Z"
"AIWF_Atlas_VOL1_machine_facing_v3_3_api_cli_guide/06_CHANGE_HISTORY/legacy_schema_versions_pre_v2_0/retrieval_card_schema_v1_0.json","retrieval_card_schema_v1_0.json",".json","1684","aiwf_atlas","change_history","","","2026-05-21T07:12:10.0000000Z"
"AIWF_Atlas_VOL1_machine_facing_v3_3_api_cli_guide/06_CHANGE_HISTORY/packaged_releases/AIWF_Atlas_repo_dropin_v2_3/atlas/atlas_layer/AIWF_Atlas_VOL1_v3_3.zip","AIWF_Atlas_VOL1_v3_3.zip",".zip","8302820","aiwf_atlas","packaged_release","","","2026-05-21T07:12:24.0000000Z"
"AIWF_Atlas_VOL1_machine_facing_v3_3_api_cli_guide/06_CHANGE_HISTORY/packaged_releases/AIWF_Atlas_repo_dropin_v2_3/atlas/atlas_layer/checksums.txt","checksums.txt",".txt","91","aiwf_atlas","packaged_release","","","2026-05-21T07:12:24.0000000Z"
"AIWF_Atlas_VOL1_machine_facing_v3_3_api_cli_guide/06_CHANGE_HISTORY/packaged_releases/AIWF_Atlas_repo_dropin_v2_3/atlas/atlas_layer/README.md","README.md",".md","713","aiwf_atlas","packaged_release","","","2026-05-21T07:12:24.0000000Z"
"AIWF_Atlas_VOL1_machine_facing_v3_3_api_cli_guide/06_CHANGE_HISTORY/torchie_pre_rebrand_artifact_cleanup_v2_12/04_MANIFESTS/visual_asset_manifest_v2_10.csv","visual_asset_manifest_v2_10.csv",".csv","3042","aiwf_atlas","change_history","","","2026-05-21T07:12:10.0000000Z"
"AIWF_Atlas_VOL1_machine_facing_v3_3_api_cli_guide/06_CHANGE_HISTORY/torchie_pre_rebrand_artifact_cleanup_v2_12/04_MANIFESTS/visual_asset_manifest_v2_10.jsonl","visual_asset_manifest_v2_10.jsonl",".jsonl","3897","aiwf_atlas","change_history","","","2026-05-21T07:12:10.0000000Z"
"AIWF_Atlas_VOL1_machine_facing_v3_3_api_cli_guide/06_CHANGE_HISTORY/torchie_pre_rebrand_artifact_cleanup_v2_12/05_REPORTS/VISUAL_ASSET_PASS_v2_10_REPORT.md","VISUAL_ASSET_PASS_v2_10_REPORT.md",".md","1617","aiwf_atlas","change_history","","","2026-05-21T07:12:10.0000000Z"
"AIWF_Atlas_VOL1_machine_facing_v3_3_api_cli_guide/06_CHANGE_HISTORY/torchie_rebrand_v2_11/torchie_callout_style_sheet_pre_v2_11.svg","torchie_callout_style_sheet_pre_v2_11.svg",".svg","4114","aiwf_atlas","change_history","","","2026-05-21T07:12:10.0000000Z"
"AIWF_Atlas_VOL1_machine_facing_v3_3_api_cli_guide/06_CHANGE_HISTORY/torchie_rebrand_v2_11/torchie_personality_profile_v2_9_replaced_by_current.md","torchie_personality_profile_v2_9_replaced_by_current.md",".md","254","aiwf_atlas","change_history","","","2026-05-21T07:12:10.0000000Z"
"AIWF_Atlas_VOL1_machine_facing_v3_3_api_cli_guide/07_EXPANSION_QUEUE/ROADMAP_CURRENT_RESEARCH_AND_STRUCTURE_QUEUE.md","ROADMAP_CURRENT_RESEARCH_AND_STRUCTURE_QUEUE.md",".md","1459","aiwf_atlas","expansion_queue","","","2026-05-21T07:12:10.0000000Z"
"AIWF_Atlas_VOL1_machine_facing_v3_3_api_cli_guide/08_INGESTION_PROTOCOLS/ANYTHINGLLM_IMPORT_PROFILE.md","ANYTHINGLLM_IMPORT_PROFILE.md",".md","1313","aiwf_atlas","ingestion_protocol","","","2026-05-21T07:12:10.0000000Z"
"AIWF_Atlas_VOL1_machine_facing_v3_3_api_cli_guide/08_INGESTION_PROTOCOLS/GRADIO_ATLAS_APP_PROFILE.md","GRADIO_ATLAS_APP_PROFILE.md",".md","1142","aiwf_atlas","ingestion_protocol","","","2026-05-21T07:12:10.0000000Z"
"AIWF_Atlas_VOL1_machine_facing_v3_3_api_cli_guide/08_INGESTION_PROTOCOLS/LLAMAINDEX_LOADER_PROFILE.md","LLAMAINDEX_LOADER_PROFILE.md",".md","1526","aiwf_atlas","ingestion_protocol","","","2026-05-21T07:12:10.0000000Z"
"AIWF_Atlas_VOL1_machine_facing_v3_3_api_cli_guide/08_INGESTION_PROTOCOLS/OPENWEBUI_IMPORT_PROFILE.md","OPENWEBUI_IMPORT_PROFILE.md",".md","943","aiwf_atlas","ingestion_protocol","","","2026-05-21T07:12:10.0000000Z"
"AIWF_Atlas_VOL1_machine_facing_v3_3_api_cli_guide/08_INGESTION_PROTOCOLS/RAGFLOW_IMPORT_PROFILE.md","RAGFLOW_IMPORT_PROFILE.md",".md","989","aiwf_atlas","ingestion_protocol","","","2026-05-21T07:12:10.0000000Z"
"AIWF_Atlas_VOL1_machine_facing_v3_3_api_cli_guide/08_INGESTION_PROTOCOLS/README.md","README.md",".md","1361","aiwf_atlas","ingestion_protocol","","","2026-05-21T07:12:10.0000000Z"
"AIWF_Atlas_VOL1_machine_facing_v3_3_api_cli_guide/09_EVALUATION_HARNESS/adapter_benchmark_protocol_current.md","adapter_benchmark_protocol_current.md",".md","1234","aiwf_atlas","evaluation","","","2026-05-21T07:12:10.0000000Z"
"AIWF_Atlas_VOL1_machine_facing_v3_3_api_cli_guide/09_EVALUATION_HARNESS/eval_master_index.jsonl","eval_master_index.jsonl",".jsonl","897","aiwf_atlas","evaluation","","","2026-05-21T07:12:10.0000000Z"
"AIWF_Atlas_VOL1_machine_facing_v3_3_api_cli_guide/09_EVALUATION_HARNESS/eval_question_bank_seed.jsonl","eval_question_bank_seed.jsonl",".jsonl","2550","aiwf_atlas","evaluation","","","2026-05-21T07:12:10.0000000Z"
"AIWF_Atlas_VOL1_machine_facing_v3_3_api_cli_guide/09_EVALUATION_HARNESS/EVALUATION_RUBRIC.md","EVALUATION_RUBRIC.md",".md","1337","aiwf_atlas","evaluation","","","2026-05-21T07:12:10.0000000Z"
"AIWF_Atlas_VOL1_machine_facing_v3_3_api_cli_guide/09_EVALUATION_HARNESS/expected_source_maps/adapter_core_expected_sources_current.jsonl","adapter_core_expected_sources_current.jsonl",".jsonl","3260","aiwf_atlas","evaluation","","","2026-05-21T07:12:10.0000000Z"
"AIWF_Atlas_VOL1_machine_facing_v3_3_api_cli_guide/09_EVALUATION_HARNESS/golden_question_sets/adapter_core_golden_questions_current.jsonl","adapter_core_golden_questions_current.jsonl",".jsonl","4676","aiwf_atlas","evaluation","","","2026-05-21T07:12:10.0000000Z"
"AIWF_Atlas_VOL1_machine_facing_v3_3_api_cli_guide/09_EVALUATION_HARNESS/lane_eval_sets/01_source_ledger_evidence_eval.jsonl","01_source_ledger_evidence_eval.jsonl",".jsonl","8690","aiwf_atlas","evaluation","","","2026-05-21T07:12:10.0000000Z"
"AIWF_Atlas_VOL1_machine_facing_v3_3_api_cli_guide/09_EVALUATION_HARNESS/lane_eval_sets/02_atlas_architecture_chunking_embedding_eval.jsonl","02_atlas_architecture_chunking_embedding_eval.jsonl",".jsonl","9550","aiwf_atlas","evaluation","","","2026-05-21T07:12:10.0000000Z"
"AIWF_Atlas_VOL1_machine_facing_v3_3_api_cli_guide/09_EVALUATION_HARNESS/lane_eval_sets/03_comfyui_core_api_subgraph_eval.jsonl","03_comfyui_core_api_subgraph_eval.jsonl",".jsonl","8870","aiwf_atlas","evaluation","","","2026-05-21T07:12:10.0000000Z"
"AIWF_Atlas_VOL1_machine_facing_v3_3_api_cli_guide/09_EVALUATION_HARNESS/lane_eval_sets/04_comfyui_custom_node_ecosystem_eval.jsonl","04_comfyui_custom_node_ecosystem_eval.jsonl",".jsonl","9110","aiwf_atlas","evaluation","","","2026-05-21T07:12:10.0000000Z"
"AIWF_Atlas_VOL1_machine_facing_v3_3_api_cli_guide/09_EVALUATION_HARNESS/lane_eval_sets/05_pip_runtime_dependency_knowledge_eval.jsonl","05_pip_runtime_dependency_knowledge_eval.jsonl",".jsonl","9290","aiwf_atlas","evaluation","","","2026-05-21T07:12:10.0000000Z"
"AIWF_Atlas_VOL1_machine_facing_v3_3_api_cli_guide/09_EVALUATION_HARNESS/lane_eval_sets/06_training_data_centric_ml_vol2_eval.jsonl","06_training_data_centric_ml_vol2_eval.jsonl",".jsonl","9110","aiwf_atlas","evaluation","","","2026-05-21T07:12:10.0000000Z"
"AIWF_Atlas_VOL1_machine_facing_v3_3_api_cli_guide/09_EVALUATION_HARNESS/lane_eval_sets/07_cfg_denoise_inpaint_theory_eval.jsonl","07_cfg_denoise_inpaint_theory_eval.jsonl",".jsonl","8930","aiwf_atlas","evaluation","","","2026-05-21T07:12:10.0000000Z"
"AIWF_Atlas_VOL1_machine_facing_v3_3_api_cli_guide/09_EVALUATION_HARNESS/lane_eval_sets/08_compatibility_matrix_atlas_eval.jsonl","08_compatibility_matrix_atlas_eval.jsonl",".jsonl","8890","aiwf_atlas","evaluation","","","2026-05-21T07:12:10.0000000Z"
"AIWF_Atlas_VOL1_machine_facing_v3_3_api_cli_guide/09_EVALUATION_HARNESS/lane_eval_sets/09_failure_signature_atlas_eval.jsonl","09_failure_signature_atlas_eval.jsonl",".jsonl","8830","aiwf_atlas","evaluation","","","2026-05-21T07:12:10.0000000Z"
"AIWF_Atlas_VOL1_machine_facing_v3_3_api_cli_guide/09_EVALUATION_HARNESS/lane_eval_sets/10_workflow_pattern_atlas_library_eval.jsonl","10_workflow_pattern_atlas_library_eval.jsonl",".jsonl","9130","aiwf_atlas","evaluation","","","2026-05-21T07:12:10.0000000Z"
"AIWF_Atlas_VOL1_machine_facing_v3_3_api_cli_guide/09_EVALUATION_HARNESS/lane_eval_sets/11_gradio_ui_research_eval.jsonl","11_gradio_ui_research_eval.jsonl",".jsonl","8450","aiwf_atlas","evaluation","","","2026-05-21T07:12:10.0000000Z"
"AIWF_Atlas_VOL1_machine_facing_v3_3_api_cli_guide/09_EVALUATION_HARNESS/lane_eval_sets/12_llm_fundamentals_eval.jsonl","12_llm_fundamentals_eval.jsonl",".jsonl","1823","aiwf_atlas","evaluation","","","2026-05-21T07:12:10.0000000Z"
"AIWF_Atlas_VOL1_machine_facing_v3_3_api_cli_guide/09_EVALUATION_HARNESS/lane_eval_sets/13_agent_tool_use_mcp_eval.jsonl","13_agent_tool_use_mcp_eval.jsonl",".jsonl","1853","aiwf_atlas","evaluation","","","2026-05-21T07:12:10.0000000Z"
"AIWF_Atlas_VOL1_machine_facing_v3_3_api_cli_guide/09_EVALUATION_HARNESS/lane_eval_sets/14_evaluation_observability_eval.jsonl","14_evaluation_observability_eval.jsonl",".jsonl","1943","aiwf_atlas","evaluation","","","2026-05-21T07:12:10.0000000Z"
"AIWF_Atlas_VOL1_machine_facing_v3_3_api_cli_guide/09_EVALUATION_HARNESS/lane_eval_sets/15_safety_security_red_team_eval.jsonl","15_safety_security_red_team_eval.jsonl",".jsonl","1943","aiwf_atlas","evaluation","","","2026-05-21T07:12:10.0000000Z"
"AIWF_Atlas_VOL1_machine_facing_v3_3_api_cli_guide/09_EVALUATION_HARNESS/lane_eval_sets/16_governance_licensing_ethics_eval.jsonl","16_governance_licensing_ethics_eval.jsonl",".jsonl","1988","aiwf_atlas","evaluation","","","2026-05-21T07:12:10.0000000Z"
"AIWF_Atlas_VOL1_machine_facing_v3_3_api_cli_guide/09_EVALUATION_HARNESS/lane_eval_sets/17_model_serving_deployment_eval.jsonl","17_model_serving_deployment_eval.jsonl",".jsonl","1943","aiwf_atlas","evaluation","","","2026-05-21T07:12:10.0000000Z"
"AIWF_Atlas_VOL1_machine_facing_v3_3_api_cli_guide/09_EVALUATION_HARNESS/lane_eval_sets/18_mlops_llmops_release_management_eval.jsonl","18_mlops_llmops_release_management_eval.jsonl",".jsonl","2048","aiwf_atlas","evaluation","","","2026-05-21T07:12:10.0000000Z"
"AIWF_Atlas_VOL1_machine_facing_v3_3_api_cli_guide/09_EVALUATION_HARNESS/lane_eval_sets/19_math_for_ai_practitioners_eval.jsonl","19_math_for_ai_practitioners_eval.jsonl",".jsonl","1958","aiwf_atlas","evaluation","","","2026-05-21T07:12:10.0000000Z"
"AIWF_Atlas_VOL1_machine_facing_v3_3_api_cli_guide/09_EVALUATION_HARNESS/lane_eval_sets/20_data_engineering_for_ai_eval.jsonl","20_data_engineering_for_ai_eval.jsonl",".jsonl","8750","aiwf_atlas","evaluation","","","2026-05-21T07:12:10.0000000Z"
"AIWF_Atlas_VOL1_machine_facing_v3_3_api_cli_guide/09_EVALUATION_HARNESS/lane_eval_sets/21_audio_speech_music_ai_eval.jsonl","21_audio_speech_music_ai_eval.jsonl",".jsonl","8630","aiwf_atlas","evaluation","","","2026-05-21T07:12:10.0000000Z"
"AIWF_Atlas_VOL1_machine_facing_v3_3_api_cli_guide/09_EVALUATION_HARNESS/lane_eval_sets/22_vision_language_ocr_document_ai_eval.jsonl","22_vision_language_ocr_document_ai_eval.jsonl",".jsonl","9230","aiwf_atlas","evaluation","","","2026-05-21T07:12:10.0000000Z"
"AIWF_Atlas_VOL1_machine_facing_v3_3_api_cli_guide/09_EVALUATION_HARNESS/lane_eval_sets/23_synthetic_data_dataset_creation_eval.jsonl","23_synthetic_data_dataset_creation_eval.jsonl",".jsonl","9230","aiwf_atlas","evaluation","","","2026-05-21T07:12:10.0000000Z"
"AIWF_Atlas_VOL1_machine_facing_v3_3_api_cli_guide/09_EVALUATION_HARNESS/lane_eval_sets/24_ai_application_architecture_eval.jsonl","24_ai_application_architecture_eval.jsonl",".jsonl","8990","aiwf_atlas","evaluation","","","2026-05-21T07:12:10.0000000Z"
"AIWF_Atlas_VOL1_machine_facing_v3_3_api_cli_guide/09_EVALUATION_HARNESS/lane_eval_sets/25_hardware_cost_performance_planning_eval.jsonl","25_hardware_cost_performance_planning_eval.jsonl",".jsonl","9410","aiwf_atlas","evaluation","","","2026-05-21T07:12:10.0000000Z"
"AIWF_Atlas_VOL1_machine_facing_v3_3_api_cli_guide/09_EVALUATION_HARNESS/lane_eval_sets/README.md","README.md",".md","373","aiwf_atlas","evaluation","","","2026-05-21T07:12:10.0000000Z"
"AIWF_Atlas_VOL1_machine_facing_v3_3_api_cli_guide/09_EVALUATION_HARNESS/lane_quality_audit_current.csv","lane_quality_audit_current.csv",".csv","1474","aiwf_atlas","evaluation","","","2026-05-21T07:12:10.0000000Z"
"AIWF_Atlas_VOL1_machine_facing_v3_3_api_cli_guide/09_EVALUATION_HARNESS/raw_files_vs_atlas_comparison_plan_current.md","raw_files_vs_atlas_comparison_plan_current.md",".md","1052","aiwf_atlas","evaluation","","","2026-05-21T07:12:10.0000000Z"
"AIWF_Atlas_VOL1_machine_facing_v3_3_api_cli_guide/09_EVALUATION_HARNESS/README.md","README.md",".md","845","aiwf_atlas","evaluation","","","2026-05-21T07:12:10.0000000Z"
"AIWF_Atlas_VOL1_machine_facing_v3_3_api_cli_guide/09_EVALUATION_HARNESS/REGRESSION_TEST_PLAN.md","REGRESSION_TEST_PLAN.md",".md","902","aiwf_atlas","evaluation","","","2026-05-21T07:12:10.0000000Z"
"AIWF_Atlas_VOL1_machine_facing_v3_3_api_cli_guide/10_SCHEMA_AND_INDEX/adapter_evaluation_result_schema.json","adapter_evaluation_result_schema.json",".json","1854","aiwf_atlas","schema","","","2026-05-21T07:12:10.0000000Z"
"AIWF_Atlas_VOL1_machine_facing_v3_3_api_cli_guide/10_SCHEMA_AND_INDEX/adapter_profile_schema.json","adapter_profile_schema.json",".json","895","aiwf_atlas","schema","","","2026-05-21T07:12:10.0000000Z"
"AIWF_Atlas_VOL1_machine_facing_v3_3_api_cli_guide/10_SCHEMA_AND_INDEX/aiwf_brand_role_map.json","aiwf_brand_role_map.json",".json","1818","aiwf_atlas","schema","","","2026-05-21T07:12:10.0000000Z"
"AIWF_Atlas_VOL1_machine_facing_v3_3_api_cli_guide/10_SCHEMA_AND_INDEX/aiwf_humor_style_rules.json","aiwf_humor_style_rules.json",".json","962","aiwf_atlas","schema","","","2026-05-21T07:12:10.0000000Z"
"AIWF_Atlas_VOL1_machine_facing_v3_3_api_cli_guide/10_SCHEMA_AND_INDEX/aiwf_response_style_matrix.json","aiwf_response_style_matrix.json",".json","947","aiwf_atlas","schema","","","2026-05-21T07:12:10.0000000Z"
"AIWF_Atlas_VOL1_machine_facing_v3_3_api_cli_guide/10_SCHEMA_AND_INDEX/answer_gating_rules.json","answer_gating_rules.json",".json","1379","aiwf_atlas","schema","","","2026-05-21T07:12:10.0000000Z"
"AIWF_Atlas_VOL1_machine_facing_v3_3_api_cli_guide/10_SCHEMA_AND_INDEX/api_cli_usage_policy_current.json","api_cli_usage_policy_current.json",".json","712","aiwf_atlas","schema","","","2026-05-21T07:12:12.0000000Z"
"AIWF_Atlas_VOL1_machine_facing_v3_3_api_cli_guide/10_SCHEMA_AND_INDEX/atlas_source_maintenance_policy_current.json","atlas_source_maintenance_policy_current.json",".json","721","aiwf_atlas","schema","","","2026-05-21T07:12:10.0000000Z"
"AIWF_Atlas_VOL1_machine_facing_v3_3_api_cli_guide/10_SCHEMA_AND_INDEX/brand_consistency_rules.json","brand_consistency_rules.json",".json","2616","aiwf_atlas","schema","","","2026-05-21T07:12:10.0000000Z"
"AIWF_Atlas_VOL1_machine_facing_v3_3_api_cli_guide/10_SCHEMA_AND_INDEX/canonical_answer_rules.json","canonical_answer_rules.json",".json","2783","aiwf_atlas","schema","","","2026-05-21T07:12:10.0000000Z"
"AIWF_Atlas_VOL1_machine_facing_v3_3_api_cli_guide/10_SCHEMA_AND_INDEX/claim_confidence_taxonomy.json","claim_confidence_taxonomy.json",".json","1174","aiwf_atlas","schema","","","2026-05-21T07:12:10.0000000Z"
"AIWF_Atlas_VOL1_machine_facing_v3_3_api_cli_guide/10_SCHEMA_AND_INDEX/comfyui_socket_change_rules.json","comfyui_socket_change_rules.json",".json","1045","aiwf_atlas","schema","","","2026-05-21T07:12:10.0000000Z"
"AIWF_Atlas_VOL1_machine_facing_v3_3_api_cli_guide/10_SCHEMA_AND_INDEX/do_not_index_by_default.json","do_not_index_by_default.json",".json","2504","aiwf_atlas","schema","","","2026-05-21T07:12:10.0000000Z"
"AIWF_Atlas_VOL1_machine_facing_v3_3_api_cli_guide/10_SCHEMA_AND_INDEX/FUTURE_TOPIC_INTAKE_TEMPLATE.md","FUTURE_TOPIC_INTAKE_TEMPLATE.md",".md","954","aiwf_atlas","schema","","","2026-05-21T07:12:10.0000000Z"
"AIWF_Atlas_VOL1_machine_facing_v3_3_api_cli_guide/10_SCHEMA_AND_INDEX/lane_profile_schema.json","lane_profile_schema.json",".json","1245","aiwf_atlas","schema","","","2026-05-21T07:12:10.0000000Z"
"AIWF_Atlas_VOL1_machine_facing_v3_3_api_cli_guide/10_SCHEMA_AND_INDEX/learning_guide_claim_overrides.jsonl","learning_guide_claim_overrides.jsonl",".jsonl","1841","aiwf_atlas","schema","","","2026-05-21T07:12:10.0000000Z"
"AIWF_Atlas_VOL1_machine_facing_v3_3_api_cli_guide/10_SCHEMA_AND_INDEX/MACHINE_INDEX_FIELD_GUIDE.md","MACHINE_INDEX_FIELD_GUIDE.md",".md","1123","aiwf_atlas","schema","","","2026-05-21T07:12:10.0000000Z"
"AIWF_Atlas_VOL1_machine_facing_v3_3_api_cli_guide/10_SCHEMA_AND_INDEX/recommended_ingestion_bundle.json","recommended_ingestion_bundle.json",".json","1296","aiwf_atlas","schema","","","2026-05-21T07:12:10.0000000Z"
"AIWF_Atlas_VOL1_machine_facing_v3_3_api_cli_guide/10_SCHEMA_AND_INDEX/retrieval_card_schema.json","retrieval_card_schema.json",".json","1565","aiwf_atlas","schema","","","2026-05-21T07:12:10.0000000Z"
"AIWF_Atlas_VOL1_machine_facing_v3_3_api_cli_guide/10_SCHEMA_AND_INDEX/retrieval_card_schema_current_actual.json","retrieval_card_schema_current_actual.json",".json","2157","aiwf_atlas","schema","","","2026-05-21T09:25:05.8835556Z"
"AIWF_Atlas_VOL1_machine_facing_v3_3_api_cli_guide/10_SCHEMA_AND_INDEX/source_freshness_taxonomy.json","source_freshness_taxonomy.json",".json","1171","aiwf_atlas","schema","","","2026-05-21T07:12:10.0000000Z"
"AIWF_Atlas_VOL1_machine_facing_v3_3_api_cli_guide/10_SCHEMA_AND_INDEX/source_verification_policy.json","source_verification_policy.json",".json","2211","aiwf_atlas","schema","","","2026-05-21T07:12:10.0000000Z"
"AIWF_Atlas_VOL1_machine_facing_v3_3_api_cli_guide/10_SCHEMA_AND_INDEX/topics_20_25_claim_status_overrides.jsonl","topics_20_25_claim_status_overrides.jsonl",".jsonl","3846","aiwf_atlas","schema","","","2026-05-21T07:12:10.0000000Z"
"AIWF_Atlas_VOL1_machine_facing_v3_3_api_cli_guide/10_SCHEMA_AND_INDEX/topics_20_25_source_verification_policy.json","topics_20_25_source_verification_policy.json",".json","1767","aiwf_atlas","schema","","","2026-05-21T07:12:10.0000000Z"
"AIWF_Atlas_VOL1_machine_facing_v3_3_api_cli_guide/10_SCHEMA_AND_INDEX/torchie_operator_shorthand_protocol_current.json","torchie_operator_shorthand_protocol_current.json",".json","1135","aiwf_atlas","schema","","","2026-05-21T07:12:10.0000000Z"
"AIWF_Atlas_VOL1_machine_facing_v3_3_api_cli_guide/10_SCHEMA_AND_INDEX/torchie_personality_profile_current.json","torchie_personality_profile_current.json",".json","3606","aiwf_atlas","schema","","","2026-05-21T07:12:10.0000000Z"
"AIWF_Atlas_VOL1_machine_facing_v3_3_api_cli_guide/10_SCHEMA_AND_INDEX/web_verification_required_policy.json","web_verification_required_policy.json",".json","1111","aiwf_atlas","schema","","","2026-05-21T07:12:10.0000000Z"
"AIWF_Atlas_VOL1_machine_facing_v3_3_api_cli_guide/11_PROMPT_PACKS/AIWF_BRAND_ALIGNED_RESPONSE_EXAMPLES.md","AIWF_BRAND_ALIGNED_RESPONSE_EXAMPLES.md",".md","5061","aiwf_atlas","prompt_pack","","","2026-05-21T07:12:10.0000000Z"
"AIWF_Atlas_VOL1_machine_facing_v3_3_api_cli_guide/11_PROMPT_PACKS/AIWF_PROMPT_PACK_BRAND_NOTE.md","AIWF_PROMPT_PACK_BRAND_NOTE.md",".md","1553","aiwf_atlas","prompt_pack","","","2026-05-21T07:12:10.0000000Z"
"AIWF_Atlas_VOL1_machine_facing_v3_3_api_cli_guide/11_PROMPT_PACKS/AIWF_VISUAL_EXPLANATION_PROMPT.md","AIWF_VISUAL_EXPLANATION_PROMPT.md",".md","703","aiwf_atlas","prompt_pack","","","2026-05-21T07:12:10.0000000Z"
"AIWF_Atlas_VOL1_machine_facing_v3_3_api_cli_guide/11_PROMPT_PACKS/atlas_librarian_prompt.md","atlas_librarian_prompt.md",".md","1121","aiwf_atlas","prompt_pack","","","2026-05-21T07:12:10.0000000Z"
"AIWF_Atlas_VOL1_machine_facing_v3_3_api_cli_guide/11_PROMPT_PACKS/base_system_prompt.md","base_system_prompt.md",".md","1667","aiwf_atlas","prompt_pack","","","2026-05-21T07:12:10.0000000Z"
"AIWF_Atlas_VOL1_machine_facing_v3_3_api_cli_guide/11_PROMPT_PACKS/comfyui_workflow_assistant_prompt.md","comfyui_workflow_assistant_prompt.md",".md","1362","aiwf_atlas","prompt_pack","","","2026-05-21T07:12:10.0000000Z"
"AIWF_Atlas_VOL1_machine_facing_v3_3_api_cli_guide/11_PROMPT_PACKS/default_workflow_prompts/atlas_ingestion_workflow_default_prompt.md","atlas_ingestion_workflow_default_prompt.md",".md","1121","aiwf_atlas","prompt_pack","","","2026-05-21T07:12:10.0000000Z"
"AIWF_Atlas_VOL1_machine_facing_v3_3_api_cli_guide/11_PROMPT_PACKS/default_workflow_prompts/comfyui_workflow_builder_default_prompt.md","comfyui_workflow_builder_default_prompt.md",".md","1257","aiwf_atlas","prompt_pack","","","2026-05-21T07:12:10.0000000Z"
"AIWF_Atlas_VOL1_machine_facing_v3_3_api_cli_guide/11_PROMPT_PACKS/default_workflow_prompts/comfyui_workflow_debugger_default_prompt.md","comfyui_workflow_debugger_default_prompt.md",".md","1069","aiwf_atlas","prompt_pack","","","2026-05-21T07:12:10.0000000Z"
"AIWF_Atlas_VOL1_machine_facing_v3_3_api_cli_guide/11_PROMPT_PACKS/default_workflow_prompts/gradio_workflow_app_default_prompt.md","gradio_workflow_app_default_prompt.md",".md","1191","aiwf_atlas","prompt_pack","","","2026-05-21T07:12:10.0000000Z"
"AIWF_Atlas_VOL1_machine_facing_v3_3_api_cli_guide/11_PROMPT_PACKS/default_workflow_prompts/model_path_checker_default_prompt.md","model_path_checker_default_prompt.md",".md","1074","aiwf_atlas","prompt_pack","","","2026-05-21T07:12:10.0000000Z"
"AIWF_Atlas_VOL1_machine_facing_v3_3_api_cli_guide/11_PROMPT_PACKS/default_workflow_prompts/README.md","README.md",".md","669","aiwf_atlas","prompt_pack","","","2026-05-21T07:12:10.0000000Z"
"AIWF_Atlas_VOL1_machine_facing_v3_3_api_cli_guide/11_PROMPT_PACKS/default_workflow_prompts/source_verification_workflow_default_prompt.md","source_verification_workflow_default_prompt.md",".md","1052","aiwf_atlas","prompt_pack","","","2026-05-21T07:12:10.0000000Z"
"AIWF_Atlas_VOL1_machine_facing_v3_3_api_cli_guide/11_PROMPT_PACKS/default_workflow_prompts/workflow_release_qa_default_prompt.md","workflow_release_qa_default_prompt.md",".md","1023","aiwf_atlas","prompt_pack","","","2026-05-21T07:12:10.0000000Z"
"AIWF_Atlas_VOL1_machine_facing_v3_3_api_cli_guide/11_PROMPT_PACKS/failure_diagnosis_prompt.md","failure_diagnosis_prompt.md",".md","1164","aiwf_atlas","prompt_pack","","","2026-05-21T07:12:10.0000000Z"
"AIWF_Atlas_VOL1_machine_facing_v3_3_api_cli_guide/11_PROMPT_PACKS/gradio_app_builder_prompt.md","gradio_app_builder_prompt.md",".md","1261","aiwf_atlas","prompt_pack","","","2026-05-21T07:12:10.0000000Z"
"AIWF_Atlas_VOL1_machine_facing_v3_3_api_cli_guide/11_PROMPT_PACKS/README.md","README.md",".md","1454","aiwf_atlas","prompt_pack","","","2026-05-21T07:12:10.0000000Z"
"AIWF_Atlas_VOL1_machine_facing_v3_3_api_cli_guide/11_PROMPT_PACKS/TORCHIE_PERSONALITY_PROFILE.md","TORCHIE_PERSONALITY_PROFILE.md",".md","4821","aiwf_atlas","prompt_pack","","","2026-05-21T07:12:10.0000000Z"
"AIWF_Atlas_VOL1_machine_facing_v3_3_api_cli_guide/11_PROMPT_PACKS/WORKFLOW_PROMPT_INDEX.md","WORKFLOW_PROMPT_INDEX.md",".md","1067","aiwf_atlas","prompt_pack","","","2026-05-21T07:12:10.0000000Z"
"AIWF_Atlas_VOL1_machine_facing_v3_3_api_cli_guide/12_RETRIEVAL_RECIPES/adapter_expansion_topic.json","adapter_expansion_topic.json",".json","530","aiwf_atlas","retrieval_recipe","","","2026-05-21T07:12:10.0000000Z"
"AIWF_Atlas_VOL1_machine_facing_v3_3_api_cli_guide/12_RETRIEVAL_RECIPES/atlas_chunking_strategy.json","atlas_chunking_strategy.json",".json","539","aiwf_atlas","retrieval_recipe","","","2026-05-21T07:12:10.0000000Z"
"AIWF_Atlas_VOL1_machine_facing_v3_3_api_cli_guide/12_RETRIEVAL_RECIPES/bad_generation_quality.json","bad_generation_quality.json",".json","590","aiwf_atlas","retrieval_recipe","","","2026-05-21T07:12:10.0000000Z"
"AIWF_Atlas_VOL1_machine_facing_v3_3_api_cli_guide/12_RETRIEVAL_RECIPES/COMFYUI_ADVANCED_WORKFLOW_DESIGN_RECIPE.md","COMFYUI_ADVANCED_WORKFLOW_DESIGN_RECIPE.md",".md","1210","aiwf_atlas","retrieval_recipe","","","2026-05-21T07:12:10.0000000Z"
"AIWF_Atlas_VOL1_machine_facing_v3_3_api_cli_guide/12_RETRIEVAL_RECIPES/COMFYUI_DATATYPE_CONVERSION_RECIPE.md","COMFYUI_DATATYPE_CONVERSION_RECIPE.md",".md","870","aiwf_atlas","retrieval_recipe","","","2026-05-21T07:12:10.0000000Z"
"AIWF_Atlas_VOL1_machine_facing_v3_3_api_cli_guide/12_RETRIEVAL_RECIPES/comfyui_red_node_or_missing_node.json","comfyui_red_node_or_missing_node.json",".json","666","aiwf_atlas","retrieval_recipe","","","2026-05-21T07:12:10.0000000Z"
"AIWF_Atlas_VOL1_machine_facing_v3_3_api_cli_guide/12_RETRIEVAL_RECIPES/COMFYUI_WORKFLOW_API_GRADIO_BRIDGE_RECIPE.md","COMFYUI_WORKFLOW_API_GRADIO_BRIDGE_RECIPE.md",".md","1791","aiwf_atlas","retrieval_recipe","","","2026-05-21T07:12:10.0000000Z"
"AIWF_Atlas_VOL1_machine_facing_v3_3_api_cli_guide/12_RETRIEVAL_RECIPES/gradio_tool_ui_design.json","gradio_tool_ui_design.json",".json","625","aiwf_atlas","retrieval_recipe","","","2026-05-21T07:12:10.0000000Z"
"AIWF_Atlas_VOL1_machine_facing_v3_3_api_cli_guide/12_RETRIEVAL_RECIPES/README.md","README.md",".md","289","aiwf_atlas","retrieval_recipe","","","2026-05-21T07:12:10.0000000Z"
"AIWF_Atlas_VOL1_machine_facing_v3_3_api_cli_guide/12_RETRIEVAL_RECIPES/retrieval_recipe_index.json","retrieval_recipe_index.json",".json","310","aiwf_atlas","retrieval_recipe","","","2026-05-21T07:12:10.0000000Z"
"AIWF_Atlas_VOL1_machine_facing_v3_3_api_cli_guide/13_CONFLICT_EXAMPLES/canonical_vs_raw_source_example.md","canonical_vs_raw_source_example.md",".md","545","aiwf_atlas","conflict_example","","","2026-05-21T07:12:10.0000000Z"
"AIWF_Atlas_VOL1_machine_facing_v3_3_api_cli_guide/13_CONFLICT_EXAMPLES/license_conflict_example.md","license_conflict_example.md",".md","464","aiwf_atlas","conflict_example","","","2026-05-21T07:12:10.0000000Z"
"AIWF_Atlas_VOL1_machine_facing_v3_3_api_cli_guide/13_CONFLICT_EXAMPLES/path_and_environment_conflict_example.md","path_and_environment_conflict_example.md",".md","551","aiwf_atlas","conflict_example","","","2026-05-21T07:12:10.0000000Z"
"AIWF_Atlas_VOL1_machine_facing_v3_3_api_cli_guide/13_CONFLICT_EXAMPLES/README.md","README.md",".md","155","aiwf_atlas","conflict_example","","","2026-05-21T07:12:10.0000000Z"
"AIWF_Atlas_VOL1_machine_facing_v3_3_api_cli_guide/13_CONFLICT_EXAMPLES/version_conflict_example.md","version_conflict_example.md",".md","767","aiwf_atlas","conflict_example","","","2026-05-21T07:12:10.0000000Z"
"AIWF_Atlas_VOL1_machine_facing_v3_3_api_cli_guide/14_TOPIC_MAP/aiwf_topic_map.json","aiwf_topic_map.json",".json","10003","aiwf_atlas","topic_map","","","2026-05-21T07:12:10.0000000Z"
"AIWF_Atlas_VOL1_machine_facing_v3_3_api_cli_guide/14_TOPIC_MAP/knowledge_graph_edges.jsonl","knowledge_graph_edges.jsonl",".jsonl","18718","aiwf_atlas","topic_map","","","2026-05-21T07:12:10.0000000Z"
"AIWF_Atlas_VOL1_machine_facing_v3_3_api_cli_guide/14_TOPIC_MAP/KNOWLEDGE_GRAPH_README.md","KNOWLEDGE_GRAPH_README.md",".md","384","aiwf_atlas","topic_map","","","2026-05-21T07:12:10.0000000Z"
"AIWF_Atlas_VOL1_machine_facing_v3_3_api_cli_guide/14_TOPIC_MAP/README.md","README.md",".md","198","aiwf_atlas","topic_map","","","2026-05-21T07:12:10.0000000Z"
"AIWF_Atlas_VOL1_machine_facing_v3_3_api_cli_guide/14_TOPIC_MAP/topic_relationship_notes.md","topic_relationship_notes.md",".md","352","aiwf_atlas","topic_map","","","2026-05-21T07:12:10.0000000Z"
"AIWF_Atlas_VOL1_machine_facing_v3_3_api_cli_guide/14_TOPIC_MAP/topic_relationships.md","topic_relationships.md",".md","1719","aiwf_atlas","topic_map","","","2026-05-21T07:12:10.0000000Z"
"AIWF_Atlas_VOL1_machine_facing_v3_3_api_cli_guide/15_ANSWER_TEMPLATES/README.md","README.md",".md","590","aiwf_atlas","answer_template","","","2026-05-21T07:12:10.0000000Z"
"AIWF_Atlas_VOL1_machine_facing_v3_3_api_cli_guide/15_ANSWER_TEMPLATES/research_gap_answer_template.md","research_gap_answer_template.md",".md","228","aiwf_atlas","answer_template","","","2026-05-21T07:12:10.0000000Z"
"AIWF_Atlas_VOL1_machine_facing_v3_3_api_cli_guide/15_ANSWER_TEMPLATES/troubleshooting_answer_template.md","troubleshooting_answer_template.md",".md","529","aiwf_atlas","answer_template","","","2026-05-21T07:12:10.0000000Z"
"AIWF_Atlas_VOL1_machine_facing_v3_3_api_cli_guide/15_ANSWER_TEMPLATES/workflow_default_prompt_template.md","workflow_default_prompt_template.md",".md","1079","aiwf_atlas","answer_template","","","2026-05-21T07:12:10.0000000Z"
"AIWF_Atlas_VOL1_machine_facing_v3_3_api_cli_guide/15_ANSWER_TEMPLATES/workflow_design_answer_template.md","workflow_design_answer_template.md",".md","518","aiwf_atlas","answer_template","","","2026-05-21T07:12:10.0000000Z"
"AIWF_Atlas_VOL1_machine_facing_v3_3_api_cli_guide/16_VISUAL_ASSETS/diagrams/mermaid/01_field_guide_adapter_split.mmd","01_field_guide_adapter_split.mmd",".mmd","219","aiwf_atlas","visual_asset","","","2026-05-21T07:12:10.0000000Z"
"AIWF_Atlas_VOL1_machine_facing_v3_3_api_cli_guide/16_VISUAL_ASSETS/diagrams/mermaid/02_aiwf_adapter_load_order.mmd","02_aiwf_adapter_load_order.mmd",".mmd","344","aiwf_atlas","visual_asset","","","2026-05-21T07:12:10.0000000Z"
"AIWF_Atlas_VOL1_machine_facing_v3_3_api_cli_guide/16_VISUAL_ASSETS/diagrams/mermaid/03_retrieval_routing_matrix.mmd","03_retrieval_routing_matrix.mmd",".mmd","368","aiwf_atlas","visual_asset","","","2026-05-21T07:12:10.0000000Z"
"AIWF_Atlas_VOL1_machine_facing_v3_3_api_cli_guide/16_VISUAL_ASSETS/diagrams/mermaid/04_source_verification_gate.mmd","04_source_verification_gate.mmd",".mmd","342","aiwf_atlas","visual_asset","","","2026-05-21T07:12:10.0000000Z"
"AIWF_Atlas_VOL1_machine_facing_v3_3_api_cli_guide/16_VISUAL_ASSETS/diagrams/mermaid/05_brand_voice_role_map.mmd","05_brand_voice_role_map.mmd",".mmd","336","aiwf_atlas","visual_asset","","","2026-05-21T07:12:10.0000000Z"
"AIWF_Atlas_VOL1_machine_facing_v3_3_api_cli_guide/16_VISUAL_ASSETS/diagrams/mermaid/06_comfyui_datatype_boundaries.mmd","06_comfyui_datatype_boundaries.mmd",".mmd","312","aiwf_atlas","visual_asset","","","2026-05-21T07:12:10.0000000Z"
"AIWF_Atlas_VOL1_machine_facing_v3_3_api_cli_guide/16_VISUAL_ASSETS/diagrams/mermaid/07_gradio_comfyui_bridge.mmd","07_gradio_comfyui_bridge.mmd",".mmd","323","aiwf_atlas","visual_asset","","","2026-05-21T07:12:10.0000000Z"
"AIWF_Atlas_VOL1_machine_facing_v3_3_api_cli_guide/16_VISUAL_ASSETS/diagrams/mermaid/08_lakefs_ai_data_versioning.mmd","08_lakefs_ai_data_versioning.mmd",".mmd","409","aiwf_atlas","visual_asset","","","2026-05-21T07:12:10.0000000Z"
"AIWF_Atlas_VOL1_machine_facing_v3_3_api_cli_guide/16_VISUAL_ASSETS/diagrams/mermaid/09_synthetic_data_flywheel.mmd","09_synthetic_data_flywheel.mmd",".mmd","317","aiwf_atlas","visual_asset","","","2026-05-21T07:12:10.0000000Z"
"AIWF_Atlas_VOL1_machine_facing_v3_3_api_cli_guide/16_VISUAL_ASSETS/diagrams/mermaid/10_evaluation_harness_comparison.mmd","10_evaluation_harness_comparison.mmd",".mmd","344","aiwf_atlas","visual_asset","","","2026-05-21T07:12:10.0000000Z"
"AIWF_Atlas_VOL1_machine_facing_v3_3_api_cli_guide/16_VISUAL_ASSETS/diagrams/mermaid/11_hardware_cost_routing.mmd","11_hardware_cost_routing.mmd",".mmd","327","aiwf_atlas","visual_asset","","","2026-05-21T07:12:10.0000000Z"
"AIWF_Atlas_VOL1_machine_facing_v3_3_api_cli_guide/16_VISUAL_ASSETS/diagrams/svg/01_field_guide_adapter_split.svg","01_field_guide_adapter_split.svg",".svg","4005","aiwf_atlas","visual_asset","","","2026-05-21T07:12:10.0000000Z"
"AIWF_Atlas_VOL1_machine_facing_v3_3_api_cli_guide/16_VISUAL_ASSETS/diagrams/svg/02_aiwf_adapter_load_order.svg","02_aiwf_adapter_load_order.svg",".svg","4655","aiwf_atlas","visual_asset","","","2026-05-21T07:12:10.0000000Z"
"AIWF_Atlas_VOL1_machine_facing_v3_3_api_cli_guide/16_VISUAL_ASSETS/diagrams/svg/03_retrieval_routing_matrix.svg","03_retrieval_routing_matrix.svg",".svg","5376","aiwf_atlas","visual_asset","","","2026-05-21T07:12:10.0000000Z"
"AIWF_Atlas_VOL1_machine_facing_v3_3_api_cli_guide/16_VISUAL_ASSETS/diagrams/svg/04_source_verification_gate.svg","04_source_verification_gate.svg",".svg","4893","aiwf_atlas","visual_asset","","","2026-05-21T07:12:10.0000000Z"
"AIWF_Atlas_VOL1_machine_facing_v3_3_api_cli_guide/16_VISUAL_ASSETS/diagrams/svg/05_brand_voice_role_map.svg","05_brand_voice_role_map.svg",".svg","4807","aiwf_atlas","visual_asset","","","2026-05-21T07:12:10.0000000Z"
"AIWF_Atlas_VOL1_machine_facing_v3_3_api_cli_guide/16_VISUAL_ASSETS/diagrams/svg/06_comfyui_datatype_boundaries.svg","06_comfyui_datatype_boundaries.svg",".svg","5015","aiwf_atlas","visual_asset","","","2026-05-21T07:12:10.0000000Z"
"AIWF_Atlas_VOL1_machine_facing_v3_3_api_cli_guide/16_VISUAL_ASSETS/diagrams/svg/07_gradio_comfyui_bridge.svg","07_gradio_comfyui_bridge.svg",".svg","4739","aiwf_atlas","visual_asset","","","2026-05-21T07:12:10.0000000Z"
"AIWF_Atlas_VOL1_machine_facing_v3_3_api_cli_guide/16_VISUAL_ASSETS/diagrams/svg/08_lakefs_ai_data_versioning.svg","08_lakefs_ai_data_versioning.svg",".svg","5524","aiwf_atlas","visual_asset","","","2026-05-21T07:12:10.0000000Z"
"AIWF_Atlas_VOL1_machine_facing_v3_3_api_cli_guide/16_VISUAL_ASSETS/diagrams/svg/09_synthetic_data_flywheel.svg","09_synthetic_data_flywheel.svg",".svg","4278","aiwf_atlas","visual_asset","","","2026-05-21T07:12:10.0000000Z"
"AIWF_Atlas_VOL1_machine_facing_v3_3_api_cli_guide/16_VISUAL_ASSETS/diagrams/svg/10_evaluation_harness_comparison.svg","10_evaluation_harness_comparison.svg",".svg","4597","aiwf_atlas","visual_asset","","","2026-05-21T07:12:10.0000000Z"
"AIWF_Atlas_VOL1_machine_facing_v3_3_api_cli_guide/16_VISUAL_ASSETS/diagrams/svg/11_hardware_cost_routing.svg","11_hardware_cost_routing.svg",".svg","4860","aiwf_atlas","visual_asset","","","2026-05-21T07:12:10.0000000Z"
"AIWF_Atlas_VOL1_machine_facing_v3_3_api_cli_guide/16_VISUAL_ASSETS/README.md","README.md",".md","1487","aiwf_atlas","visual_asset","","","2026-05-21T07:12:10.0000000Z"
"AIWF_Atlas_VOL1_machine_facing_v3_3_api_cli_guide/16_VISUAL_ASSETS/torchie_callouts/torchie_2026_rebrand_reference_sheet.png","torchie_2026_rebrand_reference_sheet.png",".png","454081","aiwf_atlas","visual_asset","","","2026-05-21T07:12:10.0000000Z"
"AIWF_Atlas_VOL1_machine_facing_v3_3_api_cli_guide/16_VISUAL_ASSETS/torchie_callouts/torchie_action_poses_reference.png","torchie_action_poses_reference.png",".png","360712","aiwf_atlas","visual_asset","","","2026-05-21T07:12:10.0000000Z"
"AIWF_Atlas_VOL1_machine_facing_v3_3_api_cli_guide/16_VISUAL_ASSETS/torchie_callouts/torchie_details_palette_reference.png","torchie_details_palette_reference.png",".png","289395","aiwf_atlas","visual_asset","","","2026-05-21T07:12:10.0000000Z"
"AIWF_Atlas_VOL1_machine_facing_v3_3_api_cli_guide/16_VISUAL_ASSETS/torchie_callouts/torchie_expressions_reference.png","torchie_expressions_reference.png",".png","388528","aiwf_atlas","visual_asset","","","2026-05-21T07:12:10.0000000Z"
"AIWF_Atlas_VOL1_machine_facing_v3_3_api_cli_guide/16_VISUAL_ASSETS/torchie_callouts/torchie_extra_poses_reference.png","torchie_extra_poses_reference.png",".png","251220","aiwf_atlas","visual_asset","","","2026-05-21T07:12:10.0000000Z"
"AIWF_Atlas_VOL1_machine_facing_v3_3_api_cli_guide/16_VISUAL_ASSETS/torchie_callouts/torchie_hero_reference.png","torchie_hero_reference.png",".png","358616","aiwf_atlas","visual_asset","","","2026-05-21T07:12:10.0000000Z"
"AIWF_Atlas_VOL1_machine_facing_v3_3_api_cli_guide/16_VISUAL_ASSETS/torchie_callouts/torchie_logo_mark_ideas_reference.png","torchie_logo_mark_ideas_reference.png",".png","118040","aiwf_atlas","visual_asset","","","2026-05-21T07:12:10.0000000Z"
"AIWF_Atlas_VOL1_machine_facing_v3_3_api_cli_guide/16_VISUAL_ASSETS/torchie_callouts/torchie_turnaround_reference.png","torchie_turnaround_reference.png",".png","190573","aiwf_atlas","visual_asset","","","2026-05-21T07:12:10.0000000Z"
"AIWF_Atlas_VOL1_machine_facing_v3_3_api_cli_guide/16_VISUAL_ASSETS/torchie_callouts/TORCHIE_VISUAL_CALLOUT_SPEC.md","TORCHIE_VISUAL_CALLOUT_SPEC.md",".md","2649","aiwf_atlas","visual_asset","","","2026-05-21T07:12:10.0000000Z"
"AIWF_Atlas_VOL1_machine_facing_v3_3_api_cli_guide/16_VISUAL_ASSETS/VISUAL_ASSET_INDEX.md","VISUAL_ASSET_INDEX.md",".md","4207","aiwf_atlas","visual_asset","","","2026-05-21T07:12:10.0000000Z"
"AIWF_Atlas_VOL1_machine_facing_v3_3_api_cli_guide/17_FIELD_GUIDE_INSERTS/API_AND_CLI_USAGE_FIELD_GUIDE_INSERT.md","API_AND_CLI_USAGE_FIELD_GUIDE_INSERT.md",".md","13014","aiwf_atlas","field_guide_insert","","","2026-05-21T07:12:12.0000000Z"
"AIWF_Atlas_VOL1_machine_facing_v3_3_api_cli_guide/17_FIELD_GUIDE_INSERTS/API_CLI_QUICK_REFERENCE.md","API_CLI_QUICK_REFERENCE.md",".md","1828","aiwf_atlas","field_guide_insert","","","2026-05-21T09:20:40.0287392Z"
"AIWF_Atlas_VOL1_machine_facing_v3_3_api_cli_guide/17_FIELD_GUIDE_INSERTS/README.md","README.md",".md","667","aiwf_atlas","field_guide_insert","","","2026-05-21T07:12:12.0000000Z"
"AIWF_Atlas_VOL1_machine_facing_v3_3_api_cli_guide/AIWF_ATLAS_PROFILE.json","AIWF_ATLAS_PROFILE.json",".json","4767","aiwf_atlas","supporting_file","","","2026-05-21T07:12:12.0000000Z"
"AIWF_Atlas_VOL1_machine_facing_v3_3_api_cli_guide/CHANGELOG.md","CHANGELOG.md",".md","9808","aiwf_atlas","supporting_file","","","2026-05-21T07:12:12.0000000Z"
"AIWF_Atlas_VOL1_machine_facing_v3_3_api_cli_guide/checksums_sha256.txt","checksums_sha256.txt",".txt","405455","aiwf_atlas","supporting_file","","","2026-05-21T07:12:20.0000000Z"
"AIWF_Atlas_VOL1_machine_facing_v3_3_api_cli_guide/README.md","README.md",".md","6939","aiwf_atlas","supporting_file","","","2026-05-21T09:23:07.1401649Z"
"INGESTION_GUIDE.md","INGESTION_GUIDE.md",".md","3917","root_guidance","root_guidance","","","2026-05-21T09:22:51.5265945Z"
"KNOWN_GAPS.md","KNOWN_GAPS.md",".md","2735","root_guidance","root_guidance","","","2026-05-21T09:28:10.2303909Z"
"LEARNING_PASS_REVIEW.md","LEARNING_PASS_REVIEW.md",".md","4280","root_guidance","root_guidance","","","2026-05-21T09:28:10.2303909Z"
"LICENSE.md","LICENSE.md",".md","915","root_guidance","root_guidance","","","2026-05-21T09:28:10.2271186Z"
"LICENSE_NOTICE.md","LICENSE_NOTICE.md",".md","811","root_guidance","root_guidance","","","2026-05-21T09:28:10.2271186Z"
"metadata/checksums_sha256.txt","checksums_sha256.txt",".txt","533468","root_metadata","root_metadata","","","2026-05-21T09:25:58.2074112Z"
"metadata/rag_file_index.jsonl","rag_file_index.jsonl",".jsonl","870703","root_metadata","root_metadata","","","2026-05-21T09:25:55.3950995Z"
"metadata/rag_ingestion_manifest.json","rag_ingestion_manifest.json",".json","7670","root_metadata","root_metadata","","","2026-05-21T09:25:55.4359197Z"
"metadata/repository_manifest.csv","repository_manifest.csv",".csv","649574","root_metadata","root_metadata","","","2026-05-21T09:25:55.2643403Z"
"NOTES_TO_AI.md","NOTES_TO_AI.md",".md","4377","root_guidance","root_guidance","","","2026-05-21T09:22:51.5162037Z"
"RAG_ATLAS_INDEX.md","RAG_ATLAS_INDEX.md",".md","4216","root_guidance","root_guidance","","","2026-05-21T09:22:51.5255958Z"
"README.md","README.md",".md","4917","root_guidance","root_guidance","","","2026-05-21T09:28:10.2271186Z"
