pass_id,pack_number,pack_name,repo,node_id_class_type,display_name,category,schema_level,status,input_summary,output_summary,primary_use,models_or_dependencies,workflow_generation_policy,portable_default_candidate,requires_local_test,risk_tags,source_refs,notes
PASS_02A,11,ComfyUI-GGUF,city96/ComfyUI-GGUF,CLIPLoaderGGUF,CLIPLoader (GGUF),bootleg,schema_confirmed,active,clip_name from clip + clip_gguf; type from core CLIPLoader,CLIP,Load GGUF or normal text encoder/CLIP state dicts,models/clip or models/text_encoders; .gguf supported,guarded_generate_after_local_test,no,yes,"gguf,text_encoder,model_format_sensitive",turn132file0;turn133file0,Do not mix scaled FP8 with GGUF in same CLIP loader path.
PASS_02A,11,ComfyUI-GGUF,city96/ComfyUI-GGUF,DualCLIPLoaderGGUF,DualCLIPLoader (GGUF),bootleg,schema_confirmed,active,clip_name1; clip_name2; type from core DualCLIPLoader,CLIP,Load GGUF or normal text encoder/CLIP state dicts,models/clip or models/text_encoders; .gguf supported,guarded_generate_after_local_test,no,yes,"gguf,text_encoder,model_format_sensitive",turn132file0;turn133file0,Do not mix scaled FP8 with GGUF in same CLIP loader path.
PASS_02A,11,ComfyUI-GGUF,city96/ComfyUI-GGUF,QuadrupleCLIPLoaderGGUF,QuadrupleCLIPLoader (GGUF),bootleg,schema_confirmed,active,clip_name1; clip_name2; clip_name3; clip_name4,CLIP,Load GGUF or normal text encoder/CLIP state dicts,models/clip or models/text_encoders; .gguf supported,guarded_generate_after_local_test,no,yes,"gguf,text_encoder,model_format_sensitive",turn132file0;turn133file0,Do not mix scaled FP8 with GGUF in same CLIP loader path.
PASS_02A,11,ComfyUI-GGUF,city96/ComfyUI-GGUF,TripleCLIPLoaderGGUF,TripleCLIPLoader (GGUF),bootleg,schema_confirmed,active,clip_name1; clip_name2; clip_name3,CLIP,Load GGUF or normal text encoder/CLIP state dicts,models/clip or models/text_encoders; .gguf supported,guarded_generate_after_local_test,no,yes,"gguf,text_encoder,model_format_sensitive",turn132file0;turn133file0,Do not mix scaled FP8 with GGUF in same CLIP loader path.
PASS_02A,11,ComfyUI-GGUF,city96/ComfyUI-GGUF,UnetLoaderGGUF,Unet Loader (GGUF),bootleg,schema_confirmed,active,unet_name from unet_gguf,MODEL,Load quantized diffusion/unet GGUF model,models/diffusion_models or models/unet .gguf; custom GGMLOps,guarded_generate_after_local_test,no,yes,"gguf,quantized_model,hardware_version_sensitive",turn132file0;turn133file0,Registers unet_gguf path; simple loader exposes only model selector.
PASS_02A,11,ComfyUI-GGUF,city96/ComfyUI-GGUF,UnetLoaderGGUFAdvanced,Unet Loader (GGUF/Advanced),bootleg,schema_confirmed,active,unet_name; dequant_dtype; patch_dtype; patch_on_device,MODEL,Advanced GGUF diffusion loading with dtype controls,GGUF model; dtype compatibility; VRAM behavior,guarded_generate_after_local_test,no,yes,"gguf,dtype_control,hardware_version_sensitive",turn132file0;turn133file0,
PASS_02A,12,comfyui_controlnet_aux,Fannovel16/comfyui_controlnet_aux,AIO_Preprocessor,AIO Aux Preprocessor,ControlNet Preprocessors,schema_confirmed,active,"required image IMAGE, preprocessor combo from dynamically loaded PREPROCESSOR_OPTIONS, resolution INT",IMAGE,Universal ControlNet Aux preprocessor router using default params of selected wrapper.,controlnet_aux dependencies; node_wrappers dynamic import,guarded_generate_after_local_test,False,True,dynamic_wrapper_import;dependency_sensitive,turn134file0,"Supports broad preprocessor choice, but exact selected preprocessor schema is dynamic."
PASS_02A,12,comfyui_controlnet_aux,Fannovel16/comfyui_controlnet_aux,ControlNetAuxSimpleAddText,ControlNetAuxSimpleAddText,ControlNet Preprocessors,schema_confirmed,active,"required image IMAGE, text STRING",IMAGE,Internal/debug helper used to annotate generated preprocessor preview images.,PIL font,do_not_generate,False,True,dynamic_wrapper_import;dependency_sensitive,turn134file0,Simple image text overlay used by ExecuteAllControlNetPreprocessors.
PASS_02A,12,comfyui_controlnet_aux,Fannovel16/comfyui_controlnet_aux,ControlNetPreprocessorSelector,Preprocessor Selector,ControlNet Preprocessors,schema_confirmed,active,required preprocessor combo from PREPROCESSOR_OPTIONS,preprocessor option,Select a preprocessor name/string for dynamic routing.,controlnet_aux,safe_to_generate_if_controlnet_aux_installed,True,True,dynamic_wrapper_import;dependency_sensitive,turn134file0,Good UI helper; output type is selected preprocessor option.
PASS_02A,12,comfyui_controlnet_aux,Fannovel16/comfyui_controlnet_aux,ExecuteAllControlNetPreprocessors,Execute All ControlNet Preprocessors,ControlNet Preprocessors,schema_confirmed,active,"required image IMAGE, resolution INT; requires Execution Model Inversion / updated ComfyUI",IMAGE batch,Debug/inspection node that renders all supported preprocessors; not workflow default.,controlnet_aux; ComfyUI GraphBuilder / execution model inversion,rag_only_or_expert_local_test,False,True,dynamic_wrapper_import;dependency_sensitive,turn134file0,Requires ComfyUI execution model inversion / GraphBuilder; not portable default.
PASS_02A,13,ComfyUI_IPAdapter_plus,cubiq/ComfyUI_IPAdapter_plus,IPAAdapterFaceIDBatch,IPAdapter FaceID Batch,ipadapter/faceid,schema_confirmed,active,batch FaceID variant inherited from IPAdapterFaceID with unfold_batch=True,"MODEL, IMAGE face_image",Batch identity reference control.,"IPAdapter model, CLIPVision model; FaceID nodes additionally require InsightFace; models stored under ComfyUI/models/ipadapter and clip_vision/clip as applicable.",guarded_generate_after_local_test,False,True,ipadapter_model_required;clipvision_required;model_patch;batch_shape_sensitive,turn155file0 turn148file0 turn139file0 turn140file0,Mapping confirmed; exact apply-node schema needs per-class sweep before publishing workflows.
PASS_02A,13,ComfyUI_IPAdapter_plus,cubiq/ComfyUI_IPAdapter_plus,IPAdapter,IPAdapter,ipadapter,schema_confirmed,active,required model MODEL; ipadapter IPADAPTER; image IMAGE; weight FLOAT default 1.0 min -1 max 3; start_at/end_at FLOAT 0-1; weight_type standard/prompt-important/style-transfer; optional attn_mask MASK,MODEL,Simple image-reference adapter apply; best default IPAdapter apply node when using Unified Loader.,"IPAdapter model, CLIPVision model; FaceID nodes additionally require InsightFace; models stored under ComfyUI/models/ipadapter and clip_vision/clip as applicable.",safe_to_generate_if_ipadapter_installed,True,True,ipadapter_model_required;clipvision_required;model_patch,turn155file0 turn148file0 turn139file0 turn140file0,Mapping confirmed; exact apply-node schema needs per-class sweep before publishing workflows.
PASS_02A,13,ComfyUI_IPAdapter_plus,cubiq/ComfyUI_IPAdapter_plus,IPAdapterAdvanced,IPAdapter Advanced,ipadapter,schema_confirmed,active,"required model, ipadapter, image, weight FLOAT -1..5, weight_type WEIGHT_TYPES, combine_embeds concat/add/subtract/average/norm average, start_at/end_at, embeds_scaling; optional image_negative, attn_mask, clip_vision",MODEL,"Advanced IPAdapter apply with negative reference, mask, optional clip vision, and embedding controls.","IPAdapter model, CLIPVision model; FaceID nodes additionally require InsightFace; models stored under ComfyUI/models/ipadapter and clip_vision/clip as applicable.",safe_to_generate_if_ipadapter_installed,True,True,ipadapter_model_required;clipvision_required;model_patch,turn155file0 turn148file0 turn139file0 turn140file0,Mapping confirmed; exact apply-node schema needs per-class sweep before publishing workflows.
PASS_02A,13,ComfyUI_IPAdapter_plus,cubiq/ComfyUI_IPAdapter_plus,IPAdapterBatch,IPAdapter Batch (Adv.),ipadapter,schema_confirmed,active,"same as Advanced but unfold_batch=True; adds encode_batch_size INT 0..4096; optional image_negative, attn_mask, clip_vision",MODEL,Batch-aware IPAdapter application for video/reference batches.,"IPAdapter model, CLIPVision model; FaceID nodes additionally require InsightFace; models stored under ComfyUI/models/ipadapter and clip_vision/clip as applicable.",guarded_generate_after_local_test,False,True,ipadapter_model_required;clipvision_required;model_patch;batch_shape_sensitive,turn155file0 turn148file0 turn139file0 turn140file0,Mapping confirmed; exact apply-node schema needs per-class sweep before publishing workflows.
PASS_02A,13,ComfyUI_IPAdapter_plus,cubiq/ComfyUI_IPAdapter_plus,IPAdapterClipVisionEnhancer,IPAdapter ClipVision Enhancer,ipadapter/dev,schema_confirmed,active,"required model, ipadapter, image, weight, weight_type, combine_embeds, start/end, embeds_scaling, enhance_tiles, enhance_ratio; optional image_negative, attn_mask, clip_vision",MODEL,Enhanced/tiled CLIPVision encoding before adapter application.,"IPAdapter model, CLIPVision model; FaceID nodes additionally require InsightFace; models stored under ComfyUI/models/ipadapter and clip_vision/clip as applicable.",rag_only_or_expert_local_test,False,True,dev_node;ipadapter_model_required;clipvision_required;layer_weight_sensitive,turn155file0 turn148file0 turn139file0 turn140file0,Mapping confirmed; exact apply-node schema needs per-class sweep before publishing workflows.
PASS_02A,13,ComfyUI_IPAdapter_plus,cubiq/ComfyUI_IPAdapter_plus,IPAdapterClipVisionEnhancerBatch,IPAdapter ClipVision Enhancer Batch,ipadapter/dev,schema_confirmed,active,"batch enhancer variant; adds encode_batch_size and different enhance_ratio default; optional negative image, mask, clip vision",MODEL,Batch enhanced CLIPVision encoding path.,"IPAdapter model, CLIPVision model; FaceID nodes additionally require InsightFace; models stored under ComfyUI/models/ipadapter and clip_vision/clip as applicable.",rag_only_or_expert_local_test,False,True,dev_node;ipadapter_model_required;clipvision_required;layer_weight_sensitive,turn155file0 turn148file0 turn139file0 turn140file0,Mapping confirmed; exact apply-node schema needs per-class sweep before publishing workflows.
PASS_02A,13,ComfyUI_IPAdapter_plus,cubiq/ComfyUI_IPAdapter_plus,IPAdapterCombineEmbeds,IPAdapter Combine Embeds,ipadapter/helpers,schema_confirmed,active,embed1; method concat/add/subtract/average/norm average/max/min; optional embed2-5,EMBEDS,combine multiple embeddings,IPAdapter/CLIPVision embeddings,safe_to_generate_if_ipadapter_installed,True,True,ipadapter_model_required;clipvision_required;model_patch,turn135file0;turn136file0;turn139file0;turn140file0,
PASS_02A,13,ComfyUI_IPAdapter_plus,cubiq/ComfyUI_IPAdapter_plus,IPAdapterCombineParams,IPAdapter Combine Params,ipadapter/helpers,schema_confirmed,active,params_1 params_2 optional params_3-5,IPADAPTER_PARAMS,combine regional/image prompt params,IPAdapter/CLIPVision embeddings,guarded_generate_after_local_test,no,yes,"clipvision,embedding_schedule,dependency_sensitive",turn135file0;turn136file0;turn139file0;turn140file0,
PASS_02A,13,ComfyUI_IPAdapter_plus,cubiq/ComfyUI_IPAdapter_plus,IPAdapterCombineWeights,IPAdapter Combine Weights,ipadapter/helpers,schema_confirmed,active,weights_1; weights_2,"FLOAT,INT",combine weight lists,IPAdapter/CLIPVision embeddings,guarded_generate_after_local_test,no,yes,"clipvision,embedding_schedule,dependency_sensitive",turn135file0;turn136file0;turn139file0;turn140file0,
PASS_02A,13,ComfyUI_IPAdapter_plus,cubiq/ComfyUI_IPAdapter_plus,IPAdapterEmbeds,IPAdapter Embeds,ipadapter/embeds,schema_confirmed,active,"required model, ipadapter, pos_embed EMBEDS, weight, weight_type, start_at/end_at, embeds_scaling; optional neg_embed, attn_mask, clip_vision","MODEL, optional IMAGE face_image",Apply IPAdapter from precomputed embeddings.,"IPAdapter model, CLIPVision model; FaceID nodes additionally require InsightFace; models stored under ComfyUI/models/ipadapter and clip_vision/clip as applicable.",guarded_generate_after_local_test,False,True,ipadapter_model_required;clipvision_required;model_patch;batch_shape_sensitive,turn155file0 turn148file0 turn139file0 turn140file0,Mapping confirmed; exact apply-node schema needs per-class sweep before publishing workflows.
PASS_02A,13,ComfyUI_IPAdapter_plus,cubiq/ComfyUI_IPAdapter_plus,IPAdapterEmbedsBatch,IPAdapter Embeds Batch,ipadapter/embeds,schema_confirmed,active,batch variant of IPAdapterEmbeds with unfold_batch=True,"MODEL, optional IMAGE face_image",Batch apply from precomputed embeddings.,"IPAdapter model, CLIPVision model; FaceID nodes additionally require InsightFace; models stored under ComfyUI/models/ipadapter and clip_vision/clip as applicable.",guarded_generate_after_local_test,False,True,ipadapter_model_required;clipvision_required;model_patch;batch_shape_sensitive,turn155file0 turn148file0 turn139file0 turn140file0,Mapping confirmed; exact apply-node schema needs per-class sweep before publishing workflows.
PASS_02A,13,ComfyUI_IPAdapter_plus,cubiq/ComfyUI_IPAdapter_plus,IPAdapterEncoder,IPAdapter Encoder,ipadapter/helpers,schema_confirmed,active,ipadapter; image; weight; optional mask/clip_vision,"EMBEDS, EMBEDS",encode reference image to pos/neg embeds,IPAdapter/CLIPVision embeddings,guarded_generate_after_local_test,no,yes,"clipvision,embedding_schedule,dependency_sensitive",turn135file0;turn136file0;turn139file0;turn140file0,
PASS_02A,13,ComfyUI_IPAdapter_plus,cubiq/ComfyUI_IPAdapter_plus,IPAdapterFaceID,IPAdapter FaceID,ipadapter/faceid,schema_confirmed,active,"required model, ipadapter, image, weight, weight_faceidv2, weight_type, combine_embeds, start_at/end_at, embeds_scaling; optional image_negative, attn_mask, clip_vision, insightface","MODEL, IMAGE face_image",Identity/FaceID reference control; requires face detection/InsightFace for FaceID models.,"IPAdapter model, CLIPVision model; FaceID nodes additionally require InsightFace; models stored under ComfyUI/models/ipadapter and clip_vision/clip as applicable.",guarded_generate_after_local_test,False,True,ipadapter_model_required;clipvision_required;model_patch;batch_shape_sensitive,turn155file0 turn148file0 turn139file0 turn140file0,Mapping confirmed; exact apply-node schema needs per-class sweep before publishing workflows.
PASS_02A,13,ComfyUI_IPAdapter_plus,cubiq/ComfyUI_IPAdapter_plus,IPAdapterFaceIDKolors,IPAdapter FaceID Kolors,ipadapter/faceid,schema_confirmed,active,"FaceID Kolors variant; adds weight_kolors FLOAT; required model, ipadapter, image, weights, weight_type, combine_embeds, start/end, embeds_scaling; optional negative image/mask/clipvision/insightface","MODEL, IMAGE face_image",Kolors FaceID identity path.,"IPAdapter model, CLIPVision model; FaceID nodes additionally require InsightFace; models stored under ComfyUI/models/ipadapter and clip_vision/clip as applicable.",guarded_generate_after_local_test,False,True,ipadapter_model_required;clipvision_required;model_patch;batch_shape_sensitive,turn155file0 turn148file0 turn139file0 turn140file0,Mapping confirmed; exact apply-node schema needs per-class sweep before publishing workflows.
PASS_02A,13,ComfyUI_IPAdapter_plus,cubiq/ComfyUI_IPAdapter_plus,IPAdapterFromParams,IPAdapter from Params,ipadapter/params,schema_confirmed,active,"required model MODEL; ipadapter IPADAPTER; ipadapter_params IPADAPTER_PARAMS; combine_embeds; embeds_scaling; optional image_negative, clip_vision",MODEL,Apply combined regional/param IPAdapter conditions.,"IPAdapter model, CLIPVision model; FaceID nodes additionally require InsightFace; models stored under ComfyUI/models/ipadapter and clip_vision/clip as applicable.",guarded_generate_after_local_test,False,True,ipadapter_model_required;clipvision_required;model_patch;batch_shape_sensitive,turn155file0 turn148file0 turn139file0 turn140file0,Mapping confirmed; exact apply-node schema needs per-class sweep before publishing workflows.
PASS_02A,13,ComfyUI_IPAdapter_plus,cubiq/ComfyUI_IPAdapter_plus,IPAdapterInsightFaceLoader,IPAdapter InsightFace Loader,ipadapter/loaders,schema_confirmed,active,required provider CPU/CUDA/ROCM; model_name buffalo_l/antelopev2,INSIGHTFACE,Loads InsightFace backend for FaceID nodes.,"IPAdapter model, CLIPVision model; FaceID nodes additionally require InsightFace; models stored under ComfyUI/models/ipadapter and clip_vision/clip as applicable.",guarded_generate_after_local_test,False,True,ipadapter_model_required;clipvision_required;model_patch;batch_shape_sensitive,turn155file0 turn148file0 turn139file0 turn140file0,Mapping confirmed; exact apply-node schema needs per-class sweep before publishing workflows.
PASS_02A,13,ComfyUI_IPAdapter_plus,cubiq/ComfyUI_IPAdapter_plus,IPAdapterLoadEmbeds,IPAdapter Load Embeds,ipadapter/helpers,schema_confirmed,active,embeds file from input directory,EMBEDS,load .ipadpt embeds,IPAdapter/CLIPVision embeddings,guarded_generate_after_local_test,no,yes,"clipvision,embedding_schedule,dependency_sensitive",turn135file0;turn136file0;turn139file0;turn140file0,
PASS_02A,13,ComfyUI_IPAdapter_plus,cubiq/ComfyUI_IPAdapter_plus,IPAdapterMS,IPAdapter Mad Scientist,ipadapter/dev,schema_confirmed,active,"required model, ipadapter, image, weight, weight_faceidv2, weight_type, combine_embeds, start/end, embeds_scaling, layer_weights STRING; optional image_negative, attn_mask, clip_vision, insightface",MODEL,Developer/experimental layer-weight IPAdapter path; not a beginner workflow default.,"IPAdapter model, CLIPVision model; FaceID nodes additionally require InsightFace; models stored under ComfyUI/models/ipadapter and clip_vision/clip as applicable.",rag_only_or_expert_local_test,False,True,dev_node;ipadapter_model_required;clipvision_required;layer_weight_sensitive,turn155file0 turn148file0 turn139file0 turn140file0,Mapping confirmed; exact apply-node schema needs per-class sweep before publishing workflows.
PASS_02A,13,ComfyUI_IPAdapter_plus,cubiq/ComfyUI_IPAdapter_plus,IPAdapterModelLoader,IPAdapter Model Loader,ipadapter/loaders,schema_confirmed,active,required ipadapter_file from models/ipadapter,IPADAPTER,Direct IPAdapter model load without full pipeline.,"IPAdapter model, CLIPVision model; FaceID nodes additionally require InsightFace; models stored under ComfyUI/models/ipadapter and clip_vision/clip as applicable.",safe_to_generate_if_ipadapter_installed,True,True,ipadapter_model_required;clipvision_required;model_patch,turn155file0 turn148file0 turn139file0 turn140file0,Mapping confirmed; exact apply-node schema needs per-class sweep before publishing workflows.
PASS_02A,13,ComfyUI_IPAdapter_plus,cubiq/ComfyUI_IPAdapter_plus,IPAdapterNoise,IPAdapter Noise,ipadapter/helpers,schema_confirmed,active,type fade/dissolve/gaussian/shuffle; strength; blur; optional image,IMAGE,create deterministic negative/noise reference image,IPAdapter/CLIPVision embeddings,safe_to_generate_if_ipadapter_installed,True,True,ipadapter_model_required;clipvision_required;model_patch,turn135file0;turn136file0;turn139file0;turn140file0,
PASS_02A,13,ComfyUI_IPAdapter_plus,cubiq/ComfyUI_IPAdapter_plus,IPAdapterPreciseComposition,IPAdapter Precise Composition,ipadapter/style_composition,schema_confirmed,active,"required model, ipadapter, image, weight, composition_boost, combine_embeds, start/end, embeds_scaling; optional image_negative, attn_mask, clip_vision",MODEL,Precise composition/reference layout path.,"IPAdapter model, CLIPVision model; FaceID nodes additionally require InsightFace; models stored under ComfyUI/models/ipadapter and clip_vision/clip as applicable.",guarded_generate_after_local_test,False,True,ipadapter_model_required;clipvision_required;model_patch;batch_shape_sensitive,turn155file0 turn148file0 turn139file0 turn140file0,Mapping confirmed; exact apply-node schema needs per-class sweep before publishing workflows.
PASS_02A,13,ComfyUI_IPAdapter_plus,cubiq/ComfyUI_IPAdapter_plus,IPAdapterPreciseCompositionBatch,IPAdapter Precise Composition Batch,ipadapter/style_composition,schema_confirmed,active,batch variant of precise composition with unfold_batch=True,MODEL,Batch precise composition path.,"IPAdapter model, CLIPVision model; FaceID nodes additionally require InsightFace; models stored under ComfyUI/models/ipadapter and clip_vision/clip as applicable.",guarded_generate_after_local_test,False,True,ipadapter_model_required;clipvision_required;model_patch;batch_shape_sensitive,turn155file0 turn148file0 turn139file0 turn140file0,Mapping confirmed; exact apply-node schema needs per-class sweep before publishing workflows.
PASS_02A,13,ComfyUI_IPAdapter_plus,cubiq/ComfyUI_IPAdapter_plus,IPAdapterPreciseStyleTransfer,IPAdapter Precise Style Transfer,ipadapter/style_composition,schema_confirmed,active,"required model, ipadapter, image, weight, style_boost, combine_embeds, start/end, embeds_scaling; optional image_negative, attn_mask, clip_vision",MODEL,Precise style-transfer preset path.,"IPAdapter model, CLIPVision model; FaceID nodes additionally require InsightFace; models stored under ComfyUI/models/ipadapter and clip_vision/clip as applicable.",guarded_generate_after_local_test,False,True,ipadapter_model_required;clipvision_required;model_patch;batch_shape_sensitive,turn155file0 turn148file0 turn139file0 turn140file0,Mapping confirmed; exact apply-node schema needs per-class sweep before publishing workflows.
PASS_02A,13,ComfyUI_IPAdapter_plus,cubiq/ComfyUI_IPAdapter_plus,IPAdapterPreciseStyleTransferBatch,IPAdapter Precise Style Transfer Batch,ipadapter/style_composition,schema_confirmed,active,batch variant of precise style transfer with unfold_batch=True,MODEL,Batch precise style-transfer path.,"IPAdapter model, CLIPVision model; FaceID nodes additionally require InsightFace; models stored under ComfyUI/models/ipadapter and clip_vision/clip as applicable.",guarded_generate_after_local_test,False,True,ipadapter_model_required;clipvision_required;model_patch;batch_shape_sensitive,turn155file0 turn148file0 turn139file0 turn140file0,Mapping confirmed; exact apply-node schema needs per-class sweep before publishing workflows.
PASS_02A,13,ComfyUI_IPAdapter_plus,cubiq/ComfyUI_IPAdapter_plus,IPAdapterPromptScheduleFromWeightsStrategy,Prompt Schedule From Weights Strategy,ipadapter/helpers,schema_confirmed,active,weights_strategy; prompt multiline,STRING,make prompt schedule,IPAdapter/CLIPVision embeddings,guarded_generate_after_local_test,no,yes,"clipvision,embedding_schedule,dependency_sensitive",turn135file0;turn136file0;turn139file0;turn140file0,
PASS_02A,13,ComfyUI_IPAdapter_plus,cubiq/ComfyUI_IPAdapter_plus,IPAdapterRegionalConditioning,IPAdapter Regional Conditioning,ipadapter/helpers,schema_confirmed,active,image; image_weight; prompt_weight; weight_type; start/end; optional mask/positive/negative,"IPADAPTER_PARAMS, CONDITIONING, CONDITIONING",regional IPAdapter conditioning,IPAdapter/CLIPVision embeddings,guarded_generate_after_local_test,no,yes,"clipvision,embedding_schedule,dependency_sensitive",turn135file0;turn136file0;turn139file0;turn140file0,
PASS_02A,13,ComfyUI_IPAdapter_plus,cubiq/ComfyUI_IPAdapter_plus,IPAdapterSaveEmbeds,IPAdapter Save Embeds,ipadapter/helpers,schema_confirmed,active,embeds; filename_prefix,output file,save .ipadpt embeds,IPAdapter/CLIPVision embeddings,guarded_generate_after_local_test,no,yes,"clipvision,embedding_schedule,dependency_sensitive",turn135file0;turn136file0;turn139file0;turn140file0,
PASS_02A,13,ComfyUI_IPAdapter_plus,cubiq/ComfyUI_IPAdapter_plus,IPAdapterStyleComposition,IPAdapter Style & Composition SDXL,ipadapter/style_composition,schema_confirmed,active,"required model, ipadapter, image_style, image_composition, weight_style, weight_composition, expand_style BOOLEAN, combine_embeds default average, start_at/end_at, embeds_scaling; optional negative image/mask/clip vision",MODEL,SDXL-only style plus composition transfer path.,"IPAdapter model, CLIPVision model; FaceID nodes additionally require InsightFace; models stored under ComfyUI/models/ipadapter and clip_vision/clip as applicable.",guarded_generate_after_local_test,False,True,ipadapter_model_required;clipvision_required;model_patch;batch_shape_sensitive,turn155file0 turn148file0 turn139file0 turn140file0,Mapping confirmed; exact apply-node schema needs per-class sweep before publishing workflows.
PASS_02A,13,ComfyUI_IPAdapter_plus,cubiq/ComfyUI_IPAdapter_plus,IPAdapterStyleCompositionBatch,IPAdapter Style & Composition Batch SDXL,ipadapter/style_composition,schema_confirmed,active,"batch style/composition variant; required model, ipadapter, image_style, image_composition, style/composition weights, expand_style, start_at/end_at, embeds_scaling; optional image_negative, attn_mask, clip_vision",MODEL,Batch SDXL style/composition transfer.,"IPAdapter model, CLIPVision model; FaceID nodes additionally require InsightFace; models stored under ComfyUI/models/ipadapter and clip_vision/clip as applicable.",guarded_generate_after_local_test,False,True,ipadapter_model_required;clipvision_required;model_patch;batch_shape_sensitive,turn155file0 turn148file0 turn139file0 turn140file0,Mapping confirmed; exact apply-node schema needs per-class sweep before publishing workflows.
PASS_02A,13,ComfyUI_IPAdapter_plus,cubiq/ComfyUI_IPAdapter_plus,IPAdapterTiled,IPAdapter Tiled,ipadapter/tiled,schema_confirmed,active,"required model, ipadapter, image, weight, weight_type, combine_embeds, start_at/end_at, sharpening, embeds_scaling; optional image_negative, attn_mask, clip_vision","MODEL, IMAGE tiles, MASK masks",Tiled IPAdapter application; useful for wide/tall references and regional influence masks.,"IPAdapter model, CLIPVision model; FaceID nodes additionally require InsightFace; models stored under ComfyUI/models/ipadapter and clip_vision/clip as applicable.",guarded_generate_after_local_test,False,True,ipadapter_model_required;clipvision_required;model_patch;batch_shape_sensitive,turn155file0 turn148file0 turn139file0 turn140file0,Mapping confirmed; exact apply-node schema needs per-class sweep before publishing workflows.
PASS_02A,13,ComfyUI_IPAdapter_plus,cubiq/ComfyUI_IPAdapter_plus,IPAdapterTiledBatch,IPAdapter Tiled Batch,ipadapter/tiled,schema_confirmed,active,"batch tiled variant; adds encode_batch_size; required model, ipadapter, image, weight, weight_type, start/end, sharpening, embeds_scaling; optional image_negative, attn_mask, clip_vision","MODEL, IMAGE tiles, MASK masks",Batch tiled IPAdapter for video/reference batches.,"IPAdapter model, CLIPVision model; FaceID nodes additionally require InsightFace; models stored under ComfyUI/models/ipadapter and clip_vision/clip as applicable.",guarded_generate_after_local_test,False,True,ipadapter_model_required;clipvision_required;model_patch;batch_shape_sensitive,turn155file0 turn148file0 turn139file0 turn140file0,Mapping confirmed; exact apply-node schema needs per-class sweep before publishing workflows.
PASS_02A,13,ComfyUI_IPAdapter_plus,cubiq/ComfyUI_IPAdapter_plus,IPAdapterUnifiedLoader,IPAdapter Unified Loader,ipadapter,mapping_confirmed,active,model; preset; optional ipadapter pipeline,"MODEL, IPADAPTER",load IPAdapter + CLIPVision + optional InsightFace,IPAdapter models; CLIPVision; InsightFace for FaceID; optional LoRA,guarded_generate_after_schema_check,no,yes,"clipvision,model_patch,dependency_sensitive",turn135file0;turn136file0;turn139file0;turn140file0,Mapping confirmed; exact apply-node schema needs per-class sweep before publishing workflows.
PASS_02A,13,ComfyUI_IPAdapter_plus,cubiq/ComfyUI_IPAdapter_plus,IPAdapterUnifiedLoaderCommunity,IPAdapter Unified Loader Community,ipadapter/loaders,schema_confirmed,active,required model MODEL; preset Composition/Kolors; optional ipadapter IPADAPTER,"MODEL, IPADAPTER",Community preset loader for Composition/Kolors.,"IPAdapter model, CLIPVision model; FaceID nodes additionally require InsightFace; models stored under ComfyUI/models/ipadapter and clip_vision/clip as applicable.",guarded_generate_after_local_test,False,True,ipadapter_model_required;clipvision_required;model_patch;batch_shape_sensitive,turn155file0 turn148file0 turn139file0 turn140file0,Mapping confirmed; exact apply-node schema needs per-class sweep before publishing workflows.
PASS_02A,13,ComfyUI_IPAdapter_plus,cubiq/ComfyUI_IPAdapter_plus,IPAdapterUnifiedLoaderFaceID,IPAdapter Unified Loader FaceID,ipadapter/faceid,schema_confirmed,active,required model MODEL; preset FACEID/FACEID PLUS/FACEID PLUS V2/FACEID PORTRAIT/FACEID PORTRAIT UNNORM; lora_strength FLOAT default 0.6; provider CPU/CUDA/ROCM/DirectML/OpenVINO/CoreML; optional ipadapter IPADAPTER,"MODEL, IPADAPTER",Loads FaceID IPAdapter pipeline and InsightFace provider.,"IPAdapter model, CLIPVision model; FaceID nodes additionally require InsightFace; models stored under ComfyUI/models/ipadapter and clip_vision/clip as applicable.",guarded_generate_after_local_test,False,True,ipadapter_model_required;clipvision_required;model_patch;batch_shape_sensitive,turn155file0 turn148file0 turn139file0 turn140file0,Mapping confirmed; exact apply-node schema needs per-class sweep before publishing workflows.
PASS_02A,13,ComfyUI_IPAdapter_plus,cubiq/ComfyUI_IPAdapter_plus,IPAdapterWeights,IPAdapter Weights,ipadapter/helpers,schema_confirmed,active,weights string; timing; frames; frame range; method; optional image,"FLOAT,FLOAT,INT,IMAGE,IMAGE,WEIGHTS_STRATEGY",create animated/batch IPAdapter weight schedule,IPAdapter/CLIPVision embeddings,guarded_generate_after_local_test,no,yes,"clipvision,embedding_schedule,dependency_sensitive",turn135file0;turn136file0;turn139file0;turn140file0,
PASS_02A,13,ComfyUI_IPAdapter_plus,cubiq/ComfyUI_IPAdapter_plus,IPAdapterWeightsFromStrategy,IPAdapter Weights From Strategy,ipadapter/helpers,schema_confirmed,active,weights_strategy; optional image,"FLOAT,FLOAT,INT,IMAGE,IMAGE,WEIGHTS_STRATEGY",rebuild weights from strategy,IPAdapter/CLIPVision embeddings,guarded_generate_after_local_test,no,yes,"clipvision,embedding_schedule,dependency_sensitive",turn135file0;turn136file0;turn139file0;turn140file0,
PASS_02A,13,ComfyUI_IPAdapter_plus,cubiq/ComfyUI_IPAdapter_plus,PrepImageForClipVision,Prep Image For ClipVision,ipadapter/helpers,schema_confirmed,active,image; interpolation; crop_position; sharpening,IMAGE,prepare reference image for CLIPVision,IPAdapter/CLIPVision embeddings,safe_to_generate_if_ipadapter_installed,True,True,ipadapter_model_required;clipvision_required;model_patch,turn135file0;turn136file0;turn139file0;turn140file0,
PASS_02A,14,comfyui-inpaint-nodes,Acly/comfyui-inpaint-nodes,INPAINT_ApplyFooocusInpaint,Apply Fooocus Inpaint,inpaint,schema_confirmed,active,model; inpaint patch; latent with noise_mask,MODEL,apply Fooocus patch to model,Fooocus inpaint patch; compatible base model,guarded_generate_after_local_test,no,yes,"model_patch,version_sensitive",turn141file0;turn142file0,
PASS_02A,14,comfyui-inpaint-nodes,Acly/comfyui-inpaint-nodes,INPAINT_ColorMatch,Color Match (Masked),inpaint,schema_confirmed,active,target; reference; optional exclude_mask; strength,IMAGE,masked color matching after inpaint/composite,kornia,safe_to_generate_if_inpaint_pack_installed,yes,yes,"color_match,mask_postprocess",turn141file0;turn142file0,
PASS_02A,14,comfyui-inpaint-nodes,Acly/comfyui-inpaint-nodes,INPAINT_DenoiseToCompositingMask,Denoise to Compositing Mask,inpaint,schema_confirmed,active,mask; offset; threshold,MASK,convert denoise mask into compositing mask,mask math,safe_to_generate_if_inpaint_pack_installed,yes,yes,mask_postprocess,turn141file0;turn142file0,
PASS_02A,14,comfyui-inpaint-nodes,Acly/comfyui-inpaint-nodes,INPAINT_ExpandMask,Expand Mask,inpaint,schema_confirmed,active,mask; grow; blur; blur_type,MASK,grow and blur mask,mask ops,safe_to_generate_if_inpaint_pack_installed,yes,yes,mask_preprocess,turn141file0;turn142file0,
PASS_02A,14,comfyui-inpaint-nodes,Acly/comfyui-inpaint-nodes,INPAINT_InpaintWithModel,Inpaint (using Model),inpaint,schema_confirmed,active,inpaint_model; image; mask; seed; optional upscale_model,IMAGE,run model-based inpaint fill,LaMa/MAT model; optional upscale model,guarded_generate_after_local_test,no,yes,"model_file_required,batch_processing",turn141file0;turn142file0,
PASS_02A,14,comfyui-inpaint-nodes,Acly/comfyui-inpaint-nodes,INPAINT_LoadFooocusInpaint,Load Fooocus Inpaint,inpaint,schema_confirmed,active,head; patch from models/inpaint,INPAINT_PATCH,load Fooocus inpaint head/patch,inpaint model files,guarded_generate_after_local_test,no,yes,"model_file_required,model_patch",turn141file0;turn142file0,
PASS_02A,14,comfyui-inpaint-nodes,Acly/comfyui-inpaint-nodes,INPAINT_LoadInpaintModel,Load Inpaint Model,inpaint,schema_confirmed,active,model_name from models/inpaint,INPAINT_MODEL,load LaMa/MAT inpaint model,spandrel; LaMa or MAT model files,guarded_generate_after_local_test,no,yes,"model_file_required,spandrel",turn141file0;turn142file0,
PASS_02A,14,comfyui-inpaint-nodes,Acly/comfyui-inpaint-nodes,INPAINT_MaskBoundingBox,Mask Bounding Box,inpaint,schema_confirmed,active,mask,"INT x, INT y, INT width, INT height",extract mask bbox dimensions,mask nonzero operation,safe_to_generate_if_inpaint_pack_installed,yes,yes,"bbox,mask_utility",turn141file0;turn142file0,
PASS_02A,14,comfyui-inpaint-nodes,Acly/comfyui-inpaint-nodes,INPAINT_MaskedBlur,Blur Masked Area,inpaint,schema_confirmed,active,image; mask; blur; falloff,IMAGE,blur masked area,kornia/torch image ops,safe_to_generate_if_inpaint_pack_installed,yes,yes,mask_preprocess,turn141file0;turn142file0,
PASS_02A,14,comfyui-inpaint-nodes,Acly/comfyui-inpaint-nodes,INPAINT_MaskedFill,Fill Masked Area,inpaint,schema_confirmed,active,image; mask; fill neutral/telea/navier-stokes; falloff,IMAGE,pre-fill masked area,cv2 for telea/navier-stokes,safe_to_generate_if_inpaint_pack_installed,yes,yes,"cv2_optional,mask_preprocess",turn141file0;turn142file0,
PASS_02A,14,comfyui-inpaint-nodes,Acly/comfyui-inpaint-nodes,INPAINT_ShrinkMask,Shrink Mask,inpaint,schema_confirmed,active,mask; shrink; blur; blur_type,MASK,shrink and blur mask,mask ops,safe_to_generate_if_inpaint_pack_installed,yes,yes,mask_preprocess,turn141file0;turn142file0,
PASS_02A,14,comfyui-inpaint-nodes,Acly/comfyui-inpaint-nodes,INPAINT_StabilizeMask,Stabilize Mask,inpaint,schema_confirmed,active,mask; epsilon,MASK,clamp near-white mask to stable binary-ish mask,mask ops,safe_to_generate_if_inpaint_pack_installed,yes,yes,mask_cleanup,turn141file0;turn142file0,
PASS_02A,14,comfyui-inpaint-nodes,Acly/comfyui-inpaint-nodes,INPAINT_VAEEncodeInpaintConditioning,VAE Encode & Inpaint Conditioning,inpaint,schema_confirmed,active,positive; negative; vae; pixels; mask,"CONDITIONING, CONDITIONING, LATENT, LATENT",encode inpaint conditioning and latents,ComfyUI inpaint conditioning path,safe_to_generate_if_inpaint_pack_installed,yes,yes,"inpaint,latent_mask",turn141file0;turn142file0,
02B,15,ComfyUI-WanVideoWrapper,kijai/ComfyUI-WanVideoWrapper,WanVideoSampler,WanVideoSampler,WanVideoWrapper,schema_confirmed,active,"required model WANVIDEOMODEL, image_embeds WANVIDIMAGE_EMBEDS, steps, cfg, shift, seed, force_offload, scheduler, riflex_freq_index; optional text_embeds, samples, denoise_strength, feta/context/cache/slg/loop/experimental/sigmas/unianimate/fantasytalking/uni3c/multitalk/freeinit args, start/end step, add_noise_to_samples","LATENT samples, LATENT denoised_samples",Core WanVideoWrapper sampler for T2V/I2V/control/video-to-video paths.,WanVideoWrapper full stack; Wan model loader/text/image embeds; scheduler list; optional modules for context/cache/control/audio/pose.,rag_only_or_expert_local_test,False,True,video_model_required;high_vram;many_optional_modules;hardware_version_sensitive,turn143file0 turn144file0 turn152file0 turn153file0 turn154file0,Indexed for RAG and future workflow repair; not safe as beginner default until a specific Wan workflow path is audited end-to-end.
PASS_02A,15,ComfyUI-WanVideoWrapper,kijai/ComfyUI-WanVideoWrapper,MODULE:ATI,ATI,WanVideoWrapper/module,module_inventory_confirmed,required_or_optional_module,see module file,various,Wan ecosystem module inventory,Many optional modules may fail import if dependencies absent,rag_only_needs_module_sweep,no,yes,"optional_module,heavy_video,dependency_sensitive",turn143file0;turn144file0;turn145file0,
PASS_02A,15,ComfyUI-WanVideoWrapper,kijai/ComfyUI-WanVideoWrapper,MODULE:Cache,Cache,WanVideoWrapper/module,module_inventory_confirmed,required_or_optional_module,see module file,various,Wan ecosystem module inventory,Many optional modules may fail import if dependencies absent,rag_only_needs_module_sweep,no,yes,"optional_module,heavy_video,dependency_sensitive",turn143file0;turn144file0;turn145file0,
PASS_02A,15,ComfyUI-WanVideoWrapper,kijai/ComfyUI-WanVideoWrapper,MODULE:ControlNet,ControlNet,WanVideoWrapper/module,module_inventory_confirmed,required_or_optional_module,see module file,various,Wan ecosystem module inventory,Many optional modules may fail import if dependencies absent,rag_only_needs_module_sweep,no,yes,"optional_module,heavy_video,dependency_sensitive",turn143file0;turn144file0;turn145file0,
PASS_02A,15,ComfyUI-WanVideoWrapper,kijai/ComfyUI-WanVideoWrapper,MODULE:Deprecated,Deprecated,WanVideoWrapper/module,module_inventory_confirmed,required_or_optional_module,see module file,various,Wan ecosystem module inventory,Many optional modules may fail import if dependencies absent,rag_only_needs_module_sweep,no,yes,"optional_module,heavy_video,dependency_sensitive",turn143file0;turn144file0;turn145file0,
PASS_02A,15,ComfyUI-WanVideoWrapper,kijai/ComfyUI-WanVideoWrapper,MODULE:FantasyPortrait,FantasyPortrait,WanVideoWrapper/module,module_inventory_confirmed,required_or_optional_module,see module file,various,Wan ecosystem module inventory,Many optional modules may fail import if dependencies absent,rag_only_needs_module_sweep,no,yes,"optional_module,heavy_video,dependency_sensitive",turn143file0;turn144file0;turn145file0,
PASS_02A,15,ComfyUI-WanVideoWrapper,kijai/ComfyUI-WanVideoWrapper,MODULE:FantasyTalking,FantasyTalking,WanVideoWrapper/module,module_inventory_confirmed,required_or_optional_module,see module file,various,Wan ecosystem module inventory,Many optional modules may fail import if dependencies absent,rag_only_needs_module_sweep,no,yes,"optional_module,heavy_video,dependency_sensitive",turn143file0;turn144file0;turn145file0,
PASS_02A,15,ComfyUI-WanVideoWrapper,kijai/ComfyUI-WanVideoWrapper,MODULE:FlashVSR,FlashVSR,WanVideoWrapper/module,module_inventory_confirmed,required_or_optional_module,see module file,various,Wan ecosystem module inventory,Many optional modules may fail import if dependencies absent,rag_only_needs_module_sweep,no,yes,"optional_module,heavy_video,dependency_sensitive",turn143file0;turn144file0;turn145file0,
PASS_02A,15,ComfyUI-WanVideoWrapper,kijai/ComfyUI-WanVideoWrapper,MODULE:FunCamera,FunCamera,WanVideoWrapper/module,module_inventory_confirmed,required_or_optional_module,see module file,various,Wan ecosystem module inventory,Many optional modules may fail import if dependencies absent,rag_only_needs_module_sweep,no,yes,"optional_module,heavy_video,dependency_sensitive",turn143file0;turn144file0;turn145file0,
PASS_02A,15,ComfyUI-WanVideoWrapper,kijai/ComfyUI-WanVideoWrapper,MODULE:HuMo,HuMo,WanVideoWrapper/module,module_inventory_confirmed,required_or_optional_module,see module file,various,Wan ecosystem module inventory,Many optional modules may fail import if dependencies absent,rag_only_needs_module_sweep,no,yes,"optional_module,heavy_video,dependency_sensitive",turn143file0;turn144file0;turn145file0,
PASS_02A,15,ComfyUI-WanVideoWrapper,kijai/ComfyUI-WanVideoWrapper,MODULE:LongCat,LongCat,WanVideoWrapper/module,module_inventory_confirmed,required_or_optional_module,see module file,various,Wan ecosystem module inventory,Many optional modules may fail import if dependencies absent,rag_only_needs_module_sweep,no,yes,"optional_module,heavy_video,dependency_sensitive",turn143file0;turn144file0;turn145file0,
PASS_02A,15,ComfyUI-WanVideoWrapper,kijai/ComfyUI-WanVideoWrapper,MODULE:LongVie2,LongVie2,WanVideoWrapper/module,module_inventory_confirmed,required_or_optional_module,see module file,various,Wan ecosystem module inventory,Many optional modules may fail import if dependencies absent,rag_only_needs_module_sweep,no,yes,"optional_module,heavy_video,dependency_sensitive",turn143file0;turn144file0;turn145file0,
PASS_02A,15,ComfyUI-WanVideoWrapper,kijai/ComfyUI-WanVideoWrapper,MODULE:Lynx,Lynx,WanVideoWrapper/module,module_inventory_confirmed,required_or_optional_module,see module file,various,Wan ecosystem module inventory,Many optional modules may fail import if dependencies absent,rag_only_needs_module_sweep,no,yes,"optional_module,heavy_video,dependency_sensitive",turn143file0;turn144file0;turn145file0,
PASS_02A,15,ComfyUI-WanVideoWrapper,kijai/ComfyUI-WanVideoWrapper,MODULE:MTV,MTV,WanVideoWrapper/module,module_inventory_confirmed,required_or_optional_module,see module file,various,Wan ecosystem module inventory,Many optional modules may fail import if dependencies absent,rag_only_needs_module_sweep,no,yes,"optional_module,heavy_video,dependency_sensitive",turn143file0;turn144file0;turn145file0,
PASS_02A,15,ComfyUI-WanVideoWrapper,kijai/ComfyUI-WanVideoWrapper,MODULE:Main,Main,WanVideoWrapper/module,module_inventory_confirmed,required_or_optional_module,see module file,various,Wan ecosystem module inventory,Many optional modules may fail import if dependencies absent,rag_only_needs_module_sweep,no,yes,"optional_module,heavy_video,dependency_sensitive",turn143file0;turn144file0;turn145file0,
PASS_02A,15,ComfyUI-WanVideoWrapper,kijai/ComfyUI-WanVideoWrapper,MODULE:Mocha,Mocha,WanVideoWrapper/module,module_inventory_confirmed,required_or_optional_module,see module file,various,Wan ecosystem module inventory,Many optional modules may fail import if dependencies absent,rag_only_needs_module_sweep,no,yes,"optional_module,heavy_video,dependency_sensitive",turn143file0;turn144file0;turn145file0,
PASS_02A,15,ComfyUI-WanVideoWrapper,kijai/ComfyUI-WanVideoWrapper,MODULE:ModelLoading,ModelLoading,WanVideoWrapper/module,module_inventory_confirmed,required_or_optional_module,see module file,various,Wan ecosystem module inventory,Many optional modules may fail import if dependencies absent,rag_only_needs_module_sweep,no,yes,"optional_module,heavy_video,dependency_sensitive",turn143file0;turn144file0;turn145file0,
PASS_02A,15,ComfyUI-WanVideoWrapper,kijai/ComfyUI-WanVideoWrapper,MODULE:MultiTalk,MultiTalk,WanVideoWrapper/module,module_inventory_confirmed,required_or_optional_module,see module file,various,Wan ecosystem module inventory,Many optional modules may fail import if dependencies absent,rag_only_needs_module_sweep,no,yes,"optional_module,heavy_video,dependency_sensitive",turn143file0;turn144file0;turn145file0,
PASS_02A,15,ComfyUI-WanVideoWrapper,kijai/ComfyUI-WanVideoWrapper,MODULE:OneToAll,OneToAll,WanVideoWrapper/module,module_inventory_confirmed,required_or_optional_module,see module file,various,Wan ecosystem module inventory,Many optional modules may fail import if dependencies absent,rag_only_needs_module_sweep,no,yes,"optional_module,heavy_video,dependency_sensitive",turn143file0;turn144file0;turn145file0,
PASS_02A,15,ComfyUI-WanVideoWrapper,kijai/ComfyUI-WanVideoWrapper,MODULE:Ovi,Ovi,WanVideoWrapper/module,module_inventory_confirmed,required_or_optional_module,see module file,various,Wan ecosystem module inventory,Many optional modules may fail import if dependencies absent,rag_only_needs_module_sweep,no,yes,"optional_module,heavy_video,dependency_sensitive",turn143file0;turn144file0;turn145file0,
PASS_02A,15,ComfyUI-WanVideoWrapper,kijai/ComfyUI-WanVideoWrapper,MODULE:Qwen,Qwen,WanVideoWrapper/module,module_inventory_confirmed,required_or_optional_module,see module file,various,Wan ecosystem module inventory,Many optional modules may fail import if dependencies absent,rag_only_needs_module_sweep,no,yes,"optional_module,heavy_video,dependency_sensitive",turn143file0;turn144file0;turn145file0,
PASS_02A,15,ComfyUI-WanVideoWrapper,kijai/ComfyUI-WanVideoWrapper,MODULE:RecamMaster,RecamMaster,WanVideoWrapper/module,module_inventory_confirmed,required_or_optional_module,see module file,various,Wan ecosystem module inventory,Many optional modules may fail import if dependencies absent,rag_only_needs_module_sweep,no,yes,"optional_module,heavy_video,dependency_sensitive",turn143file0;turn144file0;turn145file0,
PASS_02A,15,ComfyUI-WanVideoWrapper,kijai/ComfyUI-WanVideoWrapper,MODULE:S2V,S2V,WanVideoWrapper/module,module_inventory_confirmed,required_or_optional_module,see module file,various,Wan ecosystem module inventory,Many optional modules may fail import if dependencies absent,rag_only_needs_module_sweep,no,yes,"optional_module,heavy_video,dependency_sensitive",turn143file0;turn144file0;turn145file0,
PASS_02A,15,ComfyUI-WanVideoWrapper,kijai/ComfyUI-WanVideoWrapper,MODULE:SCAIL,SCAIL,WanVideoWrapper/module,module_inventory_confirmed,required_or_optional_module,see module file,various,Wan ecosystem module inventory,Many optional modules may fail import if dependencies absent,rag_only_needs_module_sweep,no,yes,"optional_module,heavy_video,dependency_sensitive",turn143file0;turn144file0;turn145file0,
PASS_02A,15,ComfyUI-WanVideoWrapper,kijai/ComfyUI-WanVideoWrapper,MODULE:Sampler,Sampler,WanVideoWrapper/module,module_inventory_confirmed,required_or_optional_module,see module file,various,Wan ecosystem module inventory,Many optional modules may fail import if dependencies absent,rag_only_needs_module_sweep,no,yes,"optional_module,heavy_video,dependency_sensitive",turn143file0;turn144file0;turn145file0,
PASS_02A,15,ComfyUI-WanVideoWrapper,kijai/ComfyUI-WanVideoWrapper,MODULE:SkyReels,SkyReels,WanVideoWrapper/module,module_inventory_confirmed,required_or_optional_module,see module file,various,Wan ecosystem module inventory,Many optional modules may fail import if dependencies absent,rag_only_needs_module_sweep,no,yes,"optional_module,heavy_video,dependency_sensitive",turn143file0;turn144file0;turn145file0,
PASS_02A,15,ComfyUI-WanVideoWrapper,kijai/ComfyUI-WanVideoWrapper,MODULE:SteadyDancer,SteadyDancer,WanVideoWrapper/module,module_inventory_confirmed,required_or_optional_module,see module file,various,Wan ecosystem module inventory,Many optional modules may fail import if dependencies absent,rag_only_needs_module_sweep,no,yes,"optional_module,heavy_video,dependency_sensitive",turn143file0;turn144file0;turn145file0,
PASS_02A,15,ComfyUI-WanVideoWrapper,kijai/ComfyUI-WanVideoWrapper,MODULE:Uni3C,Uni3C,WanVideoWrapper/module,module_inventory_confirmed,required_or_optional_module,see module file,various,Wan ecosystem module inventory,Many optional modules may fail import if dependencies absent,rag_only_needs_module_sweep,no,yes,"optional_module,heavy_video,dependency_sensitive",turn143file0;turn144file0;turn145file0,
PASS_02A,15,ComfyUI-WanVideoWrapper,kijai/ComfyUI-WanVideoWrapper,MODULE:UniAnimate,UniAnimate,WanVideoWrapper/module,module_inventory_confirmed,required_or_optional_module,see module file,various,Wan ecosystem module inventory,Many optional modules may fail import if dependencies absent,rag_only_needs_module_sweep,no,yes,"optional_module,heavy_video,dependency_sensitive",turn143file0;turn144file0;turn145file0,
PASS_02A,15,ComfyUI-WanVideoWrapper,kijai/ComfyUI-WanVideoWrapper,MODULE:Utility,Utility,WanVideoWrapper/module,module_inventory_confirmed,required_or_optional_module,see module file,various,Wan ecosystem module inventory,Many optional modules may fail import if dependencies absent,rag_only_needs_module_sweep,no,yes,"optional_module,heavy_video,dependency_sensitive",turn143file0;turn144file0;turn145file0,
PASS_02A,15,ComfyUI-WanVideoWrapper,kijai/ComfyUI-WanVideoWrapper,MODULE:WanMove,WanMove,WanVideoWrapper/module,module_inventory_confirmed,required_or_optional_module,see module file,various,Wan ecosystem module inventory,Many optional modules may fail import if dependencies absent,rag_only_needs_module_sweep,no,yes,"optional_module,heavy_video,dependency_sensitive",turn143file0;turn144file0;turn145file0,
PASS_02A,15,ComfyUI-WanVideoWrapper,kijai/ComfyUI-WanVideoWrapper,WanVideoBlockSwap,WanVideoBlockSwap,WanVideoWrapper,schema_confirmed,active,blocks_to_swap; offload flags; optional VACE/prefetch/debug,BLOCKSWAPARGS,VRAM reduction by CPU block swapping,Wan models; diffusion_models; unet_gguf; LoRAs; optional Triton/Flash/Sage attention deps,guarded_generate_after_local_test,no,yes,"vram,offload,hardware_sensitive",turn143file0;turn144file0;turn145file0,
PASS_02A,15,ComfyUI-WanVideoWrapper,kijai/ComfyUI-WanVideoWrapper,WanVideoExtraModelSelect,WanVideoExtraModelSelect,WanVideoWrapper,schema_confirmed,active,extra_model; optional prev_model,VACEPATH,select extra state dict/model for main Wan model,Wan models; diffusion_models; unet_gguf; LoRAs; optional Triton/Flash/Sage attention deps,guarded_generate_after_local_test,no,yes,"extra_model,model_file",turn143file0;turn144file0;turn145file0,
PASS_02A,15,ComfyUI-WanVideoWrapper,kijai/ComfyUI-WanVideoWrapper,WanVideoLoraSelect,WanVideoLoraSelect,WanVideoWrapper,schema_confirmed,active,lora; strength; optional prev_lora/blocks/low_mem_load/merge_loras,WANVIDLORA,select Wan LoRA with block/filter metadata,Wan models; diffusion_models; unet_gguf; LoRAs; optional Triton/Flash/Sage attention deps,guarded_generate_after_local_test,no,yes,"lora,metadata,model_patch",turn143file0;turn144file0;turn145file0,
PASS_02A,15,ComfyUI-WanVideoWrapper,kijai/ComfyUI-WanVideoWrapper,WanVideoLoraSelectByName,WanVideoLoraSelectByName,WanVideoWrapper,schema_confirmed,active,lora_name string; strength; optional prev_lora/blocks,WANVIDLORA,find/select Wan LoRA by filename substring,Wan models; diffusion_models; unet_gguf; LoRAs; optional Triton/Flash/Sage attention deps,guarded_generate_after_local_test,no,yes,"lora,string_match",turn143file0;turn144file0;turn145file0,
PASS_02A,15,ComfyUI-WanVideoWrapper,kijai/ComfyUI-WanVideoWrapper,WanVideoLoraSelectMulti,WanVideoLoraSelectMulti,WanVideoWrapper,schema_confirmed,active,five lora slots with strengths; optional prev/blocks/low_mem/merge,WANVIDLORA,multi-LoRA selector,Wan models; diffusion_models; unet_gguf; LoRAs; optional Triton/Flash/Sage attention deps,guarded_generate_after_local_test,no,yes,"lora,multi_lora",turn143file0;turn144file0;turn145file0,
PASS_02A,15,ComfyUI-WanVideoWrapper,kijai/ComfyUI-WanVideoWrapper,WanVideoTorchCompileSettings,WanVideoTorchCompileSettings,WanVideoWrapper,schema_confirmed,active,backend; fullgraph; mode; dynamic; dynamo cache/recompile; transformer block compile flags,WANCOMPILEARGS,torch.compile settings for model loader,Wan models; diffusion_models; unet_gguf; LoRAs; optional Triton/Flash/Sage attention deps,rag_only_or_expert_local_test,no,yes,"torch_compile,triton,version_sensitive",turn143file0;turn144file0;turn145file0,
PASS_02A,15,ComfyUI-WanVideoWrapper,kijai/ComfyUI-WanVideoWrapper,WanVideoVACEModelSelect,WanVideoVACEModelSelect,WanVideoWrapper,schema_confirmed,active,vace_model from unet_gguf + diffusion_models,VACEPATH,select extra VACE model,Wan models; diffusion_models; unet_gguf; LoRAs; optional Triton/Flash/Sage attention deps,guarded_generate_after_local_test,no,yes,"vace,model_file",turn143file0;turn144file0;turn145file0,
PASS_02A,15,ComfyUI-WanVideoWrapper,kijai/ComfyUI-WanVideoWrapper,WanVideoVRAMManagement,WanVideoVRAMManagement,WanVideoWrapper,schema_confirmed,active,offload_percent,VRAM_MANAGEMENTARGS,DiffSynth-style parameter offload,Wan models; diffusion_models; unet_gguf; LoRAs; optional Triton/Flash/Sage attention deps,guarded_generate_after_local_test,no,yes,"vram,offload,slow_path",turn143file0;turn144file0;turn145file0,
PASS_02A,16,ComfyUI-Advanced-ControlNet,Kosinkadink/ComfyUI-Advanced-ControlNet,ACN_AdvancedControlNetApply,Apply Advanced ControlNet [DEPRECATED],Advanced ControlNet/deprecated,mapping_confirmed,deprecated,legacy inputs,legacy outputs,legacy/deprecated compatibility,advanced_control deprecated module,do_not_generate,no,no,"deprecated,red_node_avoidance",turn146file0;turn147file0,
PASS_02A,16,ComfyUI-Advanced-ControlNet,Kosinkadink/ComfyUI-Advanced-ControlNet,ACN_AdvancedControlNetApplySingle,Apply Advanced ControlNet(1) [DEPRECATED],Advanced ControlNet/deprecated,mapping_confirmed,deprecated,legacy inputs,legacy outputs,legacy/deprecated compatibility,advanced_control deprecated module,do_not_generate,no,no,"deprecated,red_node_avoidance",turn146file0;turn147file0,
PASS_02A,16,ComfyUI-Advanced-ControlNet,Kosinkadink/ComfyUI-Advanced-ControlNet,ACN_AdvancedControlNetApplySingle_v2,Apply Advanced ControlNet(1),Adv-ControlNet,schema_confirmed,active,"required conditioning, control_net, image, strength, start_percent, end_percent; optional mask_optional, timestep_kf, latent_kf_override, weights_override, vae_optional","CONDITIONING, MODEL model_opt",Single-conditioning advanced ControlNet apply.,Advanced-ControlNet; ControlNet models in models/controlnet; preprocessors usually provided by ControlNet Aux or native image inputs.,guarded_generate_after_local_test,False,True,controlnet_model_required;advanced_conditioning;version_sensitive,turn149file0 turn150file0 turn151file0 turn147file0,
PASS_02A,16,ComfyUI-Advanced-ControlNet,Kosinkadink/ComfyUI-Advanced-ControlNet,ACN_AdvancedControlNetApply_v2,Apply Advanced ControlNet,Adv-ControlNet,schema_confirmed,active,"required positive, negative, control_net, image, strength, start_percent, end_percent; optional mask_optional, timestep_kf, latent_kf_override, weights_override, vae_optional; hidden autosize","CONDITIONING positive, CONDITIONING negative","Apply advanced ControlNet to positive/negative conditioning with masks, weights, latent/timestep keyframes.",Advanced-ControlNet; ControlNet models in models/controlnet; preprocessors usually provided by ControlNet Aux or native image inputs.,safe_to_generate_if_advanced_controlnet_installed,True,True,controlnet_model_required;advanced_conditioning,turn149file0 turn150file0 turn151file0 turn147file0,
PASS_02A,16,ComfyUI-Advanced-ControlNet,Kosinkadink/ComfyUI-Advanced-ControlNet,ACN_ControlNet++InputNode,ControlNet++ Input,Advanced ControlNet,mapping_confirmed,active,ControlNet++ inputs,CONTROLNET_PLUSPLUS_INPUT,ControlNet++ input,advanced_control nodes; controlnet models; optional sparse/control++ deps,guarded_generate_after_schema_check,no,yes,"controlnet,keyframes,workflow_sensitive",turn146file0;turn147file0,
PASS_02A,16,ComfyUI-Advanced-ControlNet,Kosinkadink/ComfyUI-Advanced-ControlNet,ACN_ControlNet++LoaderAdvanced,Load ControlNet++ Model (Multi),Advanced ControlNet,mapping_confirmed,active,model file,CONTROL_NET,ControlNet++ advanced loader,advanced_control nodes; controlnet models; optional sparse/control++ deps,guarded_generate_after_schema_check,no,yes,"controlnet,keyframes,workflow_sensitive",turn146file0;turn147file0,
PASS_02A,16,ComfyUI-Advanced-ControlNet,Kosinkadink/ComfyUI-Advanced-ControlNet,ACN_ControlNet++LoaderSingle,Load ControlNet++ Model (Single),Advanced ControlNet,mapping_confirmed,active,model file,CONTROL_NET,ControlNet++ single loader,advanced_control nodes; controlnet models; optional sparse/control++ deps,guarded_generate_after_schema_check,no,yes,"controlnet,keyframes,workflow_sensitive",turn146file0;turn147file0,
PASS_02A,16,ComfyUI-Advanced-ControlNet,Kosinkadink/ComfyUI-Advanced-ControlNet,ACN_ControlNetLoaderAdvanced,Load Advanced ControlNet Model,Adv-ControlNet,schema_confirmed,active,required cnet from models/controlnet; optional _tk_opt TIMESTEP_KEYFRAME,CONTROL_NET,Load advanced ControlNet with optional timestep keyframes.,Advanced-ControlNet; ControlNet models in models/controlnet; preprocessors usually provided by ControlNet Aux or native image inputs.,safe_to_generate_if_advanced_controlnet_installed,True,True,controlnet_model_required;advanced_conditioning,turn149file0 turn150file0 turn151file0 turn147file0,
PASS_02A,16,ComfyUI-Advanced-ControlNet,Kosinkadink/ComfyUI-Advanced-ControlNet,ACN_CtrLoRALoader,Load CtrLoRA Model,Advanced ControlNet,mapping_confirmed,active,lora/control model,CONTROL_NET,CtrLoRA loader,advanced_control nodes; controlnet models; optional sparse/control++ deps,guarded_generate_after_schema_check,no,yes,"controlnet,keyframes,workflow_sensitive",turn146file0;turn147file0,
PASS_02A,16,ComfyUI-Advanced-ControlNet,Kosinkadink/ComfyUI-Advanced-ControlNet,ACN_CustomControlNetWeightsFlux,ControlNet Custom Weights Flux,Adv-ControlNet/weights/ControlNet,schema_confirmed,active,"required input_0..input_18; optional uncond_multiplier, cn_extras","CONTROL_NET_WEIGHTS, TIMESTEP_KEYFRAME",Custom Flux ControlNet input block weights.,Advanced-ControlNet; ControlNet models in models/controlnet; preprocessors usually provided by ControlNet Aux or native image inputs.,guarded_generate_after_local_test,False,True,controlnet_model_required;advanced_conditioning;version_sensitive,turn149file0 turn150file0 turn151file0 turn147file0,
PASS_02A,16,ComfyUI-Advanced-ControlNet,Kosinkadink/ComfyUI-Advanced-ControlNet,ACN_CustomControlNetWeightsSD15,ControlNet Custom Weights SD1.5,Adv-ControlNet/weights/ControlNet,schema_confirmed,active,"required output_0..output_11 and middle_0 custom floats; optional uncond_multiplier, cn_extras","CONTROL_NET_WEIGHTS, TIMESTEP_KEYFRAME",Custom SD1.5 block weights.,Advanced-ControlNet; ControlNet models in models/controlnet; preprocessors usually provided by ControlNet Aux or native image inputs.,guarded_generate_after_local_test,False,True,controlnet_model_required;advanced_conditioning;version_sensitive,turn149file0 turn150file0 turn151file0 turn147file0,
PASS_02A,16,ComfyUI-Advanced-ControlNet,Kosinkadink/ComfyUI-Advanced-ControlNet,ACN_CustomT2IAdapterWeights,T2IAdapter Custom Weights,Adv-ControlNet/weights/T2IAdapter,schema_confirmed,active,"required input_0..input_3; optional uncond_multiplier, cn_extras","CONTROL_NET_WEIGHTS, TIMESTEP_KEYFRAME",Custom T2IAdapter weights.,Advanced-ControlNet; ControlNet models in models/controlnet; preprocessors usually provided by ControlNet Aux or native image inputs.,guarded_generate_after_local_test,False,True,controlnet_model_required;advanced_conditioning;version_sensitive,turn149file0 turn150file0 turn151file0 turn147file0,
PASS_02A,16,ComfyUI-Advanced-ControlNet,Kosinkadink/ComfyUI-Advanced-ControlNet,ACN_DefaultUniversalWeights,Default Weights,Adv-ControlNet/weights,schema_confirmed,active,optional cn_extras; hidden autosize,"CONTROL_NET_WEIGHTS, TIMESTEP_KEYFRAME",Default universal ControlNet weights and shortcut timestep group.,Advanced-ControlNet; ControlNet models in models/controlnet; preprocessors usually provided by ControlNet Aux or native image inputs.,safe_to_generate_if_advanced_controlnet_installed,True,True,controlnet_model_required;advanced_conditioning,turn149file0 turn150file0 turn151file0 turn147file0,
PASS_02A,16,ComfyUI-Advanced-ControlNet,Kosinkadink/ComfyUI-Advanced-ControlNet,ACN_DiffControlNetLoaderAdvanced,Load Advanced ControlNet Model (diff),Adv-ControlNet,schema_confirmed,active,required model MODEL and cnet; optional _tk_opt; hidden autosize,CONTROL_NET,"Load diff-style ControlNet against model, required for some advanced/control-diff models.",Advanced-ControlNet; ControlNet models in models/controlnet; preprocessors usually provided by ControlNet Aux or native image inputs.,guarded_generate_after_local_test,False,True,controlnet_model_required;advanced_conditioning;version_sensitive,turn149file0 turn150file0 turn151file0 turn147file0,
PASS_02A,16,ComfyUI-Advanced-ControlNet,Kosinkadink/ComfyUI-Advanced-ControlNet,ACN_ExtrasMiddleMult,Middle Weight Extras,Adv-ControlNet/weights/extras,schema_confirmed,active,required middle_mult FLOAT; optional cn_extras,CN_WEIGHTS_EXTRAS,Adds middle-block multiplier extras to weight nodes.,Advanced-ControlNet; ControlNet models in models/controlnet; preprocessors usually provided by ControlNet Aux or native image inputs.,guarded_generate_after_local_test,False,True,controlnet_model_required;advanced_conditioning;version_sensitive,turn149file0 turn150file0 turn151file0 turn147file0,
PASS_02A,16,ComfyUI-Advanced-ControlNet,Kosinkadink/ComfyUI-Advanced-ControlNet,ACN_ReferenceControlNet,Reference ControlNet,Advanced ControlNet,mapping_confirmed,active,model/ref conditioning,CONTROL_NET,reference controlnet,advanced_control nodes; controlnet models; optional sparse/control++ deps,guarded_generate_after_schema_check,no,yes,"controlnet,keyframes,workflow_sensitive",turn146file0;turn147file0,
PASS_02A,16,ComfyUI-Advanced-ControlNet,Kosinkadink/ComfyUI-Advanced-ControlNet,ACN_ReferenceControlNetFinetune,Reference ControlNet (Finetune),Advanced ControlNet,mapping_confirmed,active,model/ref finetune settings,CONTROL_NET,reference finetune,advanced_control nodes; controlnet models; optional sparse/control++ deps,guarded_generate_after_schema_check,no,yes,"controlnet,keyframes,workflow_sensitive",turn146file0;turn147file0,
PASS_02A,16,ComfyUI-Advanced-ControlNet,Kosinkadink/ComfyUI-Advanced-ControlNet,ACN_ReferencePreprocessor,Reference Preprocessor,Advanced ControlNet,mapping_confirmed,active,image/ref settings,IMAGE,reference preprocess,advanced_control nodes; controlnet models; optional sparse/control++ deps,guarded_generate_after_schema_check,no,yes,"controlnet,keyframes,workflow_sensitive",turn146file0;turn147file0,
PASS_02A,16,ComfyUI-Advanced-ControlNet,Kosinkadink/ComfyUI-Advanced-ControlNet,ACN_ScaledSoftControlNetWeights,Scaled Soft Weights,Adv-ControlNet/weights,schema_confirmed,active,"required base_multiplier FLOAT default 0.825; optional uncond_multiplier, cn_extras","CONTROL_NET_WEIGHTS, TIMESTEP_KEYFRAME",Scaled universal soft weights.,Advanced-ControlNet; ControlNet models in models/controlnet; preprocessors usually provided by ControlNet Aux or native image inputs.,safe_to_generate_if_advanced_controlnet_installed,True,True,controlnet_model_required;advanced_conditioning,turn149file0 turn150file0 turn151file0 turn147file0,
PASS_02A,16,ComfyUI-Advanced-ControlNet,Kosinkadink/ComfyUI-Advanced-ControlNet,ACN_SoftControlNetWeightsSD15,ControlNet Soft Weights SD1.5,Adv-ControlNet/weights/ControlNet,schema_confirmed,active,"required output_0..output_11 and middle_0 with soft defaults; optional uncond_multiplier, cn_extras","CONTROL_NET_WEIGHTS, TIMESTEP_KEYFRAME",Soft SD1.5 block weights.,Advanced-ControlNet; ControlNet models in models/controlnet; preprocessors usually provided by ControlNet Aux or native image inputs.,guarded_generate_after_local_test,False,True,controlnet_model_required;advanced_conditioning;version_sensitive,turn149file0 turn150file0 turn151file0 turn147file0,
PASS_02A,16,ComfyUI-Advanced-ControlNet,Kosinkadink/ComfyUI-Advanced-ControlNet,ACN_SoftT2IAdapterWeights,T2IAdapter Soft Weights,Adv-ControlNet/weights/T2IAdapter,schema_confirmed,active,"required input_0..input_3 with soft defaults; optional uncond_multiplier, cn_extras","CONTROL_NET_WEIGHTS, TIMESTEP_KEYFRAME",Soft T2IAdapter weights.,Advanced-ControlNet; ControlNet models in models/controlnet; preprocessors usually provided by ControlNet Aux or native image inputs.,guarded_generate_after_local_test,False,True,controlnet_model_required;advanced_conditioning;version_sensitive,turn149file0 turn150file0 turn151file0 turn147file0,
PASS_02A,16,ComfyUI-Advanced-ControlNet,Kosinkadink/ComfyUI-Advanced-ControlNet,ACN_SparseCtrlIndexMethodNode,SparseCtrl Index Method,Advanced ControlNet,mapping_confirmed,active,index mode,SPARSE_METHOD,SparseCtrl index method,advanced_control nodes; controlnet models; optional sparse/control++ deps,guarded_generate_after_schema_check,no,yes,"controlnet,keyframes,workflow_sensitive",turn146file0;turn147file0,
PASS_02A,16,ComfyUI-Advanced-ControlNet,Kosinkadink/ComfyUI-Advanced-ControlNet,ACN_SparseCtrlLoaderAdvanced,Load SparseCtrl Model,Advanced ControlNet,mapping_confirmed,active,model file,CONTROL_NET,load SparseCtrl,advanced_control nodes; controlnet models; optional sparse/control++ deps,guarded_generate_after_schema_check,no,yes,"controlnet,keyframes,workflow_sensitive",turn146file0;turn147file0,
PASS_02A,16,ComfyUI-Advanced-ControlNet,Kosinkadink/ComfyUI-Advanced-ControlNet,ACN_SparseCtrlMergedLoaderAdvanced,Load Merged SparseCtrl Model,Advanced ControlNet,mapping_confirmed,active,model file,CONTROL_NET,load merged SparseCtrl,advanced_control nodes; controlnet models; optional sparse/control++ deps,guarded_generate_after_schema_check,no,yes,"controlnet,keyframes,workflow_sensitive",turn146file0;turn147file0,
PASS_02A,16,ComfyUI-Advanced-ControlNet,Kosinkadink/ComfyUI-Advanced-ControlNet,ACN_SparseCtrlRGBPreprocessor,RGB SparseCtrl,Advanced ControlNet,mapping_confirmed,active,image/input frames,IMAGE,SparseCtrl preprocessor,advanced_control nodes; controlnet models; optional sparse/control++ deps,guarded_generate_after_schema_check,no,yes,"controlnet,keyframes,workflow_sensitive",turn146file0;turn147file0,
PASS_02A,16,ComfyUI-Advanced-ControlNet,Kosinkadink/ComfyUI-Advanced-ControlNet,ACN_SparseCtrlSpreadMethodNode,SparseCtrl Spread Method,Advanced ControlNet,mapping_confirmed,active,spread mode,SPARSE_METHOD,SparseCtrl spread method,advanced_control nodes; controlnet models; optional sparse/control++ deps,guarded_generate_after_schema_check,no,yes,"controlnet,keyframes,workflow_sensitive",turn146file0;turn147file0,
PASS_02A,16,ComfyUI-Advanced-ControlNet,Kosinkadink/ComfyUI-Advanced-ControlNet,ACN_SparseCtrlWeightExtras,SparseCtrl Weight Extras,Advanced ControlNet,mapping_confirmed,active,extra weights,EXTRAS,SparseCtrl extras,advanced_control nodes; controlnet models; optional sparse/control++ deps,guarded_generate_after_schema_check,no,yes,"controlnet,keyframes,workflow_sensitive",turn146file0;turn147file0,
PASS_02A,16,ComfyUI-Advanced-ControlNet,Kosinkadink/ComfyUI-Advanced-ControlNet,ACN_TimestepKeyframeFromStrengthList,Timestep Keyframe From List,Adv-ControlNet/keyframes,schema_confirmed,active,"required float_strengths forceInput, start_percent, end_percent; optional prev_timestep_kf, cn_weights, latent_keyframe, null_latent_kf_strength, inherit_missing, mask_optional, print_keyframes",TIMESTEP_KEYFRAME,Build timestep keyframes from a float list.,Advanced-ControlNet; ControlNet models in models/controlnet; preprocessors usually provided by ControlNet Aux or native image inputs.,guarded_generate_after_local_test,False,True,controlnet_model_required;advanced_conditioning;version_sensitive,turn149file0 turn150file0 turn151file0 turn147file0,
PASS_02A,16,ComfyUI-Advanced-ControlNet,Kosinkadink/ComfyUI-Advanced-ControlNet,ACN_TimestepKeyframeInterpolation,Timestep Keyframe Interpolation,Adv-ControlNet/keyframes,schema_confirmed,active,"required start_percent, end_percent, strength_start, strength_end, interpolation, intervals; optional previous keyframes, weights, latent keyframes, null strength, inherit_missing, mask_optional, print_keyframes",TIMESTEP_KEYFRAME,Generate interpolated timestep keyframes.,Advanced-ControlNet; ControlNet models in models/controlnet; preprocessors usually provided by ControlNet Aux or native image inputs.,guarded_generate_after_local_test,False,True,controlnet_model_required;advanced_conditioning;version_sensitive,turn149file0 turn150file0 turn151file0 turn147file0,
PASS_02A,16,ComfyUI-Advanced-ControlNet,Kosinkadink/ComfyUI-Advanced-ControlNet,ControlNetLoaderAdvanced,Load Advanced ControlNet Model [DEPRECATED],Advanced ControlNet/deprecated,mapping_confirmed,deprecated,legacy inputs,legacy outputs,legacy/deprecated compatibility,advanced_control deprecated module,do_not_generate,no,no,"deprecated,red_node_avoidance",turn146file0;turn147file0,
PASS_02A,16,ComfyUI-Advanced-ControlNet,Kosinkadink/ComfyUI-Advanced-ControlNet,CustomControlNetWeights,ControlNet Custom Weights [DEPRECATED],Advanced ControlNet/deprecated,mapping_confirmed,deprecated,legacy inputs,legacy outputs,legacy/deprecated compatibility,advanced_control deprecated module,do_not_generate,no,no,"deprecated,red_node_avoidance",turn146file0;turn147file0,
PASS_02A,16,ComfyUI-Advanced-ControlNet,Kosinkadink/ComfyUI-Advanced-ControlNet,CustomT2IAdapterWeights,T2IAdapter Custom Weights [DEPRECATED],Advanced ControlNet/deprecated,mapping_confirmed,deprecated,legacy inputs,legacy outputs,legacy/deprecated compatibility,advanced_control deprecated module,do_not_generate,no,no,"deprecated,red_node_avoidance",turn146file0;turn147file0,
PASS_02A,16,ComfyUI-Advanced-ControlNet,Kosinkadink/ComfyUI-Advanced-ControlNet,DiffControlNetLoaderAdvanced,Load Advanced ControlNet Model diff [DEPRECATED],Advanced ControlNet/deprecated,mapping_confirmed,deprecated,legacy inputs,legacy outputs,legacy/deprecated compatibility,advanced_control deprecated module,do_not_generate,no,no,"deprecated,red_node_avoidance",turn146file0;turn147file0,
PASS_02A,16,ComfyUI-Advanced-ControlNet,Kosinkadink/ComfyUI-Advanced-ControlNet,LatentKeyframe,Latent Keyframe,Adv-ControlNet/keyframes,schema_confirmed,active,"required batch_index INT, strength FLOAT; optional prev_latent_kf",LATENT_KEYFRAME,Target a latent batch index with a ControlNet strength.,Advanced-ControlNet; ControlNet models in models/controlnet; preprocessors usually provided by ControlNet Aux or native image inputs.,guarded_generate_after_local_test,False,True,controlnet_model_required;advanced_conditioning;version_sensitive,turn149file0 turn150file0 turn151file0 turn147file0,
PASS_02A,16,ComfyUI-Advanced-ControlNet,Kosinkadink/ComfyUI-Advanced-ControlNet,LatentKeyframeBatchedGroup,Latent Keyframe From List,Adv-ControlNet/keyframes,schema_confirmed,active,"required float_strengths forceInput; optional prev_latent_kf, print_keyframes",LATENT_KEYFRAME,Convert an incoming float list into latent keyframes.,Advanced-ControlNet; ControlNet models in models/controlnet; preprocessors usually provided by ControlNet Aux or native image inputs.,guarded_generate_after_local_test,False,True,controlnet_model_required;advanced_conditioning;version_sensitive,turn149file0 turn150file0 turn151file0 turn147file0,
PASS_02A,16,ComfyUI-Advanced-ControlNet,Kosinkadink/ComfyUI-Advanced-ControlNet,LatentKeyframeGroup,Latent Keyframe Group,Adv-ControlNet/keyframes,schema_confirmed,active,"required index_strengths STRING multiline; optional prev_latent_kf, latent_optional, print_keyframes",LATENT_KEYFRAME,Build latent keyframe groups from textual index/strength ranges.,Advanced-ControlNet; ControlNet models in models/controlnet; preprocessors usually provided by ControlNet Aux or native image inputs.,guarded_generate_after_local_test,False,True,controlnet_model_required;advanced_conditioning;version_sensitive,turn149file0 turn150file0 turn151file0 turn147file0,
PASS_02A,16,ComfyUI-Advanced-ControlNet,Kosinkadink/ComfyUI-Advanced-ControlNet,LatentKeyframeTiming,Latent Keyframe Interpolation,Adv-ControlNet/keyframes,schema_confirmed,active,"required batch_index_from, batch_index_to_excl, strength_from, strength_to, interpolation; optional prev_latent_kf, print_keyframes",LATENT_KEYFRAME,Interpolate latent keyframe strengths across batch index ranges.,Advanced-ControlNet; ControlNet models in models/controlnet; preprocessors usually provided by ControlNet Aux or native image inputs.,guarded_generate_after_local_test,False,True,controlnet_model_required;advanced_conditioning;version_sensitive,turn149file0 turn150file0 turn151file0 turn147file0,
PASS_02A,16,ComfyUI-Advanced-ControlNet,Kosinkadink/ComfyUI-Advanced-ControlNet,LoadImagesFromDirectory,Load Images [DEPRECATED],Advanced ControlNet/deprecated,mapping_confirmed,deprecated,legacy inputs,legacy outputs,legacy/deprecated compatibility,advanced_control deprecated module,do_not_generate,no,no,"deprecated,red_node_avoidance",turn146file0;turn147file0,
PASS_02A,16,ComfyUI-Advanced-ControlNet,Kosinkadink/ComfyUI-Advanced-ControlNet,ScaledSoftControlNetWeights,Scaled Soft Weights [DEPRECATED],Advanced ControlNet/deprecated,mapping_confirmed,deprecated,legacy inputs,legacy outputs,legacy/deprecated compatibility,advanced_control deprecated module,do_not_generate,no,no,"deprecated,red_node_avoidance",turn146file0;turn147file0,
PASS_02A,16,ComfyUI-Advanced-ControlNet,Kosinkadink/ComfyUI-Advanced-ControlNet,ScaledSoftMaskedUniversalWeights,Scaled Soft Masked Weights,Adv-ControlNet/weights,schema_confirmed,active,"required mask, min_base_multiplier, max_base_multiplier; optional uncond_multiplier, cn_extras","CONTROL_NET_WEIGHTS, TIMESTEP_KEYFRAME",Mask-scaled universal weights.,Advanced-ControlNet; ControlNet models in models/controlnet; preprocessors usually provided by ControlNet Aux or native image inputs.,guarded_generate_after_local_test,False,True,controlnet_model_required;advanced_conditioning;version_sensitive,turn149file0 turn150file0 turn151file0 turn147file0,
PASS_02A,16,ComfyUI-Advanced-ControlNet,Kosinkadink/ComfyUI-Advanced-ControlNet,SoftControlNetWeights,ControlNet Soft Weights [DEPRECATED],Advanced ControlNet/deprecated,mapping_confirmed,deprecated,legacy inputs,legacy outputs,legacy/deprecated compatibility,advanced_control deprecated module,do_not_generate,no,no,"deprecated,red_node_avoidance",turn146file0;turn147file0,
PASS_02A,16,ComfyUI-Advanced-ControlNet,Kosinkadink/ComfyUI-Advanced-ControlNet,SoftT2IAdapterWeights,T2IAdapter Soft Weights [DEPRECATED],Advanced ControlNet/deprecated,mapping_confirmed,deprecated,legacy inputs,legacy outputs,legacy/deprecated compatibility,advanced_control deprecated module,do_not_generate,no,no,"deprecated,red_node_avoidance",turn146file0;turn147file0,
PASS_02A,16,ComfyUI-Advanced-ControlNet,Kosinkadink/ComfyUI-Advanced-ControlNet,TimestepKeyframe,Timestep Keyframe,Adv-ControlNet/keyframes,schema_confirmed,active,"required start_percent; optional prev_timestep_kf, strength, cn_weights, latent_keyframe, null_latent_kf_strength, inherit_missing, guarantee_steps, mask_optional",TIMESTEP_KEYFRAME,Create or append a timestep keyframe for ControlNet strength/weights/mask behavior.,Advanced-ControlNet; ControlNet models in models/controlnet; preprocessors usually provided by ControlNet Aux or native image inputs.,safe_to_generate_if_advanced_controlnet_installed,True,True,controlnet_model_required;advanced_conditioning,turn149file0 turn150file0 turn151file0 turn147file0,
PASS_02C,17,ComfyUI-Impact-Subpack,ltdrdata/ComfyUI-Impact-Subpack,UltralyticsDetectorProvider,UltralyticsDetectorProvider,ImpactPack,schema_confirmed,active,model_name from ultralytics bbox/ and segm/ model folders,"BBOX_DETECTOR, SEGM_DETECTOR",Provide YOLO/Ultralytics bbox and segmentation detector objects for Impact Pack detector/detailer workflows.,"models/ultralytics/bbox, models/ultralytics/segm; ultralytics dependency",safe_to_generate_when_dependency_installed,yes,no,"model_file_required,impact_dependency",turn173file0;turn174file0,"Companion pack for Impact Pack; if missing, Impact workflows using UltralyticsDetectorProvider will red-node."
PASS_02C,18,ComfyUI-Inpaint-CropAndStitch,lquesada/ComfyUI-Inpaint-CropAndStitch,InpaintCropImproved,✂️ Inpaint Crop,inpaint,schema_confirmed_caution,active,image; resize algorithms; preresize controls; mask controls; outpaint extension controls; context extend; output target width/height/padding; device_mode; optional mask/context mask,"STITCHER, IMAGE cropped_image, MASK cropped_mask","Crop a high-resolution image around the masked region before inpainting, preserving context and returning metadata for stitch-back.","scipy, torchvision, PIL; GPU mode optional",safe_to_generate_when_dependency_installed,yes,yes,"batch_shape_sensitive,gpu_mode,debug_outputs_possible",turn156file0;turn159file0;turn160file0,"Source has DEBUG_MODE set to False in the active block, but code contains a debug-mode alternate return signature; verify installed version before relying on extra debug outputs."
PASS_02C,18,ComfyUI-Inpaint-CropAndStitch,lquesada/ComfyUI-Inpaint-CropAndStitch,InpaintStitchImproved,✂️ Inpaint Stitch,inpaint,schema_confirmed,active,stitcher STITCHER; inpainted_image IMAGE,IMAGE,Stitch the inpainted crop back into the original canvas using crop metadata and blend mask.,same pack; requires STITCHER output from InpaintCropImproved,safe_to_generate_when_dependency_installed,yes,no,requires_matching_stitcher,turn156file0;turn160file0,Must receive the paired stitcher object from the same crop pass; do not hand-build the STITCHER unless repairing from exact metadata.
PASS_02C,19,ComfyUI-segment-anything-2,kijai/ComfyUI-segment-anything-2,DownloadAndLoadSAM2Model,(Down)Load SAM2Model,SAM2,schema_confirmed,active,model choice; segmentor single_image/video/automaskgenerator; device cuda/cpu/mps; precision fp16/bf16/fp32,SAM2MODEL,Download/load SAM2 or SAM2.1 safetensors from Kijai/sam2-safetensors and configure segmentor mode.,models/sam2; Hugging Face download; SAM2 configs,guarded_generate_after_local_test,no,yes,"model_download,precision_device_sensitive",turn161file0;turn162file0;turn163file0,CPU does not support fp16/bf16 path in source; video and auto-mask require correct segmentor selection.
PASS_02C,19,ComfyUI-segment-anything-2,kijai/ComfyUI-segment-anything-2,Florence2toCoordinates,Florence2 Coordinates,SAM2,schema_confirmed,active,data JSON; index string; batch boolean,"STRING center_coordinates, BBOX",Convert Florence2-style bbox JSON to point-coordinate JSON and BBOX list for SAM2 prompting.,Florence2 output JSON or compatible bbox data,safe_to_generate_when_dependency_installed,yes,no,json_schema_sensitive,turn162file0,Useful bridge from VLM/object detector to SAM2.
PASS_02C,19,ComfyUI-segment-anything-2,kijai/ComfyUI-segment-anything-2,Sam2AutoSegmentation,Sam2AutoSegmentation,SAM2,schema_confirmed,active,sam2_model; image; points_per_side; points_per_batch; pred_iou_thresh; stability thresholds; crop/nms settings; keep_model_loaded,"MASK, IMAGE segmented_image, BBOX",Automatic mask generation for objects/regions without click points.,SAM2MODEL loaded with automaskgenerator segmentor,guarded_generate_after_local_test,no,yes,"vram_sensitive,auto_mask_many_outputs",turn162file0;turn163file0,Can produce many masks; tune NMS/thresholds and avoid as beginner default unless needed.
PASS_02C,19,ComfyUI-segment-anything-2,kijai/ComfyUI-segment-anything-2,Sam2Segmentation,Sam2Segmentation,SAM2,schema_confirmed,active,"sam2_model; image; keep_model_loaded; optional positive/negative coordinates, bboxes, individual_objects, mask",MASK,"Segment images or videos using SAM2 prompts, boxes, or mask hints depending on loaded segmentor.",SAM2MODEL; optional BBOX from Florence/GroundingDINO,guarded_generate_after_local_test,no,yes,"vram_sensitive,segmentor_mode_sensitive,batch_video_sensitive",turn162file0,Video segmentor resizes input to model image size and has SAM2.1-specific bbox support.
PASS_02C,19,ComfyUI-segment-anything-2,kijai/ComfyUI-segment-anything-2,Sam2VideoSegmentation,Sam2VideoSegmentation,SAM2,schema_confirmed,active,sam2_model; inference_state; keep_model_loaded,MASK,Propagate SAM2 video segmentation state across frames and output masks.,SAM2INFERENCESTATE from AddPoints,guarded_generate_after_local_test,no,yes,"stateful_video_node,vram_sensitive",turn162file0,Use only after video model and inference state are initialized.
PASS_02C,19,ComfyUI-segment-anything-2,kijai/ComfyUI-segment-anything-2,Sam2VideoSegmentationAddPoints,Sam2VideoSegmentationAddPoints,SAM2,schema_confirmed,active,"sam2_model; coordinates_positive; frame_index; object_index; optional image, coordinates_negative, previous inference_state","SAM2MODEL, SAM2INFERENCESTATE",Initialize or update SAM2 video inference state with user/object points.,SAM2MODEL video segmentor; image frame batch,guarded_generate_after_local_test,no,yes,stateful_video_node,turn162file0,Stateful node; workflow repair must preserve inference-state chain.
PASS_02C,20,comfyui_segment_anything,storyicon/comfyui_segment_anything,GroundingDinoModelLoader (segment anything),GroundingDinoModelLoader,segment_anything,schema_confirmed,active,model_name from GroundingDINO list,GROUNDING_DINO_MODEL,Load GroundingDINO model for text-prompt boxes.,models/grounding-dino; bert-base-uncased may be local or HF,guarded_generate_after_local_test,no,yes,"groundingdino_dependency,bert_dependency",turn164file0;turn165file0,May be harder on Windows because local GroundingDINO package/deps are bundled.
PASS_02C,20,comfyui_segment_anything,storyicon/comfyui_segment_anything,GroundingDinoSAMSegment (segment anything),GroundingDinoSAMSegment,segment_anything,schema_confirmed,active,sam_model; grounding_dino_model; image; prompt; threshold,"IMAGE, MASK",Text-prompt object segmentation via GroundingDINO boxes then SAM masks.,SAM_MODEL + GROUNDING_DINO_MODEL,safe_to_generate_when_dependency_installed,yes,yes,"semantic_masking,model_dependency",turn164file0;turn165file0,Good for automatic prompt-to-mask inpaint/control; use concise object prompts.
PASS_02C,20,comfyui_segment_anything,storyicon/comfyui_segment_anything,InvertMask (segment anything),InvertMask,segment_anything,schema_confirmed,active,mask MASK,MASK,Invert binary/soft mask.,none,safe_to_generate_when_dependency_installed,yes,no,none,turn164file0;turn165file0,Simple utility; use stock/other mask invert if this pack is not already required.
PASS_02C,20,comfyui_segment_anything,storyicon/comfyui_segment_anything,IsMaskEmpty,IsMaskEmpty,segment_anything,schema_confirmed,active,mask MASK,NUMBER boolean_number,Return numeric boolean for empty mask.,none,guarded_generate_after_local_test,no,yes,logic_output_semantics,turn164file0;turn165file0,Useful as a guard in app-like workflows; exact boolean conventions should be tested locally.
PASS_02C,20,comfyui_segment_anything,storyicon/comfyui_segment_anything,SAMModelLoader (segment anything),SAMModelLoader,segment_anything,schema_confirmed,active,model_name from SAM/SAM-HQ/mobile list,SAM_MODEL,Load SAM/SAM-HQ/MobileSAM model.,models/sams; downloads from Meta/HF/GitHub URLs,guarded_generate_after_local_test,no,yes,"large_model_download,legacy_sam",turn164file0;turn165file0,"Common older workflows; prefer SAM2 for new video work, but this is still useful for GroundingDINO+SAM semantic masks."
PASS_02C,21,ComfyUI-ReActor,Gourieff/ComfyUI-ReActor,ImageRGBA2RGB,Convert RGBA to RGB 🌌 ReActor,🌌 ReActor,schema_confirmed,active,image,IMAGE,Convert RGBA image tensor to RGB.,none,safe_to_generate_when_dependency_installed,yes,no,utility_overlap,turn170file0,Prefer stock/equivalent unless already using ReActor.
PASS_02C,21,ComfyUI-ReActor,Gourieff/ComfyUI-ReActor,ReActorBuildFaceModel,Build Blended Face Model 🌌 ReActor,🌌 ReActor,schema_confirmed,active,save_mode; send_only; face_model_name; compute_method; optional images/face_models,FACE_MODEL,Build/blend a face model from images or existing face models.,"insightface analysis, models/reactor/faces",guarded_generate_after_local_test,no,yes,"writes_file_optional,identity_model",turn167file0;turn168file0,Can save model depending on save_mode; treat as advanced prep workflow.
PASS_02C,21,ComfyUI-ReActor,Gourieff/ComfyUI-ReActor,ReActorFaceBoost,ReActor 🌌 Face Booster,🌌 ReActor,schema_confirmed,active,enabled; boost_model; interpolation; visibility; codeformer_weight; restore_with_main_after,FACE_BOOST,Configure secondary face boost/restore pass.,facerestore_models,guarded_generate_after_local_test,no,yes,face_restore_model_required,turn170file0,Only useful when face restore models are installed.
PASS_02C,21,ComfyUI-ReActor,Gourieff/ComfyUI-ReActor,ReActorFaceSimilarity,Face Similarity 🌌 ReActor,🌌 ReActor,schema_confirmed,active,image1; image2,"FLOAT similarity, STRING text",Compute face embedding similarity between two images.,insightface/analyze_faces,safe_to_generate_when_dependency_installed,yes,yes,qa_identity_metric,turn170file0,Useful for AIWF identity QA/VQA pipelines.
PASS_02C,21,ComfyUI-ReActor,Gourieff/ComfyUI-ReActor,ReActorFaceSwap,ReActor 🌌 Fast Face Swap,🌌 ReActor,schema_confirmed,active,enabled; input_image; swap_model; facedetection; face_restore_model; face_restore_visibility; codeformer_weight; gender filters; face indexes; console_log_level; optional source_image/face_model/face_boost,"IMAGE swapped, FACE_MODEL, IMAGE original",Face swap plus optional face restore.,models/reactor; insightface/onnxruntime; facerestore_models; optional nsfw detector,guarded_generate_after_local_test,no,yes,"identity_sensitive,external_models,onnxruntime,face_restore",turn166file0;turn167file0;turn170file0,For legitimate identity workflows only; source requires source_image or face_model.
PASS_02C,21,ComfyUI-ReActor,Gourieff/ComfyUI-ReActor,ReActorFaceSwapOpt,ReActor 🌌 Fast Face Swap [OPTIONS],🌌 ReActor,schema_confirmed,active,enabled; input_image; swap_model; facedetection; face_restore controls; optional source_image/face_model/options/face_boost,"IMAGE swapped, FACE_MODEL, IMAGE original",Face swap variant with bundled options input.,same as ReActorFaceSwap,guarded_generate_after_local_test,no,yes,"identity_sensitive,options_object",turn167file0;turn170file0,Prefer this for cleaner app-like graphs using ReActorOptions.
PASS_02C,21,ComfyUI-ReActor,Gourieff/ComfyUI-ReActor,ReActorImageDublicator,Image Dublicator (List) 🌌 ReActor,🌌 ReActor,schema_confirmed,active,image; count,IMAGE list,Duplicate image into a list.,none,do_not_generate_utility_typo_unless_needed,no,no,"typo_id,utility_overlap",turn170file0,Class/id keeps typo Dublicator; prefer core batch/repeat utilities unless repairing a ReActor workflow.
PASS_02C,21,ComfyUI-ReActor,Gourieff/ComfyUI-ReActor,ReActorLoadFaceModel,Load Face Model 🌌 ReActor,🌌 ReActor,schema_confirmed,active,face_model from saved face models,"FACE_MODEL, STRING",Load saved ReActor face model.,models/reactor/faces/*.safetensors,safe_to_generate_when_dependency_installed,yes,no,model_file_required,turn167file0,Good for reusable identity workflows when user has created a model.
PASS_02C,21,ComfyUI-ReActor,Gourieff/ComfyUI-ReActor,ReActorMakeFaceModelBatch,Make Face Model Batch 🌌 ReActor,🌌 ReActor,schema_confirmed,active,face_model1 required; optional face_model2..face_model10,FACE_MODEL list,Batch several face models.,FACE_MODEL inputs,safe_to_generate_when_dependency_installed,yes,no,list_output,turn170file0,For advanced multi-face/blended workflows.
PASS_02C,21,ComfyUI-ReActor,Gourieff/ComfyUI-ReActor,ReActorMaskHelper,ReActor 🌌 Masking Helper,🌌 ReActor,schema_confirmed,active,image; swapped_image; bbox model; bbox/SAM/morphology/blur settings; optional mask,"IMAGE, MASK, IMAGE mask_preview, IMAGE swapped_face",Build face mask/composite preview around swapped region using Ultralytics/SAM.,"models/ultralytics, models/sams; segment_anything dependency",guarded_generate_after_local_test,no,yes,"ultralytics,sam,mask_composite",turn168file0,Complex helper; better for advanced workflows than beginner defaults.
PASS_02C,21,ComfyUI-ReActor,Gourieff/ComfyUI-ReActor,ReActorOptions,ReActor 🌌 Options,🌌 ReActor,schema_confirmed,active,"input/source face order, indexes, gender filters, console_log_level, restore_swapped_only",OPTIONS,Reusable ReActor option bundle.,none,safe_to_generate_when_dependency_installed,yes,no,none,turn170file0,Use with ReActorFaceSwapOpt.
PASS_02C,21,ComfyUI-ReActor,Gourieff/ComfyUI-ReActor,ReActorRestoreFace,Restore Face 🌌 ReActor,🌌 ReActor,schema_confirmed,active,image; facedetection; model; visibility; codeformer_weight,IMAGE,Standalone face restoration using GFPGAN/CodeFormer/GPEN style models.,facerestore_models,safe_to_generate_when_dependency_installed,yes,yes,face_restore_model_required,turn168file0,Useful outside face swap for old photo/portrait restore.
PASS_02C,21,ComfyUI-ReActor,Gourieff/ComfyUI-ReActor,ReActorRestoreFaceAdvanced,Restore Face Advanced 🌌 ReActor,🌌 ReActor,schema_confirmed,active,image; facedetection; model; visibility; codeformer_weight; face_selection; optional sort/filter/take settings,IMAGE,Face restoration with selection/filtering controls.,facerestore_models,guarded_generate_after_local_test,no,yes,"face_filtering,face_restore_model_required",turn168file0,Use when multiple faces need controlled restoration order/selection.
PASS_02C,21,ComfyUI-ReActor,Gourieff/ComfyUI-ReActor,ReActorSaveFaceModel,Save Face Model 🌌 ReActor,🌌 ReActor,schema_confirmed,active,save_mode; face_model_name; select_face_index; optional image/face_model,none output node,Save extracted face model to models/reactor/faces.,models/reactor/faces,guarded_generate_after_local_test,no,yes,"writes_file,identity_model",turn168file0;turn170file0,Output node; do not insert unless workflow explicitly builds/saves a face model.
PASS_02C,21,ComfyUI-ReActor,Gourieff/ComfyUI-ReActor,ReActorSetWeight,ReActor 🌌 Set Face Swap Weight,🌌 ReActor,schema_confirmed,active,input_image; faceswap_weight; optional source_image/face_model,"IMAGE, FACE_MODEL",Blend face model/source influence by repeated embeddings/images.,FACE_MODEL or source image,guarded_generate_after_local_test,no,yes,identity_embedding_blend,turn167file0,Use only after understanding face-model blending behavior.
PASS_02C,21,ComfyUI-ReActor,Gourieff/ComfyUI-ReActor,ReActorUnload,Unload ReActor Models 🌌 ReActor,🌌 ReActor,schema_confirmed,active,trigger IMAGE,IMAGE,Unload all ReActor models and pass trigger image through.,ReActor loaded models,guarded_generate_after_local_test,no,yes,"memory_cleanup,side_effect_node",turn170file0,Side-effect cleanup node; use only in long app/batch workflows.
PASS_02C,22,ComfyUI-LTXVideo,Lightricks/ComfyUI-LTXVideo,DynamicConditioning,DynamicConditioning,LTXVideo,mapping_confirmed,active,mapping confirmed from static NODE_CLASS_MAPPINGS; schema not fully audited this pass,unknown until source module sweep,LTXVideo support node; exact schema needs module-specific pass.,LTXVideo model ecosystem; varies by node,rag_only_do_not_generate_until_schema_confirmed,no,yes,"mapping_only,ltx,needs_schema_sweep",turn171file0,Do not use for JSON generation until the module file for this node has been audited.
PASS_02C,22,ComfyUI-LTXVideo,Lightricks/ComfyUI-LTXVideo,GemmaAPITextEncode,GemmaAPITextEncode,LTXVideo,mapping_confirmed,active,mapping confirmed from static NODE_CLASS_MAPPINGS; schema not fully audited this pass,unknown until source module sweep,LTXVideo support node; exact schema needs module-specific pass.,LTXVideo model ecosystem; varies by node,rag_only_do_not_generate_until_schema_confirmed,no,yes,"mapping_only,ltx,needs_schema_sweep",turn171file0,Do not use for JSON generation until the module file for this node has been audited.
PASS_02C,22,ComfyUI-LTXVideo,Lightricks/ComfyUI-LTXVideo,GuiderParameters,GuiderParameters,LTXVideo,mapping_confirmed,active,mapping confirmed from static NODE_CLASS_MAPPINGS; schema not fully audited this pass,unknown until source module sweep,LTXVideo support node; exact schema needs module-specific pass.,LTXVideo model ecosystem; varies by node,rag_only_do_not_generate_until_schema_confirmed,no,yes,"mapping_only,ltx,needs_schema_sweep",turn171file0,Do not use for JSON generation until the module file for this node has been audited.
PASS_02C,22,ComfyUI-LTXVideo,Lightricks/ComfyUI-LTXVideo,ImageToCPU,ImageToCPU,LTXVideo,mapping_confirmed,active,mapping confirmed from static NODE_CLASS_MAPPINGS; schema not fully audited this pass,unknown until source module sweep,LTXVideo support node; exact schema needs module-specific pass.,LTXVideo model ecosystem; varies by node,rag_only_do_not_generate_until_schema_confirmed,no,yes,"mapping_only,ltx,needs_schema_sweep",turn171file0,Do not use for JSON generation until the module file for this node has been audited.
PASS_02C,22,ComfyUI-LTXVideo,Lightricks/ComfyUI-LTXVideo,LTXAddVideoICLoRAGuide,LTXAddVideoICLoRAGuide,LTXVideo,mapping_confirmed,active,mapping confirmed from static NODE_CLASS_MAPPINGS; schema not fully audited this pass,unknown until source module sweep,LTXVideo support node; exact schema needs module-specific pass.,LTXVideo model ecosystem; varies by node,rag_only_do_not_generate_until_schema_confirmed,no,yes,"mapping_only,ltx,needs_schema_sweep",turn171file0,Do not use for JSON generation until the module file for this node has been audited.
PASS_02C,22,ComfyUI-LTXVideo,Lightricks/ComfyUI-LTXVideo,LTXAddVideoICLoRAGuideAdvanced,LTXAddVideoICLoRAGuideAdvanced,LTXVideo,mapping_confirmed,active,mapping confirmed from static NODE_CLASS_MAPPINGS; schema not fully audited this pass,unknown until source module sweep,LTXVideo support node; exact schema needs module-specific pass.,LTXVideo model ecosystem; varies by node,rag_only_do_not_generate_until_schema_confirmed,no,yes,"mapping_only,ltx,needs_schema_sweep",turn171file0,Do not use for JSON generation until the module file for this node has been audited.
PASS_02C,22,ComfyUI-LTXVideo,Lightricks/ComfyUI-LTXVideo,LTXFloatToInt,LTXFloatToInt,LTXVideo,mapping_confirmed,active,mapping confirmed from static NODE_CLASS_MAPPINGS; schema not fully audited this pass,unknown until source module sweep,LTXVideo support node; exact schema needs module-specific pass.,LTXVideo model ecosystem; varies by node,rag_only_do_not_generate_until_schema_confirmed,no,yes,"mapping_only,ltx,needs_schema_sweep",turn171file0,Do not use for JSON generation until the module file for this node has been audited.
PASS_02C,22,ComfyUI-LTXVideo,Lightricks/ComfyUI-LTXVideo,LTXICLoRALoaderModelOnly,LTXICLoRALoaderModelOnly,LTXVideo,mapping_confirmed,active,mapping confirmed from static NODE_CLASS_MAPPINGS; schema not fully audited this pass,unknown until source module sweep,LTXVideo support node; exact schema needs module-specific pass.,LTXVideo model ecosystem; varies by node,rag_only_do_not_generate_until_schema_confirmed,no,yes,"mapping_only,ltx,needs_schema_sweep",turn171file0,Do not use for JSON generation until the module file for this node has been audited.
PASS_02C,22,ComfyUI-LTXVideo,Lightricks/ComfyUI-LTXVideo,LTXQ8Patch,LTXQ8Patch,LTXVideo,mapping_confirmed,active,mapping confirmed from static NODE_CLASS_MAPPINGS; schema not fully audited this pass,unknown until source module sweep,LTXVideo support node; exact schema needs module-specific pass.,LTXVideo model ecosystem; varies by node,rag_only_do_not_generate_until_schema_confirmed,no,yes,"mapping_only,ltx,needs_schema_sweep",turn171file0,Do not use for JSON generation until the module file for this node has been audited.
PASS_02C,22,ComfyUI-LTXVideo,Lightricks/ComfyUI-LTXVideo,LTXVAdainLatent,LTXVAdainLatent,LTXVideo,mapping_confirmed,active,mapping confirmed from static NODE_CLASS_MAPPINGS; schema not fully audited this pass,unknown until source module sweep,LTXVideo support node; exact schema needs module-specific pass.,LTXVideo model ecosystem; varies by node,rag_only_do_not_generate_until_schema_confirmed,no,yes,"mapping_only,ltx,needs_schema_sweep",turn171file0,Do not use for JSON generation until the module file for this node has been audited.
PASS_02C,22,ComfyUI-LTXVideo,Lightricks/ComfyUI-LTXVideo,LTXVAddGuideAdvanced,LTXVAddGuideAdvanced,LTXVideo,mapping_confirmed,active,mapping confirmed from static NODE_CLASS_MAPPINGS; schema not fully audited this pass,unknown until source module sweep,LTXVideo support node; exact schema needs module-specific pass.,LTXVideo model ecosystem; varies by node,rag_only_do_not_generate_until_schema_confirmed,no,yes,"mapping_only,ltx,needs_schema_sweep",turn171file0,Do not use for JSON generation until the module file for this node has been audited.
PASS_02C,22,ComfyUI-LTXVideo,Lightricks/ComfyUI-LTXVideo,LTXVAddGuideAdvancedAttention,LTXVAddGuideAdvancedAttention,LTXVideo,mapping_confirmed,active,mapping confirmed from static NODE_CLASS_MAPPINGS; schema not fully audited this pass,unknown until source module sweep,LTXVideo support node; exact schema needs module-specific pass.,LTXVideo model ecosystem; varies by node,rag_only_do_not_generate_until_schema_confirmed,no,yes,"mapping_only,ltx,needs_schema_sweep",turn171file0,Do not use for JSON generation until the module file for this node has been audited.
PASS_02C,22,ComfyUI-LTXVideo,Lightricks/ComfyUI-LTXVideo,LTXVAddLatentGuide,LTXVAddLatentGuide,LTXVideo,mapping_confirmed,active,mapping confirmed from static NODE_CLASS_MAPPINGS; schema not fully audited this pass,unknown until source module sweep,LTXVideo support node; exact schema needs module-specific pass.,LTXVideo model ecosystem; varies by node,rag_only_do_not_generate_until_schema_confirmed,no,yes,"mapping_only,ltx,needs_schema_sweep",turn171file0,Do not use for JSON generation until the module file for this node has been audited.
PASS_02C,22,ComfyUI-LTXVideo,Lightricks/ComfyUI-LTXVideo,LTXVApplySTG,LTXVApplySTG,LTXVideo,mapping_confirmed,active,mapping confirmed from static NODE_CLASS_MAPPINGS; schema not fully audited this pass,unknown until source module sweep,LTXVideo support node; exact schema needs module-specific pass.,LTXVideo model ecosystem; varies by node,rag_only_do_not_generate_until_schema_confirmed,no,yes,"mapping_only,ltx,needs_schema_sweep",turn171file0,Do not use for JSON generation until the module file for this node has been audited.
PASS_02C,22,ComfyUI-LTXVideo,Lightricks/ComfyUI-LTXVideo,LTXVBaseSampler,LTXV Base Sampler,sampling,schema_confirmed,active,model; vae; width; height; num_frames; guider; sampler; sigmas; noise; optional conditioning images/indices/strength/crop/crf/blur,"LATENT denoised, CONDITIONING positive, CONDITIONING negative",Easy base sampler for LTXV with optional keyframe conditioning.,"Comfy core LTXV nodes, LTX model/vae, sampler/sigmas/noise/guider stack",guarded_generate_after_local_test,no,yes,"video_sampler,ltx,depends_on_core_guider_stack",turn171file0;turn172file0,Strong workflow target after LTX install; still needs exact upstream core LTX loader/guider wiring.
PASS_02C,22,ComfyUI-LTXVideo,Lightricks/ComfyUI-LTXVideo,LTXVDilateVideoMask,LTXVDilateVideoMask,LTXVideo,mapping_confirmed,active,mapping confirmed from static NODE_CLASS_MAPPINGS; schema not fully audited this pass,unknown until source module sweep,LTXVideo support node; exact schema needs module-specific pass.,LTXVideo model ecosystem; varies by node,rag_only_do_not_generate_until_schema_confirmed,no,yes,"mapping_only,ltx,needs_schema_sweep",turn171file0,Do not use for JSON generation until the module file for this node has been audited.
PASS_02C,22,ComfyUI-LTXVideo,Lightricks/ComfyUI-LTXVideo,LTXVDrawTracks,LTXVDrawTracks,LTXVideo,mapping_confirmed,active,mapping confirmed from static NODE_CLASS_MAPPINGS; schema not fully audited this pass,unknown until source module sweep,LTXVideo support node; exact schema needs module-specific pass.,LTXVideo model ecosystem; varies by node,rag_only_do_not_generate_until_schema_confirmed,no,yes,"mapping_only,ltx,needs_schema_sweep",turn171file0,Do not use for JSON generation until the module file for this node has been audited.
PASS_02C,22,ComfyUI-LTXVideo,Lightricks/ComfyUI-LTXVideo,LTXVExtendSampler,LTXV Extend Sampler,sampling,schema_confirmed,active,model; vae; latents; num_new_frames; frame_overlap; guider; sampler; sigmas; noise; strength; optional guiding_latents/cond_images/indices,"LATENT denoised_video, CONDITIONING positive, CONDITIONING negative",Extend an existing LTXV latent video with overlap conditioning.,LTX model/vae; latent video; sampler stack,guarded_generate_after_local_test,no,yes,"video_extension,overlap_sensitive",turn171file0;turn172file0,Frame overlap must align with LTX temporal scale; good for chunk extension workflows.
PASS_02C,22,ComfyUI-LTXVideo,Lightricks/ComfyUI-LTXVideo,LTXVGemmaCLIPModelLoader,LTXVGemmaCLIPModelLoader,LTXVideo,mapping_confirmed,active,mapping confirmed from static NODE_CLASS_MAPPINGS; schema not fully audited this pass,unknown until source module sweep,LTXVideo support node; exact schema needs module-specific pass.,LTXVideo model ecosystem; varies by node,rag_only_do_not_generate_until_schema_confirmed,no,yes,"mapping_only,ltx,needs_schema_sweep",turn171file0,Do not use for JSON generation until the module file for this node has been audited.
PASS_02C,22,ComfyUI-LTXVideo,Lightricks/ComfyUI-LTXVideo,LTXVGemmaEnhancePrompt,LTXVGemmaEnhancePrompt,LTXVideo,mapping_confirmed,active,mapping confirmed from static NODE_CLASS_MAPPINGS; schema not fully audited this pass,unknown until source module sweep,LTXVideo support node; exact schema needs module-specific pass.,LTXVideo model ecosystem; varies by node,rag_only_do_not_generate_until_schema_confirmed,no,yes,"mapping_only,ltx,needs_schema_sweep",turn171file0,Do not use for JSON generation until the module file for this node has been audited.
PASS_02C,22,ComfyUI-LTXVideo,Lightricks/ComfyUI-LTXVideo,LTXVHDRDecodePostprocess,LTXVHDRDecodePostprocess,LTXVideo,mapping_confirmed,active,mapping confirmed from static NODE_CLASS_MAPPINGS; schema not fully audited this pass,unknown until source module sweep,LTXVideo support node; exact schema needs module-specific pass.,LTXVideo model ecosystem; varies by node,rag_only_do_not_generate_until_schema_confirmed,no,yes,"mapping_only,ltx,needs_schema_sweep",turn171file0,Do not use for JSON generation until the module file for this node has been audited.
PASS_02C,22,ComfyUI-LTXVideo,Lightricks/ComfyUI-LTXVideo,LTXVImgToVideoConditionOnly,LTXVImgToVideoConditionOnly,LTXVideo,mapping_confirmed,active,mapping confirmed from static NODE_CLASS_MAPPINGS; schema not fully audited this pass,unknown until source module sweep,LTXVideo support node; exact schema needs module-specific pass.,LTXVideo model ecosystem; varies by node,rag_only_do_not_generate_until_schema_confirmed,no,yes,"mapping_only,ltx,needs_schema_sweep",turn171file0,Do not use for JSON generation until the module file for this node has been audited.
PASS_02C,22,ComfyUI-LTXVideo,Lightricks/ComfyUI-LTXVideo,LTXVInContextSampler,LTXV In Context Sampler,sampling,schema_confirmed,active,vae; guider; sampler; sigmas; noise; guiding_latents; optional cond_images; num_frames,"LATENT denoised_video, CONDITIONING positive, CONDITIONING negative",In-context LTXV sampler guided by provided latents and optional images.,LTX VAE; guiding latents; sampler stack,guarded_generate_after_local_test,no,yes,"video_sampler,in_context,ltx",turn171file0;turn172file0,Advanced in-context/chaining pattern; not beginner default.
PASS_02C,22,ComfyUI-LTXVideo,Lightricks/ComfyUI-LTXVideo,LTXVInpaintPreprocess,LTXVInpaintPreprocess,LTXVideo,mapping_confirmed,active,mapping confirmed from static NODE_CLASS_MAPPINGS; schema not fully audited this pass,unknown until source module sweep,LTXVideo support node; exact schema needs module-specific pass.,LTXVideo model ecosystem; varies by node,rag_only_do_not_generate_until_schema_confirmed,no,yes,"mapping_only,ltx,needs_schema_sweep",turn171file0,Do not use for JSON generation until the module file for this node has been audited.
PASS_02C,22,ComfyUI-LTXVideo,Lightricks/ComfyUI-LTXVideo,LTXVLaplacianPyramidBlend,LTXVLaplacianPyramidBlend,LTXVideo,mapping_confirmed,active,mapping confirmed from static NODE_CLASS_MAPPINGS; schema not fully audited this pass,unknown until source module sweep,LTXVideo support node; exact schema needs module-specific pass.,LTXVideo model ecosystem; varies by node,rag_only_do_not_generate_until_schema_confirmed,no,yes,"mapping_only,ltx,needs_schema_sweep",turn171file0,Do not use for JSON generation until the module file for this node has been audited.
PASS_02C,22,ComfyUI-LTXVideo,Lightricks/ComfyUI-LTXVideo,LTXVLinearOverlapLatentTransition,LTXVLinearOverlapLatentTransition,LTXVideo,mapping_confirmed,active,mapping confirmed from static NODE_CLASS_MAPPINGS; schema not fully audited this pass,unknown until source module sweep,LTXVideo support node; exact schema needs module-specific pass.,LTXVideo model ecosystem; varies by node,rag_only_do_not_generate_until_schema_confirmed,no,yes,"mapping_only,ltx,needs_schema_sweep",turn171file0,Do not use for JSON generation until the module file for this node has been audited.
PASS_02C,22,ComfyUI-LTXVideo,Lightricks/ComfyUI-LTXVideo,LTXVLoadConditioning,LTXVLoadConditioning,LTXVideo,mapping_confirmed,active,mapping confirmed from static NODE_CLASS_MAPPINGS; schema not fully audited this pass,unknown until source module sweep,LTXVideo support node; exact schema needs module-specific pass.,LTXVideo model ecosystem; varies by node,rag_only_do_not_generate_until_schema_confirmed,no,yes,"mapping_only,ltx,needs_schema_sweep",turn171file0,Do not use for JSON generation until the module file for this node has been audited.
PASS_02C,22,ComfyUI-LTXVideo,Lightricks/ComfyUI-LTXVideo,LTXVLoopingSampler,LTXVLoopingSampler,LTXVideo,mapping_confirmed,active,mapping confirmed from static NODE_CLASS_MAPPINGS; schema not fully audited this pass,unknown until source module sweep,LTXVideo support node; exact schema needs module-specific pass.,LTXVideo model ecosystem; varies by node,rag_only_do_not_generate_until_schema_confirmed,no,yes,"mapping_only,ltx,needs_schema_sweep",turn171file0,Do not use for JSON generation until the module file for this node has been audited.
PASS_02C,22,ComfyUI-LTXVideo,Lightricks/ComfyUI-LTXVideo,LTXVMultiPromptProvider,LTXVMultiPromptProvider,LTXVideo,mapping_confirmed,active,mapping confirmed from static NODE_CLASS_MAPPINGS; schema not fully audited this pass,unknown until source module sweep,LTXVideo support node; exact schema needs module-specific pass.,LTXVideo model ecosystem; varies by node,rag_only_do_not_generate_until_schema_confirmed,no,yes,"mapping_only,ltx,needs_schema_sweep",turn171file0,Do not use for JSON generation until the module file for this node has been audited.
PASS_02C,22,ComfyUI-LTXVideo,Lightricks/ComfyUI-LTXVideo,LTXVNormalizingSampler,LTXVNormalizingSampler,LTXVideo,mapping_confirmed,active,mapping confirmed from static NODE_CLASS_MAPPINGS; schema not fully audited this pass,unknown until source module sweep,LTXVideo support node; exact schema needs module-specific pass.,LTXVideo model ecosystem; varies by node,rag_only_do_not_generate_until_schema_confirmed,no,yes,"mapping_only,ltx,needs_schema_sweep",turn171file0,Do not use for JSON generation until the module file for this node has been audited.
PASS_02C,22,ComfyUI-LTXVideo,Lightricks/ComfyUI-LTXVideo,LTXVPatcherVAE,LTXVPatcherVAE,LTXVideo,mapping_confirmed,active,mapping confirmed from static NODE_CLASS_MAPPINGS; schema not fully audited this pass,unknown until source module sweep,LTXVideo support node; exact schema needs module-specific pass.,LTXVideo model ecosystem; varies by node,rag_only_do_not_generate_until_schema_confirmed,no,yes,"mapping_only,ltx,needs_schema_sweep",turn171file0,Do not use for JSON generation until the module file for this node has been audited.
PASS_02C,22,ComfyUI-LTXVideo,Lightricks/ComfyUI-LTXVideo,LTXVPerStepAdainPatcher,LTXVPerStepAdainPatcher,LTXVideo,mapping_confirmed,active,mapping confirmed from static NODE_CLASS_MAPPINGS; schema not fully audited this pass,unknown until source module sweep,LTXVideo support node; exact schema needs module-specific pass.,LTXVideo model ecosystem; varies by node,rag_only_do_not_generate_until_schema_confirmed,no,yes,"mapping_only,ltx,needs_schema_sweep",turn171file0,Do not use for JSON generation until the module file for this node has been audited.
PASS_02C,22,ComfyUI-LTXVideo,Lightricks/ComfyUI-LTXVideo,LTXVPerStepStatNormPatcher,LTXVPerStepStatNormPatcher,LTXVideo,mapping_confirmed,active,mapping confirmed from static NODE_CLASS_MAPPINGS; schema not fully audited this pass,unknown until source module sweep,LTXVideo support node; exact schema needs module-specific pass.,LTXVideo model ecosystem; varies by node,rag_only_do_not_generate_until_schema_confirmed,no,yes,"mapping_only,ltx,needs_schema_sweep",turn171file0,Do not use for JSON generation until the module file for this node has been audited.
PASS_02C,22,ComfyUI-LTXVideo,Lightricks/ComfyUI-LTXVideo,LTXVPreprocessMasks,LTXVPreprocessMasks,LTXVideo,mapping_confirmed,active,mapping confirmed from static NODE_CLASS_MAPPINGS; schema not fully audited this pass,unknown until source module sweep,LTXVideo support node; exact schema needs module-specific pass.,LTXVideo model ecosystem; varies by node,rag_only_do_not_generate_until_schema_confirmed,no,yes,"mapping_only,ltx,needs_schema_sweep",turn171file0,Do not use for JSON generation until the module file for this node has been audited.
PASS_02C,22,ComfyUI-LTXVideo,Lightricks/ComfyUI-LTXVideo,LTXVPromptEnhancer,LTXVPromptEnhancer,LTXVideo,mapping_confirmed,active,mapping confirmed from static NODE_CLASS_MAPPINGS; schema not fully audited this pass,unknown until source module sweep,LTXVideo support node; exact schema needs module-specific pass.,LTXVideo model ecosystem; varies by node,rag_only_do_not_generate_until_schema_confirmed,no,yes,"mapping_only,ltx,needs_schema_sweep",turn171file0,Do not use for JSON generation until the module file for this node has been audited.
PASS_02C,22,ComfyUI-LTXVideo,Lightricks/ComfyUI-LTXVideo,LTXVPromptEnhancerLoader,LTXVPromptEnhancerLoader,LTXVideo,mapping_confirmed,active,mapping confirmed from static NODE_CLASS_MAPPINGS; schema not fully audited this pass,unknown until source module sweep,LTXVideo support node; exact schema needs module-specific pass.,LTXVideo model ecosystem; varies by node,rag_only_do_not_generate_until_schema_confirmed,no,yes,"mapping_only,ltx,needs_schema_sweep",turn171file0,Do not use for JSON generation until the module file for this node has been audited.
PASS_02C,22,ComfyUI-LTXVideo,Lightricks/ComfyUI-LTXVideo,LTXVQ8LoraModelLoader,LTXVQ8LoraModelLoader,LTXVideo,mapping_confirmed,active,mapping confirmed from static NODE_CLASS_MAPPINGS; schema not fully audited this pass,unknown until source module sweep,LTXVideo support node; exact schema needs module-specific pass.,LTXVideo model ecosystem; varies by node,rag_only_do_not_generate_until_schema_confirmed,no,yes,"mapping_only,ltx,needs_schema_sweep",turn171file0,Do not use for JSON generation until the module file for this node has been audited.
PASS_02C,22,ComfyUI-LTXVideo,Lightricks/ComfyUI-LTXVideo,LTXVSaveConditioning,LTXVSaveConditioning,LTXVideo,mapping_confirmed,active,mapping confirmed from static NODE_CLASS_MAPPINGS; schema not fully audited this pass,unknown until source module sweep,LTXVideo support node; exact schema needs module-specific pass.,LTXVideo model ecosystem; varies by node,rag_only_do_not_generate_until_schema_confirmed,no,yes,"mapping_only,ltx,needs_schema_sweep",turn171file0,Do not use for JSON generation until the module file for this node has been audited.
PASS_02C,22,ComfyUI-LTXVideo,Lightricks/ComfyUI-LTXVideo,LTXVSelectLatents,LTXVSelectLatents,LTXVideo,mapping_confirmed,active,mapping confirmed from static NODE_CLASS_MAPPINGS; schema not fully audited this pass,unknown until source module sweep,LTXVideo support node; exact schema needs module-specific pass.,LTXVideo model ecosystem; varies by node,rag_only_do_not_generate_until_schema_confirmed,no,yes,"mapping_only,ltx,needs_schema_sweep",turn171file0,Do not use for JSON generation until the module file for this node has been audited.
PASS_02C,22,ComfyUI-LTXVideo,Lightricks/ComfyUI-LTXVideo,LTXVSetAudioRefTokens,LTXVSetAudioRefTokens,LTXVideo,mapping_confirmed,active,mapping confirmed from static NODE_CLASS_MAPPINGS; schema not fully audited this pass,unknown until source module sweep,LTXVideo support node; exact schema needs module-specific pass.,LTXVideo model ecosystem; varies by node,rag_only_do_not_generate_until_schema_confirmed,no,yes,"mapping_only,ltx,needs_schema_sweep",turn171file0,Do not use for JSON generation until the module file for this node has been audited.
PASS_02C,22,ComfyUI-LTXVideo,Lightricks/ComfyUI-LTXVideo,LTXVSetVideoLatentNoiseMasks,LTXVSetVideoLatentNoiseMasks,LTXVideo,mapping_confirmed,active,mapping confirmed from static NODE_CLASS_MAPPINGS; schema not fully audited this pass,unknown until source module sweep,LTXVideo support node; exact schema needs module-specific pass.,LTXVideo model ecosystem; varies by node,rag_only_do_not_generate_until_schema_confirmed,no,yes,"mapping_only,ltx,needs_schema_sweep",turn171file0,Do not use for JSON generation until the module file for this node has been audited.
PASS_02C,22,ComfyUI-LTXVideo,Lightricks/ComfyUI-LTXVideo,LTXVSparseTrackEditor,LTXVSparseTrackEditor,LTXVideo,mapping_confirmed,active,mapping confirmed from static NODE_CLASS_MAPPINGS; schema not fully audited this pass,unknown until source module sweep,LTXVideo support node; exact schema needs module-specific pass.,LTXVideo model ecosystem; varies by node,rag_only_do_not_generate_until_schema_confirmed,no,yes,"mapping_only,ltx,needs_schema_sweep",turn171file0,Do not use for JSON generation until the module file for this node has been audited.
PASS_02C,22,ComfyUI-LTXVideo,Lightricks/ComfyUI-LTXVideo,LTXVStatNormLatent,LTXVStatNormLatent,LTXVideo,mapping_confirmed,active,mapping confirmed from static NODE_CLASS_MAPPINGS; schema not fully audited this pass,unknown until source module sweep,LTXVideo support node; exact schema needs module-specific pass.,LTXVideo model ecosystem; varies by node,rag_only_do_not_generate_until_schema_confirmed,no,yes,"mapping_only,ltx,needs_schema_sweep",turn171file0,Do not use for JSON generation until the module file for this node has been audited.
PASS_02C,22,ComfyUI-LTXVideo,Lightricks/ComfyUI-LTXVideo,LTXVTiledSampler,LTXVTiledSampler,LTXVideo,mapping_confirmed,active,mapping confirmed from static NODE_CLASS_MAPPINGS; schema not fully audited this pass,unknown until source module sweep,LTXVideo support node; exact schema needs module-specific pass.,LTXVideo model ecosystem; varies by node,rag_only_do_not_generate_until_schema_confirmed,no,yes,"mapping_only,ltx,needs_schema_sweep",turn171file0,Do not use for JSON generation until the module file for this node has been audited.
PASS_02C,22,ComfyUI-LTXVideo,Lightricks/ComfyUI-LTXVideo,LTXVTiledVAEDecode,LTXVTiledVAEDecode,LTXVideo,mapping_confirmed,active,mapping confirmed from static NODE_CLASS_MAPPINGS; schema not fully audited this pass,unknown until source module sweep,LTXVideo support node; exact schema needs module-specific pass.,LTXVideo model ecosystem; varies by node,rag_only_do_not_generate_until_schema_confirmed,no,yes,"mapping_only,ltx,needs_schema_sweep",turn171file0,Do not use for JSON generation until the module file for this node has been audited.
PASS_02C,22,ComfyUI-LTXVideo,Lightricks/ComfyUI-LTXVideo,LowVRAMAudioVAELoader,LowVRAMAudioVAELoader,LTXVideo,mapping_confirmed,active,mapping confirmed from static NODE_CLASS_MAPPINGS; schema not fully audited this pass,unknown until source module sweep,LTXVideo support node; exact schema needs module-specific pass.,LTXVideo model ecosystem; varies by node,rag_only_do_not_generate_until_schema_confirmed,no,yes,"mapping_only,ltx,needs_schema_sweep",turn171file0,Do not use for JSON generation until the module file for this node has been audited.
PASS_02C,22,ComfyUI-LTXVideo,Lightricks/ComfyUI-LTXVideo,LowVRAMCheckpointLoader,LowVRAMCheckpointLoader,LTXVideo,mapping_confirmed,active,mapping confirmed from static NODE_CLASS_MAPPINGS; schema not fully audited this pass,unknown until source module sweep,LTXVideo support node; exact schema needs module-specific pass.,LTXVideo model ecosystem; varies by node,rag_only_do_not_generate_until_schema_confirmed,no,yes,"mapping_only,ltx,needs_schema_sweep",turn171file0,Do not use for JSON generation until the module file for this node has been audited.
PASS_02C,22,ComfyUI-LTXVideo,Lightricks/ComfyUI-LTXVideo,LowVRAMLatentUpscaleModelLoader,LowVRAMLatentUpscaleModelLoader,LTXVideo,mapping_confirmed,active,mapping confirmed from static NODE_CLASS_MAPPINGS; schema not fully audited this pass,unknown until source module sweep,LTXVideo support node; exact schema needs module-specific pass.,LTXVideo model ecosystem; varies by node,rag_only_do_not_generate_until_schema_confirmed,no,yes,"mapping_only,ltx,needs_schema_sweep",turn171file0,Do not use for JSON generation until the module file for this node has been audited.
PASS_02C,22,ComfyUI-LTXVideo,Lightricks/ComfyUI-LTXVideo,MultimodalGuider,MultimodalGuider,LTXVideo,mapping_confirmed,active,mapping confirmed from static NODE_CLASS_MAPPINGS; schema not fully audited this pass,unknown until source module sweep,LTXVideo support node; exact schema needs module-specific pass.,LTXVideo model ecosystem; varies by node,rag_only_do_not_generate_until_schema_confirmed,no,yes,"mapping_only,ltx,needs_schema_sweep",turn171file0,Do not use for JSON generation until the module file for this node has been audited.
PASS_02C,22,ComfyUI-LTXVideo,Lightricks/ComfyUI-LTXVideo,STGAdvancedPresets,STGAdvancedPresets,LTXVideo,mapping_confirmed,active,mapping confirmed from static NODE_CLASS_MAPPINGS; schema not fully audited this pass,unknown until source module sweep,LTXVideo support node; exact schema needs module-specific pass.,LTXVideo model ecosystem; varies by node,rag_only_do_not_generate_until_schema_confirmed,no,yes,"mapping_only,ltx,needs_schema_sweep",turn171file0,Do not use for JSON generation until the module file for this node has been audited.
PASS_02C,22,ComfyUI-LTXVideo,Lightricks/ComfyUI-LTXVideo,STGGuiderAdvanced,STGGuiderAdvanced,LTXVideo,mapping_confirmed,active,mapping confirmed from static NODE_CLASS_MAPPINGS; schema not fully audited this pass,unknown until source module sweep,LTXVideo support node; exact schema needs module-specific pass.,LTXVideo model ecosystem; varies by node,rag_only_do_not_generate_until_schema_confirmed,no,yes,"mapping_only,ltx,needs_schema_sweep",turn171file0,Do not use for JSON generation until the module file for this node has been audited.
PASS_02C,22,ComfyUI-LTXVideo,Lightricks/ComfyUI-LTXVideo,STGGuiderNode,STGGuiderNode,LTXVideo,mapping_confirmed,active,mapping confirmed from static NODE_CLASS_MAPPINGS; schema not fully audited this pass,unknown until source module sweep,LTXVideo support node; exact schema needs module-specific pass.,LTXVideo model ecosystem; varies by node,rag_only_do_not_generate_until_schema_confirmed,no,yes,"mapping_only,ltx,needs_schema_sweep",turn171file0,Do not use for JSON generation until the module file for this node has been audited.
PASS_02C,22,ComfyUI-LTXVideo,Lightricks/ComfyUI-LTXVideo,Set VAE Decoder Noise,Set VAE Decoder Noise,LTXVideo,mapping_confirmed,active,mapping confirmed from static NODE_CLASS_MAPPINGS; schema not fully audited this pass,unknown until source module sweep,LTXVideo support node; exact schema needs module-specific pass.,LTXVideo model ecosystem; varies by node,rag_only_do_not_generate_until_schema_confirmed,no,yes,"mapping_only,ltx,needs_schema_sweep",turn171file0,Do not use for JSON generation until the module file for this node has been audited.
PASS_02D,23,ComfyUI-HunyuanVideoWrapper,kijai/ComfyUI-HunyuanVideoWrapper,DownloadAndLoadHyVideoTextEncoder,DownloadAndLoadHyVideoTextEncoder,HunyuanVideoWrapper,mapping_confirmed,active,mapping confirmed; exact INPUT_TYPES not fully audited this pass,unknown until module sweep,HunyuanVideo support node; exact schema requires module-specific sweep.,HunyuanVideo ecosystem,rag_only_do_not_generate_until_schema_confirmed,no,yes,"mapping_only,hunyuan,needs_schema_sweep",turn201file0,
PASS_02D,23,ComfyUI-HunyuanVideoWrapper,kijai/ComfyUI-HunyuanVideoWrapper,HunyuanVideoFresca,HunyuanVideoFresca,HunyuanVideoWrapper,mapping_confirmed,active,mapping confirmed; exact INPUT_TYPES not fully audited this pass,unknown until module sweep,HunyuanVideo support node; exact schema requires module-specific sweep.,HunyuanVideo ecosystem,rag_only_do_not_generate_until_schema_confirmed,no,yes,"mapping_only,hunyuan,needs_schema_sweep",turn201file0,
PASS_02D,23,ComfyUI-HunyuanVideoWrapper,kijai/ComfyUI-HunyuanVideoWrapper,HunyuanVideoSLG,HunyuanVideoSLG,HunyuanVideoWrapper,mapping_confirmed,active,mapping confirmed; exact INPUT_TYPES not fully audited this pass,unknown until module sweep,HunyuanVideo support node; exact schema requires module-specific sweep.,HunyuanVideo ecosystem,rag_only_do_not_generate_until_schema_confirmed,no,yes,"mapping_only,hunyuan,needs_schema_sweep",turn201file0,
PASS_02D,23,ComfyUI-HunyuanVideoWrapper,kijai/ComfyUI-HunyuanVideoWrapper,HyVideoBlockSwap,HyVideoBlockSwap,HunyuanVideoWrapper,schema_confirmed,active,double_blocks_to_swap; single_blocks_to_swap; offload_txt_in; offload_img_in,BLOCKSWAPARGS,Reduce VRAM by swapping blocks to CPU.,CPU/GPU memory sensitive,rag_only_or_expert_local_test,no,yes,"hunyuan,blockswap,hardware_version_sensitive",turn177file0;turn178file0;turn201file0,
PASS_02D,23,ComfyUI-HunyuanVideoWrapper,kijai/ComfyUI-HunyuanVideoWrapper,HyVideoCFG,HyVideoCFG,HunyuanVideoWrapper,mapping_confirmed,active,mapping confirmed; exact INPUT_TYPES not fully audited this pass,unknown until module sweep,HunyuanVideo support node; exact schema requires module-specific sweep.,HunyuanVideo ecosystem,rag_only_do_not_generate_until_schema_confirmed,no,yes,"mapping_only,hunyuan,needs_schema_sweep",turn201file0,
PASS_02D,23,ComfyUI-HunyuanVideoWrapper,kijai/ComfyUI-HunyuanVideoWrapper,HyVideoContextOptions,HyVideoContextOptions,HunyuanVideoWrapper,mapping_confirmed,active,mapping confirmed; exact INPUT_TYPES not fully audited this pass,unknown until module sweep,HunyuanVideo support node; exact schema requires module-specific sweep.,HunyuanVideo ecosystem,rag_only_do_not_generate_until_schema_confirmed,no,yes,"mapping_only,hunyuan,needs_schema_sweep",turn201file0,
PASS_02D,23,ComfyUI-HunyuanVideoWrapper,kijai/ComfyUI-HunyuanVideoWrapper,HyVideoCustomPromptTemplate,HyVideoCustomPromptTemplate,HunyuanVideoWrapper,mapping_confirmed,active,mapping confirmed; exact INPUT_TYPES not fully audited this pass,unknown until module sweep,HunyuanVideo support node; exact schema requires module-specific sweep.,HunyuanVideo ecosystem,rag_only_do_not_generate_until_schema_confirmed,no,yes,"mapping_only,hunyuan,needs_schema_sweep",turn201file0,
PASS_02D,23,ComfyUI-HunyuanVideoWrapper,kijai/ComfyUI-HunyuanVideoWrapper,HyVideoDecode,HyVideoDecode,HunyuanVideoWrapper,schema_confirmed,active,vae; samples; enable_vae_tiling; temporal/spatial tile size; auto_tile_size; optional skip_latents/balance_brightness,IMAGE,Decode Hunyuan latents to frames.,Hunyuan VAE,guarded_generate_after_local_test,no,yes,"hunyuan,vae_decode,tiling",turn177file0;turn178file0;turn201file0,
PASS_02D,23,ComfyUI-HunyuanVideoWrapper,kijai/ComfyUI-HunyuanVideoWrapper,HyVideoEncode,HyVideoEncode,HunyuanVideoWrapper,schema_confirmed,active,"vae; image; enable_vae_tiling; temporal/spatial tile size; auto_tile_size; optional noise_aug_strength, latent_strength, latent_dist",LATENT,Encode image/video frames to Hunyuan latent.,Hunyuan VAE,guarded_generate_after_local_test,no,yes,"hunyuan,vae_encode,tiling",turn177file0;turn178file0;turn201file0,
PASS_02D,23,ComfyUI-HunyuanVideoWrapper,kijai/ComfyUI-HunyuanVideoWrapper,HyVideoEncodeKeyframes,HyVideoEncodeKeyframes,HunyuanVideoWrapper,schema_confirmed,active,"vae; start_image; end_image; num_frames; VAE tiling controls; optional noise_aug_strength, latent_strength, latent_dist",LATENT,Encode start/end keyframes into video latent.,Hunyuan VAE,guarded_generate_after_local_test,no,yes,"hunyuan,keyframes,vae_encode",turn177file0;turn178file0;turn201file0,
PASS_02D,23,ComfyUI-HunyuanVideoWrapper,kijai/ComfyUI-HunyuanVideoWrapper,HyVideoEnhanceAVideo,HyVideoEnhanceAVideo,HunyuanVideoWrapper,schema_confirmed,active,weight; single_blocks; double_blocks; start_percent; end_percent,FETAARGS,Enhance-A-Video/FETA args.,Enhance-A-Video patch,rag_only_or_expert_local_test,no,yes,"hunyuan,enhance_a_video,expert",turn177file0;turn178file0;turn201file0,
PASS_02D,23,ComfyUI-HunyuanVideoWrapper,kijai/ComfyUI-HunyuanVideoWrapper,HyVideoGetClosestBucketSize,HyVideoGetClosestBucketSize,HunyuanVideoWrapper,schema_confirmed,active,image; base_size 360/540/720,"INT width, INT height",Return nearest Hunyuan bucket size.,none,safe_to_generate_if_hunyuan_installed,yes,no,"hunyuan,bucket_helper",turn177file0;turn178file0;turn201file0,
PASS_02D,23,ComfyUI-HunyuanVideoWrapper,kijai/ComfyUI-HunyuanVideoWrapper,HyVideoI2VEncode,HyVideoI2VEncode,HunyuanVideoWrapper,mapping_confirmed,active,mapping confirmed; exact INPUT_TYPES not fully audited this pass,unknown until module sweep,HunyuanVideo support node; exact schema requires module-specific sweep.,HunyuanVideo ecosystem,rag_only_do_not_generate_until_schema_confirmed,no,yes,"mapping_only,hunyuan,needs_schema_sweep",turn201file0,
PASS_02D,23,ComfyUI-HunyuanVideoWrapper,kijai/ComfyUI-HunyuanVideoWrapper,HyVideoLatentPreview,HyVideoLatentPreview,HunyuanVideoWrapper,schema_confirmed,active,samples; seed; min/max/rgb bias,"IMAGE, STRING",Preview Hunyuan video latents as RGB frames.,none,safe_to_generate_if_hunyuan_installed,no,yes,"hunyuan,debug,preview",turn177file0;turn178file0;turn201file0,
PASS_02D,23,ComfyUI-HunyuanVideoWrapper,kijai/ComfyUI-HunyuanVideoWrapper,HyVideoLoopArgs,HyVideoLoopArgs,HunyuanVideoWrapper,mapping_confirmed,active,mapping confirmed; exact INPUT_TYPES not fully audited this pass,unknown until module sweep,HunyuanVideo support node; exact schema requires module-specific sweep.,HunyuanVideo ecosystem,rag_only_do_not_generate_until_schema_confirmed,no,yes,"mapping_only,hunyuan,needs_schema_sweep",turn201file0,
PASS_02D,23,ComfyUI-HunyuanVideoWrapper,kijai/ComfyUI-HunyuanVideoWrapper,HyVideoLoraBlockEdit,HyVideoLoraBlockEdit,HunyuanVideoWrapper,schema_confirmed,active,60 boolean block selectors for double/single blocks,SELECTEDBLOCKS,Select LoRA blocks.,Hunyuan block naming,guarded_generate_after_local_test,no,yes,"hunyuan,lora,expert",turn177file0;turn178file0;turn201file0,
PASS_02D,23,ComfyUI-HunyuanVideoWrapper,kijai/ComfyUI-HunyuanVideoWrapper,HyVideoLoraSelect,HyVideoLoraSelect,HunyuanVideoWrapper,schema_confirmed,active,"lora; strength; optional prev_lora, blocks",HYVIDLORA,Select Hunyuan LoRA with strength and optional block filtering.,models/loras,guarded_generate_after_local_test,no,yes,"hunyuan,lora",turn177file0;turn178file0;turn201file0,
PASS_02D,23,ComfyUI-HunyuanVideoWrapper,kijai/ComfyUI-HunyuanVideoWrapper,HyVideoModelLoader,HyVideoModelLoader,HunyuanVideoWrapper,schema_confirmed,active,"model diffusion_models; base_precision; quantization; load_device; optional attention_mode, compile_args, block_swap_args, lora, auto_cpu_offload, upcast_rope",HYVIDEOMODEL,Load HunyuanVideo transformer/model patcher.,hunyuan diffusion_models; optional sageattention/torch.compile/lora,guarded_generate_after_local_test,no,yes,"hunyuan,video,model_loader,quantization,hardware_version_sensitive",turn177file0;turn178file0;turn201file0,
PASS_02D,23,ComfyUI-HunyuanVideoWrapper,kijai/ComfyUI-HunyuanVideoWrapper,HyVideoSTG,HyVideoSTG,HunyuanVideoWrapper,schema_confirmed,active,stg_mode; stg_block_idx; stg_scale; start/end percent,STGARGS,Spatio-temporal guidance args.,Hunyuan STG,rag_only_or_expert_local_test,no,yes,"hunyuan,stg,expert",turn177file0;turn178file0;turn201file0,
PASS_02D,23,ComfyUI-HunyuanVideoWrapper,kijai/ComfyUI-HunyuanVideoWrapper,HyVideoSampler,HyVideoSampler,HunyuanVideoWrapper,schema_confirmed,active,"HYVIDEOMODEL, HYVIDEMBEDS, width/height/frames/steps/cfg/shift/seed/scheduler; many optional control/cache/context args",LATENT,Main HunyuanVideo sampling path.,"HunyuanVideo model, text/image embeds, optional cache/context",rag_only_or_expert_local_test,no,yes,"hunyuan,video_sampler,high_vram,expert",turn177file0;turn178file0;turn201file0,
PASS_02D,23,ComfyUI-HunyuanVideoWrapper,kijai/ComfyUI-HunyuanVideoWrapper,HyVideoTeaCache,HyVideoTeaCache,HunyuanVideoWrapper,schema_confirmed,active,rel_l1_thresh; cache_device; start_step; end_step,TEACACHEARGS,TeaCache speedup args.,cache/device sensitive,rag_only_or_expert_local_test,no,yes,"teacache,hunyuan,artifact_risk",turn177file0;turn178file0;turn201file0,
PASS_02D,23,ComfyUI-HunyuanVideoWrapper,kijai/ComfyUI-HunyuanVideoWrapper,HyVideoTextEmbedBridge,HyVideoTextEmbedBridge,HunyuanVideoWrapper,schema_confirmed,active,positive conditioning; cfg; start/end percent; batched_cfg; use_cfg_zero_star; optional negative,HYVIDEMBEDS,Bridge Comfy conditioning to Hunyuan embeds.,Comfy CONDITIONING,guarded_generate_after_local_test,no,yes,"hunyuan,conditioning_bridge",turn177file0;turn178file0;turn201file0,
PASS_02D,23,ComfyUI-HunyuanVideoWrapper,kijai/ComfyUI-HunyuanVideoWrapper,HyVideoTextEmbedsLoad,HyVideoTextEmbedsLoad,HunyuanVideoWrapper,mapping_confirmed,active,mapping confirmed; exact INPUT_TYPES not fully audited this pass,unknown until module sweep,HunyuanVideo support node; exact schema requires module-specific sweep.,HunyuanVideo ecosystem,rag_only_do_not_generate_until_schema_confirmed,no,yes,"mapping_only,hunyuan,needs_schema_sweep",turn201file0,
PASS_02D,23,ComfyUI-HunyuanVideoWrapper,kijai/ComfyUI-HunyuanVideoWrapper,HyVideoTextEmbedsSave,HyVideoTextEmbedsSave,HunyuanVideoWrapper,mapping_confirmed,active,mapping confirmed; exact INPUT_TYPES not fully audited this pass,unknown until module sweep,HunyuanVideo support node; exact schema requires module-specific sweep.,HunyuanVideo ecosystem,rag_only_do_not_generate_until_schema_confirmed,no,yes,"mapping_only,hunyuan,needs_schema_sweep",turn201file0,
PASS_02D,23,ComfyUI-HunyuanVideoWrapper,kijai/ComfyUI-HunyuanVideoWrapper,HyVideoTextEncode,HyVideoTextEncode,HunyuanVideoWrapper,mapping_confirmed,active,mapping confirmed; exact INPUT_TYPES not fully audited this pass,unknown until module sweep,HunyuanVideo support node; exact schema requires module-specific sweep.,HunyuanVideo ecosystem,rag_only_do_not_generate_until_schema_confirmed,no,yes,"mapping_only,hunyuan,needs_schema_sweep",turn201file0,
PASS_02D,23,ComfyUI-HunyuanVideoWrapper,kijai/ComfyUI-HunyuanVideoWrapper,HyVideoTextImageEncode,HyVideoTextImageEncode,HunyuanVideoWrapper,mapping_confirmed,active,mapping confirmed; exact INPUT_TYPES not fully audited this pass,unknown until module sweep,HunyuanVideo support node; exact schema requires module-specific sweep.,HunyuanVideo ecosystem,rag_only_do_not_generate_until_schema_confirmed,no,yes,"mapping_only,hunyuan,needs_schema_sweep",turn201file0,
PASS_02D,23,ComfyUI-HunyuanVideoWrapper,kijai/ComfyUI-HunyuanVideoWrapper,HyVideoTorchCompileSettings,HyVideoTorchCompileSettings,HunyuanVideoWrapper,schema_confirmed,active,backend; fullgraph; mode; dynamic; cache limit; compile block toggles,COMPILEARGS,torch.compile settings for Hunyuan loader/VAE.,Triton/torch.compile backend,rag_only_or_expert_local_test,no,yes,"torch_compile,hunyuan,hardware_version_sensitive",turn177file0;turn178file0;turn201file0,
PASS_02D,23,ComfyUI-HunyuanVideoWrapper,kijai/ComfyUI-HunyuanVideoWrapper,HyVideoVAELoader,HyVideoVAELoader,HunyuanVideoWrapper,schema_confirmed,active,"model_name vae; optional precision, compile_args",VAE,Load HunyuanVideo VAE.,Hunyuan VAE in models/vae,guarded_generate_after_local_test,no,yes,"hunyuan,vae,hardware_version_sensitive",turn177file0;turn178file0;turn201file0,
PASS_02D,24,AnimateDiff Evolved,Kosinkadink/ComfyUI-AnimateDiff-Evolved,ADE_AdjustPEFullStretch,ADE_AdjustPEFullStretch,AnimateDiff Evolved,mapping_confirmed,active,mapping confirmed; exact INPUT_TYPES not fully audited this pass,unknown until module sweep,AnimateDiff motion/context/sampling support node; exact schema requires module sweep.,AnimateDiff motion models; context options; optional camera/PIA/LCM models,rag_only_do_not_generate_until_schema_confirmed,no,yes,"mapping_only,animatediff,video,needs_schema_sweep",turn179file0;turn180file0,
PASS_02D,24,AnimateDiff Evolved,Kosinkadink/ComfyUI-AnimateDiff-Evolved,ADE_AdjustPEManual,ADE_AdjustPEManual,AnimateDiff Evolved,mapping_confirmed,active,mapping confirmed; exact INPUT_TYPES not fully audited this pass,unknown until module sweep,AnimateDiff motion/context/sampling support node; exact schema requires module sweep.,AnimateDiff motion models; context options; optional camera/PIA/LCM models,rag_only_do_not_generate_until_schema_confirmed,no,yes,"mapping_only,animatediff,video,needs_schema_sweep",turn179file0;turn180file0,
PASS_02D,24,AnimateDiff Evolved,Kosinkadink/ComfyUI-AnimateDiff-Evolved,ADE_AdjustPESweetspotStretch,ADE_AdjustPESweetspotStretch,AnimateDiff Evolved,mapping_confirmed,active,mapping confirmed; exact INPUT_TYPES not fully audited this pass,unknown until module sweep,AnimateDiff motion/context/sampling support node; exact schema requires module sweep.,AnimateDiff motion models; context options; optional camera/PIA/LCM models,rag_only_do_not_generate_until_schema_confirmed,no,yes,"mapping_only,animatediff,video,needs_schema_sweep",turn179file0;turn180file0,
PASS_02D,24,AnimateDiff Evolved,Kosinkadink/ComfyUI-AnimateDiff-Evolved,ADE_AdjustWeightAllAdd,ADE_AdjustWeightAllAdd,AnimateDiff Evolved,mapping_confirmed,active,mapping confirmed; exact INPUT_TYPES not fully audited this pass,unknown until module sweep,AnimateDiff motion/context/sampling support node; exact schema requires module sweep.,AnimateDiff motion models; context options; optional camera/PIA/LCM models,rag_only_do_not_generate_until_schema_confirmed,no,yes,"mapping_only,animatediff,video,needs_schema_sweep",turn179file0;turn180file0,
PASS_02D,24,AnimateDiff Evolved,Kosinkadink/ComfyUI-AnimateDiff-Evolved,ADE_AdjustWeightAllMult,ADE_AdjustWeightAllMult,AnimateDiff Evolved,mapping_confirmed,active,mapping confirmed; exact INPUT_TYPES not fully audited this pass,unknown until module sweep,AnimateDiff motion/context/sampling support node; exact schema requires module sweep.,AnimateDiff motion models; context options; optional camera/PIA/LCM models,rag_only_do_not_generate_until_schema_confirmed,no,yes,"mapping_only,animatediff,video,needs_schema_sweep",turn179file0;turn180file0,
PASS_02D,24,AnimateDiff Evolved,Kosinkadink/ComfyUI-AnimateDiff-Evolved,ADE_AdjustWeightIndivAdd,ADE_AdjustWeightIndivAdd,AnimateDiff Evolved,mapping_confirmed,active,mapping confirmed; exact INPUT_TYPES not fully audited this pass,unknown until module sweep,AnimateDiff motion/context/sampling support node; exact schema requires module sweep.,AnimateDiff motion models; context options; optional camera/PIA/LCM models,rag_only_do_not_generate_until_schema_confirmed,no,yes,"mapping_only,animatediff,video,needs_schema_sweep",turn179file0;turn180file0,
PASS_02D,24,AnimateDiff Evolved,Kosinkadink/ComfyUI-AnimateDiff-Evolved,ADE_AdjustWeightIndivAttnAdd,ADE_AdjustWeightIndivAttnAdd,AnimateDiff Evolved,mapping_confirmed,active,mapping confirmed; exact INPUT_TYPES not fully audited this pass,unknown until module sweep,AnimateDiff motion/context/sampling support node; exact schema requires module sweep.,AnimateDiff motion models; context options; optional camera/PIA/LCM models,rag_only_do_not_generate_until_schema_confirmed,no,yes,"mapping_only,animatediff,video,needs_schema_sweep",turn179file0;turn180file0,
PASS_02D,24,AnimateDiff Evolved,Kosinkadink/ComfyUI-AnimateDiff-Evolved,ADE_AdjustWeightIndivAttnMult,ADE_AdjustWeightIndivAttnMult,AnimateDiff Evolved,mapping_confirmed,active,mapping confirmed; exact INPUT_TYPES not fully audited this pass,unknown until module sweep,AnimateDiff motion/context/sampling support node; exact schema requires module sweep.,AnimateDiff motion models; context options; optional camera/PIA/LCM models,rag_only_do_not_generate_until_schema_confirmed,no,yes,"mapping_only,animatediff,video,needs_schema_sweep",turn179file0;turn180file0,
PASS_02D,24,AnimateDiff Evolved,Kosinkadink/ComfyUI-AnimateDiff-Evolved,ADE_AdjustWeightIndivMult,ADE_AdjustWeightIndivMult,AnimateDiff Evolved,mapping_confirmed,active,mapping confirmed; exact INPUT_TYPES not fully audited this pass,unknown until module sweep,AnimateDiff motion/context/sampling support node; exact schema requires module sweep.,AnimateDiff motion models; context options; optional camera/PIA/LCM models,rag_only_do_not_generate_until_schema_confirmed,no,yes,"mapping_only,animatediff,video,needs_schema_sweep",turn179file0;turn180file0,
PASS_02D,24,AnimateDiff Evolved,Kosinkadink/ComfyUI-AnimateDiff-Evolved,ADE_AncestralOptions,ADE_AncestralOptions,AnimateDiff Evolved,mapping_confirmed,active,mapping confirmed; exact INPUT_TYPES not fully audited this pass,unknown until module sweep,AnimateDiff motion/context/sampling support node; exact schema requires module sweep.,AnimateDiff motion models; context options; optional camera/PIA/LCM models,rag_only_do_not_generate_until_schema_confirmed,no,yes,"mapping_only,animatediff,video,needs_schema_sweep",turn179file0;turn180file0,
PASS_02D,24,AnimateDiff Evolved,Kosinkadink/ComfyUI-AnimateDiff-Evolved,ADE_AnimateDiffCombine,ADE_AnimateDiffCombine,AnimateDiff Evolved,mapping_confirmed,deprecated,mapping confirmed; exact INPUT_TYPES not fully audited this pass,unknown until module sweep,Deprecated AnimateDiff compatibility node.,AnimateDiff legacy workflows,do_not_generate,no,yes,"deprecated,animatediff,red_node_risk",turn179file0;turn180file0,"Keep only for workflow repair and migration, not new JSON."
PASS_02D,24,AnimateDiff Evolved,Kosinkadink/ComfyUI-AnimateDiff-Evolved,ADE_AnimateDiffKeyframe,ADE_AnimateDiffKeyframe,AnimateDiff Evolved,mapping_confirmed,active,mapping confirmed; exact INPUT_TYPES not fully audited this pass,unknown until module sweep,AnimateDiff motion/context/sampling support node; exact schema requires module sweep.,AnimateDiff motion models; context options; optional camera/PIA/LCM models,rag_only_do_not_generate_until_schema_confirmed,no,yes,"mapping_only,animatediff,video,needs_schema_sweep",turn179file0;turn180file0,
PASS_02D,24,AnimateDiff Evolved,Kosinkadink/ComfyUI-AnimateDiff-Evolved,ADE_AnimateDiffLoRALoader,ADE_AnimateDiffLoRALoader,AnimateDiff Evolved,mapping_confirmed,active,mapping confirmed; exact INPUT_TYPES not fully audited this pass,unknown until module sweep,AnimateDiff motion/context/sampling support node; exact schema requires module sweep.,AnimateDiff motion models; context options; optional camera/PIA/LCM models,rag_only_do_not_generate_until_schema_confirmed,no,yes,"mapping_only,animatediff,video,needs_schema_sweep",turn179file0;turn180file0,
PASS_02D,24,AnimateDiff Evolved,Kosinkadink/ComfyUI-AnimateDiff-Evolved,ADE_AnimateDiffLoaderGen1,ADE_AnimateDiffLoaderGen1,AnimateDiff Evolved,mapping_confirmed,active,mapping confirmed; exact INPUT_TYPES not fully audited this pass,unknown until module sweep,AnimateDiff motion/context/sampling support node; exact schema requires module sweep.,AnimateDiff motion models; context options; optional camera/PIA/LCM models,rag_only_do_not_generate_until_schema_confirmed,no,yes,"mapping_only,animatediff,video,needs_schema_sweep",turn179file0;turn180file0,
PASS_02D,24,AnimateDiff Evolved,Kosinkadink/ComfyUI-AnimateDiff-Evolved,ADE_AnimateDiffLoaderV1Advanced,ADE_AnimateDiffLoaderV1Advanced,AnimateDiff Evolved,mapping_confirmed,deprecated,mapping confirmed; exact INPUT_TYPES not fully audited this pass,unknown until module sweep,Deprecated AnimateDiff compatibility node.,AnimateDiff legacy workflows,do_not_generate,no,yes,"deprecated,animatediff,red_node_risk",turn179file0;turn180file0,"Keep only for workflow repair and migration, not new JSON."
PASS_02D,24,AnimateDiff Evolved,Kosinkadink/ComfyUI-AnimateDiff-Evolved,ADE_AnimateDiffLoaderWithContext,ADE_AnimateDiffLoaderWithContext,AnimateDiff Evolved,mapping_confirmed,deprecated,mapping confirmed; exact INPUT_TYPES not fully audited this pass,unknown until module sweep,Deprecated AnimateDiff compatibility node.,AnimateDiff legacy workflows,do_not_generate,no,yes,"deprecated,animatediff,red_node_risk",turn179file0;turn180file0,"Keep only for workflow repair and migration, not new JSON."
PASS_02D,24,AnimateDiff Evolved,Kosinkadink/ComfyUI-AnimateDiff-Evolved,ADE_AnimateDiffModelSettings,ADE_AnimateDiffModelSettings,AnimateDiff Evolved,mapping_confirmed,deprecated,mapping confirmed; exact INPUT_TYPES not fully audited this pass,unknown until module sweep,Deprecated AnimateDiff compatibility node.,AnimateDiff legacy workflows,do_not_generate,no,yes,"deprecated,animatediff,red_node_risk",turn179file0;turn180file0,"Keep only for workflow repair and migration, not new JSON."
PASS_02D,24,AnimateDiff Evolved,Kosinkadink/ComfyUI-AnimateDiff-Evolved,ADE_AnimateDiffModelSettingsAdvancedAttnStrengths,ADE_AnimateDiffModelSettingsAdvancedAttnStrengths,AnimateDiff Evolved,mapping_confirmed,deprecated,mapping confirmed; exact INPUT_TYPES not fully audited this pass,unknown until module sweep,Deprecated AnimateDiff compatibility node.,AnimateDiff legacy workflows,do_not_generate,no,yes,"deprecated,animatediff,red_node_risk",turn179file0;turn180file0,"Keep only for workflow repair and migration, not new JSON."
PASS_02D,24,AnimateDiff Evolved,Kosinkadink/ComfyUI-AnimateDiff-Evolved,ADE_AnimateDiffModelSettingsSimple,ADE_AnimateDiffModelSettingsSimple,AnimateDiff Evolved,mapping_confirmed,deprecated,mapping confirmed; exact INPUT_TYPES not fully audited this pass,unknown until module sweep,Deprecated AnimateDiff compatibility node.,AnimateDiff legacy workflows,do_not_generate,no,yes,"deprecated,animatediff,red_node_risk",turn179file0;turn180file0,"Keep only for workflow repair and migration, not new JSON."
PASS_02D,24,AnimateDiff Evolved,Kosinkadink/ComfyUI-AnimateDiff-Evolved,ADE_AnimateDiffModelSettings_Release,ADE_AnimateDiffModelSettings_Release,AnimateDiff Evolved,mapping_confirmed,deprecated,mapping confirmed; exact INPUT_TYPES not fully audited this pass,unknown until module sweep,Deprecated AnimateDiff compatibility node.,AnimateDiff legacy workflows,do_not_generate,no,yes,"deprecated,animatediff,red_node_risk",turn179file0;turn180file0,"Keep only for workflow repair and migration, not new JSON."
PASS_02D,24,AnimateDiff Evolved,Kosinkadink/ComfyUI-AnimateDiff-Evolved,ADE_AnimateDiffSamplingSettings,ADE_AnimateDiffSamplingSettings,AnimateDiff Evolved,mapping_confirmed,active,mapping confirmed; exact INPUT_TYPES not fully audited this pass,unknown until module sweep,AnimateDiff motion/context/sampling support node; exact schema requires module sweep.,AnimateDiff motion models; context options; optional camera/PIA/LCM models,rag_only_do_not_generate_until_schema_confirmed,no,yes,"mapping_only,animatediff,video,needs_schema_sweep",turn179file0;turn180file0,
PASS_02D,24,AnimateDiff Evolved,Kosinkadink/ComfyUI-AnimateDiff-Evolved,ADE_AnimateDiffSettings,ADE_AnimateDiffSettings,AnimateDiff Evolved,mapping_confirmed,active,mapping confirmed; exact INPUT_TYPES not fully audited this pass,unknown until module sweep,AnimateDiff motion/context/sampling support node; exact schema requires module sweep.,AnimateDiff motion models; context options; optional camera/PIA/LCM models,rag_only_do_not_generate_until_schema_confirmed,no,yes,"mapping_only,animatediff,video,needs_schema_sweep",turn179file0;turn180file0,
PASS_02D,24,AnimateDiff Evolved,Kosinkadink/ComfyUI-AnimateDiff-Evolved,ADE_AnimateDiffUniformContextOptions,ADE_AnimateDiffUniformContextOptions,AnimateDiff Evolved,mapping_confirmed,deprecated,mapping confirmed; exact INPUT_TYPES not fully audited this pass,unknown until module sweep,Deprecated AnimateDiff compatibility node.,AnimateDiff legacy workflows,do_not_generate,no,yes,"deprecated,animatediff,red_node_risk",turn179file0;turn180file0,"Keep only for workflow repair and migration, not new JSON."
PASS_02D,24,AnimateDiff Evolved,Kosinkadink/ComfyUI-AnimateDiff-Evolved,ADE_AnimateDiffUnload,ADE_AnimateDiffUnload,AnimateDiff Evolved,mapping_confirmed,active,mapping confirmed; exact INPUT_TYPES not fully audited this pass,unknown until module sweep,AnimateDiff motion/context/sampling support node; exact schema requires module sweep.,AnimateDiff motion models; context options; optional camera/PIA/LCM models,rag_only_do_not_generate_until_schema_confirmed,no,yes,"mapping_only,animatediff,video,needs_schema_sweep",turn179file0;turn180file0,
PASS_02D,24,AnimateDiff Evolved,Kosinkadink/ComfyUI-AnimateDiff-Evolved,ADE_ApplyAnimateDiffModel,ADE_ApplyAnimateDiffModel,AnimateDiff Evolved,mapping_confirmed,active,mapping confirmed; exact INPUT_TYPES not fully audited this pass,unknown until module sweep,AnimateDiff motion/context/sampling support node; exact schema requires module sweep.,AnimateDiff motion models; context options; optional camera/PIA/LCM models,rag_only_do_not_generate_until_schema_confirmed,no,yes,"mapping_only,animatediff,video,needs_schema_sweep",turn179file0;turn180file0,
PASS_02D,24,AnimateDiff Evolved,Kosinkadink/ComfyUI-AnimateDiff-Evolved,ADE_ApplyAnimateDiffModelSimple,ADE_ApplyAnimateDiffModelSimple,AnimateDiff Evolved,mapping_confirmed,active,mapping confirmed; exact INPUT_TYPES not fully audited this pass,unknown until module sweep,AnimateDiff motion/context/sampling support node; exact schema requires module sweep.,AnimateDiff motion models; context options; optional camera/PIA/LCM models,rag_only_do_not_generate_until_schema_confirmed,no,yes,"mapping_only,animatediff,video,needs_schema_sweep",turn179file0;turn180file0,
PASS_02D,24,AnimateDiff Evolved,Kosinkadink/ComfyUI-AnimateDiff-Evolved,ADE_ApplyAnimateDiffModelWithCameraCtrl,ADE_ApplyAnimateDiffModelWithCameraCtrl,AnimateDiff Evolved,mapping_confirmed,active,mapping confirmed; exact INPUT_TYPES not fully audited this pass,unknown until module sweep,AnimateDiff motion/context/sampling support node; exact schema requires module sweep.,AnimateDiff motion models; context options; optional camera/PIA/LCM models,rag_only_do_not_generate_until_schema_confirmed,no,yes,"mapping_only,animatediff,video,needs_schema_sweep",turn179file0;turn180file0,
PASS_02D,24,AnimateDiff Evolved,Kosinkadink/ComfyUI-AnimateDiff-Evolved,ADE_ApplyAnimateDiffModelWithPIA,ADE_ApplyAnimateDiffModelWithPIA,AnimateDiff Evolved,mapping_confirmed,active,mapping confirmed; exact INPUT_TYPES not fully audited this pass,unknown until module sweep,AnimateDiff motion/context/sampling support node; exact schema requires module sweep.,AnimateDiff motion models; context options; optional camera/PIA/LCM models,rag_only_do_not_generate_until_schema_confirmed,no,yes,"mapping_only,animatediff,video,needs_schema_sweep",turn179file0;turn180file0,
PASS_02D,24,AnimateDiff Evolved,Kosinkadink/ComfyUI-AnimateDiff-Evolved,ADE_ApplyAnimateLCMI2VModel,ADE_ApplyAnimateLCMI2VModel,AnimateDiff Evolved,mapping_confirmed,active,mapping confirmed; exact INPUT_TYPES not fully audited this pass,unknown until module sweep,AnimateDiff motion/context/sampling support node; exact schema requires module sweep.,AnimateDiff motion models; context options; optional camera/PIA/LCM models,rag_only_do_not_generate_until_schema_confirmed,no,yes,"mapping_only,animatediff,video,needs_schema_sweep",turn179file0;turn180file0,
PASS_02D,24,AnimateDiff Evolved,Kosinkadink/ComfyUI-AnimateDiff-Evolved,ADE_AttachLoraHookToCLIP,ADE_AttachLoraHookToCLIP,AnimateDiff Evolved,mapping_confirmed,deprecated,mapping confirmed; exact INPUT_TYPES not fully audited this pass,unknown until module sweep,Deprecated AnimateDiff compatibility node.,AnimateDiff legacy workflows,do_not_generate,no,yes,"deprecated,animatediff,red_node_risk",turn179file0;turn180file0,"Keep only for workflow repair and migration, not new JSON."
PASS_02D,24,AnimateDiff Evolved,Kosinkadink/ComfyUI-AnimateDiff-Evolved,ADE_AttachLoraHookToConditioning,ADE_AttachLoraHookToConditioning,AnimateDiff Evolved,mapping_confirmed,deprecated,mapping confirmed; exact INPUT_TYPES not fully audited this pass,unknown until module sweep,Deprecated AnimateDiff compatibility node.,AnimateDiff legacy workflows,do_not_generate,no,yes,"deprecated,animatediff,red_node_risk",turn179file0;turn180file0,"Keep only for workflow repair and migration, not new JSON."
PASS_02D,24,AnimateDiff Evolved,Kosinkadink/ComfyUI-AnimateDiff-Evolved,ADE_BatchedContextOptions,ADE_BatchedContextOptions,AnimateDiff Evolved,mapping_confirmed,active,mapping confirmed; exact INPUT_TYPES not fully audited this pass,unknown until module sweep,AnimateDiff motion/context/sampling support node; exact schema requires module sweep.,AnimateDiff motion models; context options; optional camera/PIA/LCM models,rag_only_do_not_generate_until_schema_confirmed,no,yes,"mapping_only,animatediff,video,needs_schema_sweep",turn179file0;turn180file0,
PASS_02D,24,AnimateDiff Evolved,Kosinkadink/ComfyUI-AnimateDiff-Evolved,ADE_CFGExtrasPAG,ADE_CFGExtrasPAG,AnimateDiff Evolved,mapping_confirmed,active,mapping confirmed; exact INPUT_TYPES not fully audited this pass,unknown until module sweep,AnimateDiff motion/context/sampling support node; exact schema requires module sweep.,AnimateDiff motion models; context options; optional camera/PIA/LCM models,rag_only_do_not_generate_until_schema_confirmed,no,yes,"mapping_only,animatediff,video,needs_schema_sweep",turn179file0;turn180file0,
PASS_02D,24,AnimateDiff Evolved,Kosinkadink/ComfyUI-AnimateDiff-Evolved,ADE_CFGExtrasPAGSimple,ADE_CFGExtrasPAGSimple,AnimateDiff Evolved,mapping_confirmed,active,mapping confirmed; exact INPUT_TYPES not fully audited this pass,unknown until module sweep,AnimateDiff motion/context/sampling support node; exact schema requires module sweep.,AnimateDiff motion models; context options; optional camera/PIA/LCM models,rag_only_do_not_generate_until_schema_confirmed,no,yes,"mapping_only,animatediff,video,needs_schema_sweep",turn179file0;turn180file0,
PASS_02D,24,AnimateDiff Evolved,Kosinkadink/ComfyUI-AnimateDiff-Evolved,ADE_CFGExtrasRescaleCFG,ADE_CFGExtrasRescaleCFG,AnimateDiff Evolved,mapping_confirmed,active,mapping confirmed; exact INPUT_TYPES not fully audited this pass,unknown until module sweep,AnimateDiff motion/context/sampling support node; exact schema requires module sweep.,AnimateDiff motion models; context options; optional camera/PIA/LCM models,rag_only_do_not_generate_until_schema_confirmed,no,yes,"mapping_only,animatediff,video,needs_schema_sweep",turn179file0;turn180file0,
PASS_02D,24,AnimateDiff Evolved,Kosinkadink/ComfyUI-AnimateDiff-Evolved,ADE_CFGExtrasRescaleCFGSimple,ADE_CFGExtrasRescaleCFGSimple,AnimateDiff Evolved,mapping_confirmed,active,mapping confirmed; exact INPUT_TYPES not fully audited this pass,unknown until module sweep,AnimateDiff motion/context/sampling support node; exact schema requires module sweep.,AnimateDiff motion models; context options; optional camera/PIA/LCM models,rag_only_do_not_generate_until_schema_confirmed,no,yes,"mapping_only,animatediff,video,needs_schema_sweep",turn179file0;turn180file0,
PASS_02D,24,AnimateDiff Evolved,Kosinkadink/ComfyUI-AnimateDiff-Evolved,ADE_CameraCtrlAnimateDiffKeyframe,ADE_CameraCtrlAnimateDiffKeyframe,AnimateDiff Evolved,mapping_confirmed,active,mapping confirmed; exact INPUT_TYPES not fully audited this pass,unknown until module sweep,AnimateDiff motion/context/sampling support node; exact schema requires module sweep.,AnimateDiff motion models; context options; optional camera/PIA/LCM models,rag_only_do_not_generate_until_schema_confirmed,no,yes,"mapping_only,animatediff,video,needs_schema_sweep",turn179file0;turn180file0,
PASS_02D,24,AnimateDiff Evolved,Kosinkadink/ComfyUI-AnimateDiff-Evolved,ADE_CameraManualPoseAppend,ADE_CameraManualPoseAppend,AnimateDiff Evolved,mapping_confirmed,active,mapping confirmed; exact INPUT_TYPES not fully audited this pass,unknown until module sweep,AnimateDiff motion/context/sampling support node; exact schema requires module sweep.,AnimateDiff motion models; context options; optional camera/PIA/LCM models,rag_only_do_not_generate_until_schema_confirmed,no,yes,"mapping_only,animatediff,video,needs_schema_sweep",turn179file0;turn180file0,
PASS_02D,24,AnimateDiff Evolved,Kosinkadink/ComfyUI-AnimateDiff-Evolved,ADE_CameraPoseAdvanced,ADE_CameraPoseAdvanced,AnimateDiff Evolved,mapping_confirmed,active,mapping confirmed; exact INPUT_TYPES not fully audited this pass,unknown until module sweep,AnimateDiff motion/context/sampling support node; exact schema requires module sweep.,AnimateDiff motion models; context options; optional camera/PIA/LCM models,rag_only_do_not_generate_until_schema_confirmed,no,yes,"mapping_only,animatediff,video,needs_schema_sweep",turn179file0;turn180file0,
PASS_02D,24,AnimateDiff Evolved,Kosinkadink/ComfyUI-AnimateDiff-Evolved,ADE_CameraPoseBasic,ADE_CameraPoseBasic,AnimateDiff Evolved,mapping_confirmed,active,mapping confirmed; exact INPUT_TYPES not fully audited this pass,unknown until module sweep,AnimateDiff motion/context/sampling support node; exact schema requires module sweep.,AnimateDiff motion models; context options; optional camera/PIA/LCM models,rag_only_do_not_generate_until_schema_confirmed,no,yes,"mapping_only,animatediff,video,needs_schema_sweep",turn179file0;turn180file0,
PASS_02D,24,AnimateDiff Evolved,Kosinkadink/ComfyUI-AnimateDiff-Evolved,ADE_CameraPoseCombo,ADE_CameraPoseCombo,AnimateDiff Evolved,mapping_confirmed,active,mapping confirmed; exact INPUT_TYPES not fully audited this pass,unknown until module sweep,AnimateDiff motion/context/sampling support node; exact schema requires module sweep.,AnimateDiff motion models; context options; optional camera/PIA/LCM models,rag_only_do_not_generate_until_schema_confirmed,no,yes,"mapping_only,animatediff,video,needs_schema_sweep",turn179file0;turn180file0,
PASS_02D,24,AnimateDiff Evolved,Kosinkadink/ComfyUI-AnimateDiff-Evolved,ADE_CombineLoraHooks,ADE_CombineLoraHooks,AnimateDiff Evolved,mapping_confirmed,deprecated,mapping confirmed; exact INPUT_TYPES not fully audited this pass,unknown until module sweep,Deprecated AnimateDiff compatibility node.,AnimateDiff legacy workflows,do_not_generate,no,yes,"deprecated,animatediff,red_node_risk",turn179file0;turn180file0,"Keep only for workflow repair and migration, not new JSON."
PASS_02D,24,AnimateDiff Evolved,Kosinkadink/ComfyUI-AnimateDiff-Evolved,ADE_CombineLoraHooksEight,ADE_CombineLoraHooksEight,AnimateDiff Evolved,mapping_confirmed,deprecated,mapping confirmed; exact INPUT_TYPES not fully audited this pass,unknown until module sweep,Deprecated AnimateDiff compatibility node.,AnimateDiff legacy workflows,do_not_generate,no,yes,"deprecated,animatediff,red_node_risk",turn179file0;turn180file0,"Keep only for workflow repair and migration, not new JSON."
PASS_02D,24,AnimateDiff Evolved,Kosinkadink/ComfyUI-AnimateDiff-Evolved,ADE_CombineLoraHooksFour,ADE_CombineLoraHooksFour,AnimateDiff Evolved,mapping_confirmed,deprecated,mapping confirmed; exact INPUT_TYPES not fully audited this pass,unknown until module sweep,Deprecated AnimateDiff compatibility node.,AnimateDiff legacy workflows,do_not_generate,no,yes,"deprecated,animatediff,red_node_risk",turn179file0;turn180file0,"Keep only for workflow repair and migration, not new JSON."
PASS_02D,24,AnimateDiff Evolved,Kosinkadink/ComfyUI-AnimateDiff-Evolved,ADE_ConditioningCombine,ADE_ConditioningCombine,AnimateDiff Evolved,mapping_confirmed,deprecated,mapping confirmed; exact INPUT_TYPES not fully audited this pass,unknown until module sweep,Deprecated AnimateDiff compatibility node.,AnimateDiff legacy workflows,do_not_generate,no,yes,"deprecated,animatediff,red_node_risk",turn179file0;turn180file0,"Keep only for workflow repair and migration, not new JSON."
PASS_02D,24,AnimateDiff Evolved,Kosinkadink/ComfyUI-AnimateDiff-Evolved,ADE_ConditioningSetMask,ADE_ConditioningSetMask,AnimateDiff Evolved,mapping_confirmed,deprecated,mapping confirmed; exact INPUT_TYPES not fully audited this pass,unknown until module sweep,Deprecated AnimateDiff compatibility node.,AnimateDiff legacy workflows,do_not_generate,no,yes,"deprecated,animatediff,red_node_risk",turn179file0;turn180file0,"Keep only for workflow repair and migration, not new JSON."
PASS_02D,24,AnimateDiff Evolved,Kosinkadink/ComfyUI-AnimateDiff-Evolved,ADE_ConditioningSetMaskAndCombine,ADE_ConditioningSetMaskAndCombine,AnimateDiff Evolved,mapping_confirmed,deprecated,mapping confirmed; exact INPUT_TYPES not fully audited this pass,unknown until module sweep,Deprecated AnimateDiff compatibility node.,AnimateDiff legacy workflows,do_not_generate,no,yes,"deprecated,animatediff,red_node_risk",turn179file0;turn180file0,"Keep only for workflow repair and migration, not new JSON."
PASS_02D,24,AnimateDiff Evolved,Kosinkadink/ComfyUI-AnimateDiff-Evolved,ADE_ConditioningSetUnmaskedAndCombine,ADE_ConditioningSetUnmaskedAndCombine,AnimateDiff Evolved,mapping_confirmed,deprecated,mapping confirmed; exact INPUT_TYPES not fully audited this pass,unknown until module sweep,Deprecated AnimateDiff compatibility node.,AnimateDiff legacy workflows,do_not_generate,no,yes,"deprecated,animatediff,red_node_risk",turn179file0;turn180file0,"Keep only for workflow repair and migration, not new JSON."
PASS_02D,24,AnimateDiff Evolved,Kosinkadink/ComfyUI-AnimateDiff-Evolved,ADE_ContextExtras_ContextRef,ADE_ContextExtras_ContextRef,AnimateDiff Evolved,mapping_confirmed,active,mapping confirmed; exact INPUT_TYPES not fully audited this pass,unknown until module sweep,AnimateDiff motion/context/sampling support node; exact schema requires module sweep.,AnimateDiff motion models; context options; optional camera/PIA/LCM models,rag_only_do_not_generate_until_schema_confirmed,no,yes,"mapping_only,animatediff,video,needs_schema_sweep",turn179file0;turn180file0,
PASS_02D,24,AnimateDiff Evolved,Kosinkadink/ComfyUI-AnimateDiff-Evolved,ADE_ContextExtras_ContextRef_Keyframe,ADE_ContextExtras_ContextRef_Keyframe,AnimateDiff Evolved,mapping_confirmed,active,mapping confirmed; exact INPUT_TYPES not fully audited this pass,unknown until module sweep,AnimateDiff motion/context/sampling support node; exact schema requires module sweep.,AnimateDiff motion models; context options; optional camera/PIA/LCM models,rag_only_do_not_generate_until_schema_confirmed,no,yes,"mapping_only,animatediff,video,needs_schema_sweep",turn179file0;turn180file0,
PASS_02D,24,AnimateDiff Evolved,Kosinkadink/ComfyUI-AnimateDiff-Evolved,ADE_ContextExtras_ContextRef_KeyframeFromList,ADE_ContextExtras_ContextRef_KeyframeFromList,AnimateDiff Evolved,mapping_confirmed,active,mapping confirmed; exact INPUT_TYPES not fully audited this pass,unknown until module sweep,AnimateDiff motion/context/sampling support node; exact schema requires module sweep.,AnimateDiff motion models; context options; optional camera/PIA/LCM models,rag_only_do_not_generate_until_schema_confirmed,no,yes,"mapping_only,animatediff,video,needs_schema_sweep",turn179file0;turn180file0,
PASS_02D,24,AnimateDiff Evolved,Kosinkadink/ComfyUI-AnimateDiff-Evolved,ADE_ContextExtras_ContextRef_KeyframeInterpolation,ADE_ContextExtras_ContextRef_KeyframeInterpolation,AnimateDiff Evolved,mapping_confirmed,active,mapping confirmed; exact INPUT_TYPES not fully audited this pass,unknown until module sweep,AnimateDiff motion/context/sampling support node; exact schema requires module sweep.,AnimateDiff motion models; context options; optional camera/PIA/LCM models,rag_only_do_not_generate_until_schema_confirmed,no,yes,"mapping_only,animatediff,video,needs_schema_sweep",turn179file0;turn180file0,
PASS_02D,24,AnimateDiff Evolved,Kosinkadink/ComfyUI-AnimateDiff-Evolved,ADE_ContextExtras_ContextRef_ModeFirst,ADE_ContextExtras_ContextRef_ModeFirst,AnimateDiff Evolved,mapping_confirmed,active,mapping confirmed; exact INPUT_TYPES not fully audited this pass,unknown until module sweep,AnimateDiff motion/context/sampling support node; exact schema requires module sweep.,AnimateDiff motion models; context options; optional camera/PIA/LCM models,rag_only_do_not_generate_until_schema_confirmed,no,yes,"mapping_only,animatediff,video,needs_schema_sweep",turn179file0;turn180file0,
PASS_02D,24,AnimateDiff Evolved,Kosinkadink/ComfyUI-AnimateDiff-Evolved,ADE_ContextExtras_ContextRef_ModeIndexes,ADE_ContextExtras_ContextRef_ModeIndexes,AnimateDiff Evolved,mapping_confirmed,active,mapping confirmed; exact INPUT_TYPES not fully audited this pass,unknown until module sweep,AnimateDiff motion/context/sampling support node; exact schema requires module sweep.,AnimateDiff motion models; context options; optional camera/PIA/LCM models,rag_only_do_not_generate_until_schema_confirmed,no,yes,"mapping_only,animatediff,video,needs_schema_sweep",turn179file0;turn180file0,
PASS_02D,24,AnimateDiff Evolved,Kosinkadink/ComfyUI-AnimateDiff-Evolved,ADE_ContextExtras_ContextRef_ModeSliding,ADE_ContextExtras_ContextRef_ModeSliding,AnimateDiff Evolved,mapping_confirmed,active,mapping confirmed; exact INPUT_TYPES not fully audited this pass,unknown until module sweep,AnimateDiff motion/context/sampling support node; exact schema requires module sweep.,AnimateDiff motion models; context options; optional camera/PIA/LCM models,rag_only_do_not_generate_until_schema_confirmed,no,yes,"mapping_only,animatediff,video,needs_schema_sweep",turn179file0;turn180file0,
PASS_02D,24,AnimateDiff Evolved,Kosinkadink/ComfyUI-AnimateDiff-Evolved,ADE_ContextExtras_ContextRef_TuneAttn,ADE_ContextExtras_ContextRef_TuneAttn,AnimateDiff Evolved,mapping_confirmed,active,mapping confirmed; exact INPUT_TYPES not fully audited this pass,unknown until module sweep,AnimateDiff motion/context/sampling support node; exact schema requires module sweep.,AnimateDiff motion models; context options; optional camera/PIA/LCM models,rag_only_do_not_generate_until_schema_confirmed,no,yes,"mapping_only,animatediff,video,needs_schema_sweep",turn179file0;turn180file0,
PASS_02D,24,AnimateDiff Evolved,Kosinkadink/ComfyUI-AnimateDiff-Evolved,ADE_ContextExtras_ContextRef_TuneAttnAdain,ADE_ContextExtras_ContextRef_TuneAttnAdain,AnimateDiff Evolved,mapping_confirmed,active,mapping confirmed; exact INPUT_TYPES not fully audited this pass,unknown until module sweep,AnimateDiff motion/context/sampling support node; exact schema requires module sweep.,AnimateDiff motion models; context options; optional camera/PIA/LCM models,rag_only_do_not_generate_until_schema_confirmed,no,yes,"mapping_only,animatediff,video,needs_schema_sweep",turn179file0;turn180file0,
PASS_02D,24,AnimateDiff Evolved,Kosinkadink/ComfyUI-AnimateDiff-Evolved,ADE_ContextExtras_NaiveReuse,ADE_ContextExtras_NaiveReuse,AnimateDiff Evolved,mapping_confirmed,active,mapping confirmed; exact INPUT_TYPES not fully audited this pass,unknown until module sweep,AnimateDiff motion/context/sampling support node; exact schema requires module sweep.,AnimateDiff motion models; context options; optional camera/PIA/LCM models,rag_only_do_not_generate_until_schema_confirmed,no,yes,"mapping_only,animatediff,video,needs_schema_sweep",turn179file0;turn180file0,
PASS_02D,24,AnimateDiff Evolved,Kosinkadink/ComfyUI-AnimateDiff-Evolved,ADE_ContextExtras_NaiveReuse_Keyframe,ADE_ContextExtras_NaiveReuse_Keyframe,AnimateDiff Evolved,mapping_confirmed,active,mapping confirmed; exact INPUT_TYPES not fully audited this pass,unknown until module sweep,AnimateDiff motion/context/sampling support node; exact schema requires module sweep.,AnimateDiff motion models; context options; optional camera/PIA/LCM models,rag_only_do_not_generate_until_schema_confirmed,no,yes,"mapping_only,animatediff,video,needs_schema_sweep",turn179file0;turn180file0,
PASS_02D,24,AnimateDiff Evolved,Kosinkadink/ComfyUI-AnimateDiff-Evolved,ADE_ContextExtras_NaiveReuse_KeyframeFromList,ADE_ContextExtras_NaiveReuse_KeyframeFromList,AnimateDiff Evolved,mapping_confirmed,active,mapping confirmed; exact INPUT_TYPES not fully audited this pass,unknown until module sweep,AnimateDiff motion/context/sampling support node; exact schema requires module sweep.,AnimateDiff motion models; context options; optional camera/PIA/LCM models,rag_only_do_not_generate_until_schema_confirmed,no,yes,"mapping_only,animatediff,video,needs_schema_sweep",turn179file0;turn180file0,
PASS_02D,24,AnimateDiff Evolved,Kosinkadink/ComfyUI-AnimateDiff-Evolved,ADE_ContextExtras_NaiveReuse_KeyframeInterpolation,ADE_ContextExtras_NaiveReuse_KeyframeInterpolation,AnimateDiff Evolved,mapping_confirmed,active,mapping confirmed; exact INPUT_TYPES not fully audited this pass,unknown until module sweep,AnimateDiff motion/context/sampling support node; exact schema requires module sweep.,AnimateDiff motion models; context options; optional camera/PIA/LCM models,rag_only_do_not_generate_until_schema_confirmed,no,yes,"mapping_only,animatediff,video,needs_schema_sweep",turn179file0;turn180file0,
PASS_02D,24,AnimateDiff Evolved,Kosinkadink/ComfyUI-AnimateDiff-Evolved,ADE_ContextExtras_Set,ADE_ContextExtras_Set,AnimateDiff Evolved,mapping_confirmed,active,mapping confirmed; exact INPUT_TYPES not fully audited this pass,unknown until module sweep,AnimateDiff motion/context/sampling support node; exact schema requires module sweep.,AnimateDiff motion models; context options; optional camera/PIA/LCM models,rag_only_do_not_generate_until_schema_confirmed,no,yes,"mapping_only,animatediff,video,needs_schema_sweep",turn179file0;turn180file0,
PASS_02D,24,AnimateDiff Evolved,Kosinkadink/ComfyUI-AnimateDiff-Evolved,ADE_CustomCFG,ADE_CustomCFG,AnimateDiff Evolved,mapping_confirmed,active,mapping confirmed; exact INPUT_TYPES not fully audited this pass,unknown until module sweep,AnimateDiff motion/context/sampling support node; exact schema requires module sweep.,AnimateDiff motion models; context options; optional camera/PIA/LCM models,rag_only_do_not_generate_until_schema_confirmed,no,yes,"mapping_only,animatediff,video,needs_schema_sweep",turn179file0;turn180file0,
PASS_02D,24,AnimateDiff Evolved,Kosinkadink/ComfyUI-AnimateDiff-Evolved,ADE_CustomCFGKeyframe,ADE_CustomCFGKeyframe,AnimateDiff Evolved,mapping_confirmed,active,mapping confirmed; exact INPUT_TYPES not fully audited this pass,unknown until module sweep,AnimateDiff motion/context/sampling support node; exact schema requires module sweep.,AnimateDiff motion models; context options; optional camera/PIA/LCM models,rag_only_do_not_generate_until_schema_confirmed,no,yes,"mapping_only,animatediff,video,needs_schema_sweep",turn179file0;turn180file0,
PASS_02D,24,AnimateDiff Evolved,Kosinkadink/ComfyUI-AnimateDiff-Evolved,ADE_CustomCFGKeyframeFromList,ADE_CustomCFGKeyframeFromList,AnimateDiff Evolved,mapping_confirmed,active,mapping confirmed; exact INPUT_TYPES not fully audited this pass,unknown until module sweep,AnimateDiff motion/context/sampling support node; exact schema requires module sweep.,AnimateDiff motion models; context options; optional camera/PIA/LCM models,rag_only_do_not_generate_until_schema_confirmed,no,yes,"mapping_only,animatediff,video,needs_schema_sweep",turn179file0;turn180file0,
PASS_02D,24,AnimateDiff Evolved,Kosinkadink/ComfyUI-AnimateDiff-Evolved,ADE_CustomCFGKeyframeInterpolation,ADE_CustomCFGKeyframeInterpolation,AnimateDiff Evolved,mapping_confirmed,active,mapping confirmed; exact INPUT_TYPES not fully audited this pass,unknown until module sweep,AnimateDiff motion/context/sampling support node; exact schema requires module sweep.,AnimateDiff motion models; context options; optional camera/PIA/LCM models,rag_only_do_not_generate_until_schema_confirmed,no,yes,"mapping_only,animatediff,video,needs_schema_sweep",turn179file0;turn180file0,
PASS_02D,24,AnimateDiff Evolved,Kosinkadink/ComfyUI-AnimateDiff-Evolved,ADE_CustomCFGKeyframeSimple,ADE_CustomCFGKeyframeSimple,AnimateDiff Evolved,mapping_confirmed,active,mapping confirmed; exact INPUT_TYPES not fully audited this pass,unknown until module sweep,AnimateDiff motion/context/sampling support node; exact schema requires module sweep.,AnimateDiff motion models; context options; optional camera/PIA/LCM models,rag_only_do_not_generate_until_schema_confirmed,no,yes,"mapping_only,animatediff,video,needs_schema_sweep",turn179file0;turn180file0,
PASS_02D,24,AnimateDiff Evolved,Kosinkadink/ComfyUI-AnimateDiff-Evolved,ADE_CustomCFGSimple,ADE_CustomCFGSimple,AnimateDiff Evolved,mapping_confirmed,active,mapping confirmed; exact INPUT_TYPES not fully audited this pass,unknown until module sweep,AnimateDiff motion/context/sampling support node; exact schema requires module sweep.,AnimateDiff motion models; context options; optional camera/PIA/LCM models,rag_only_do_not_generate_until_schema_confirmed,no,yes,"mapping_only,animatediff,video,needs_schema_sweep",turn179file0;turn180file0,
PASS_02D,24,AnimateDiff Evolved,Kosinkadink/ComfyUI-AnimateDiff-Evolved,ADE_EmptyLatentImageLarge,ADE_EmptyLatentImageLarge,AnimateDiff Evolved,mapping_confirmed,active,mapping confirmed; exact INPUT_TYPES not fully audited this pass,unknown until module sweep,AnimateDiff motion/context/sampling support node; exact schema requires module sweep.,AnimateDiff motion models; context options; optional camera/PIA/LCM models,rag_only_do_not_generate_until_schema_confirmed,no,yes,"mapping_only,animatediff,video,needs_schema_sweep",turn179file0;turn180file0,
PASS_02D,24,AnimateDiff Evolved,Kosinkadink/ComfyUI-AnimateDiff-Evolved,ADE_InjectI2VIntoAnimateDiffModel,ADE_InjectI2VIntoAnimateDiffModel,AnimateDiff Evolved,mapping_confirmed,active,mapping confirmed; exact INPUT_TYPES not fully audited this pass,unknown until module sweep,AnimateDiff motion/context/sampling support node; exact schema requires module sweep.,AnimateDiff motion models; context options; optional camera/PIA/LCM models,rag_only_do_not_generate_until_schema_confirmed,no,yes,"mapping_only,animatediff,video,needs_schema_sweep",turn179file0;turn180file0,
PASS_02D,24,AnimateDiff Evolved,Kosinkadink/ComfyUI-AnimateDiff-Evolved,ADE_InjectPIAIntoAnimateDiffModel,ADE_InjectPIAIntoAnimateDiffModel,AnimateDiff Evolved,mapping_confirmed,active,mapping confirmed; exact INPUT_TYPES not fully audited this pass,unknown until module sweep,AnimateDiff motion/context/sampling support node; exact schema requires module sweep.,AnimateDiff motion models; context options; optional camera/PIA/LCM models,rag_only_do_not_generate_until_schema_confirmed,no,yes,"mapping_only,animatediff,video,needs_schema_sweep",turn179file0;turn180file0,
PASS_02D,24,AnimateDiff Evolved,Kosinkadink/ComfyUI-AnimateDiff-Evolved,ADE_InputPIA_Multival,ADE_InputPIA_Multival,AnimateDiff Evolved,mapping_confirmed,active,mapping confirmed; exact INPUT_TYPES not fully audited this pass,unknown until module sweep,AnimateDiff motion/context/sampling support node; exact schema requires module sweep.,AnimateDiff motion models; context options; optional camera/PIA/LCM models,rag_only_do_not_generate_until_schema_confirmed,no,yes,"mapping_only,animatediff,video,needs_schema_sweep",turn179file0;turn180file0,
PASS_02D,24,AnimateDiff Evolved,Kosinkadink/ComfyUI-AnimateDiff-Evolved,ADE_InputPIA_PaperPresets,ADE_InputPIA_PaperPresets,AnimateDiff Evolved,mapping_confirmed,active,mapping confirmed; exact INPUT_TYPES not fully audited this pass,unknown until module sweep,AnimateDiff motion/context/sampling support node; exact schema requires module sweep.,AnimateDiff motion models; context options; optional camera/PIA/LCM models,rag_only_do_not_generate_until_schema_confirmed,no,yes,"mapping_only,animatediff,video,needs_schema_sweep",turn179file0;turn180file0,
PASS_02D,24,AnimateDiff Evolved,Kosinkadink/ComfyUI-AnimateDiff-Evolved,ADE_IterationOptsDefault,ADE_IterationOptsDefault,AnimateDiff Evolved,mapping_confirmed,active,mapping confirmed; exact INPUT_TYPES not fully audited this pass,unknown until module sweep,AnimateDiff motion/context/sampling support node; exact schema requires module sweep.,AnimateDiff motion models; context options; optional camera/PIA/LCM models,rag_only_do_not_generate_until_schema_confirmed,no,yes,"mapping_only,animatediff,video,needs_schema_sweep",turn179file0;turn180file0,
PASS_02D,24,AnimateDiff Evolved,Kosinkadink/ComfyUI-AnimateDiff-Evolved,ADE_IterationOptsFreeInit,ADE_IterationOptsFreeInit,AnimateDiff Evolved,mapping_confirmed,active,mapping confirmed; exact INPUT_TYPES not fully audited this pass,unknown until module sweep,AnimateDiff motion/context/sampling support node; exact schema requires module sweep.,AnimateDiff motion models; context options; optional camera/PIA/LCM models,rag_only_do_not_generate_until_schema_confirmed,no,yes,"mapping_only,animatediff,video,needs_schema_sweep",turn179file0;turn180file0,
PASS_02D,24,AnimateDiff Evolved,Kosinkadink/ComfyUI-AnimateDiff-Evolved,ADE_LoadAnimateDiffModel,ADE_LoadAnimateDiffModel,AnimateDiff Evolved,mapping_confirmed,active,mapping confirmed; exact INPUT_TYPES not fully audited this pass,unknown until module sweep,AnimateDiff motion/context/sampling support node; exact schema requires module sweep.,AnimateDiff motion models; context options; optional camera/PIA/LCM models,rag_only_do_not_generate_until_schema_confirmed,no,yes,"mapping_only,animatediff,video,needs_schema_sweep",turn179file0;turn180file0,
PASS_02D,24,AnimateDiff Evolved,Kosinkadink/ComfyUI-AnimateDiff-Evolved,ADE_LoadAnimateDiffModelWithCameraCtrl,ADE_LoadAnimateDiffModelWithCameraCtrl,AnimateDiff Evolved,mapping_confirmed,active,mapping confirmed; exact INPUT_TYPES not fully audited this pass,unknown until module sweep,AnimateDiff motion/context/sampling support node; exact schema requires module sweep.,AnimateDiff motion models; context options; optional camera/PIA/LCM models,rag_only_do_not_generate_until_schema_confirmed,no,yes,"mapping_only,animatediff,video,needs_schema_sweep",turn179file0;turn180file0,
PASS_02D,24,AnimateDiff Evolved,Kosinkadink/ComfyUI-AnimateDiff-Evolved,ADE_LoadAnimateLCMI2VModel,ADE_LoadAnimateLCMI2VModel,AnimateDiff Evolved,mapping_confirmed,active,mapping confirmed; exact INPUT_TYPES not fully audited this pass,unknown until module sweep,AnimateDiff motion/context/sampling support node; exact schema requires module sweep.,AnimateDiff motion models; context options; optional camera/PIA/LCM models,rag_only_do_not_generate_until_schema_confirmed,no,yes,"mapping_only,animatediff,video,needs_schema_sweep",turn179file0;turn180file0,
PASS_02D,24,AnimateDiff Evolved,Kosinkadink/ComfyUI-AnimateDiff-Evolved,ADE_LoadCameraPoses,ADE_LoadCameraPoses,AnimateDiff Evolved,mapping_confirmed,active,mapping confirmed; exact INPUT_TYPES not fully audited this pass,unknown until module sweep,AnimateDiff motion/context/sampling support node; exact schema requires module sweep.,AnimateDiff motion models; context options; optional camera/PIA/LCM models,rag_only_do_not_generate_until_schema_confirmed,no,yes,"mapping_only,animatediff,video,needs_schema_sweep",turn179file0;turn180file0,
PASS_02D,24,AnimateDiff Evolved,Kosinkadink/ComfyUI-AnimateDiff-Evolved,ADE_LoadCameraPosesFromPath,ADE_LoadCameraPosesFromPath,AnimateDiff Evolved,mapping_confirmed,active,mapping confirmed; exact INPUT_TYPES not fully audited this pass,unknown until module sweep,AnimateDiff motion/context/sampling support node; exact schema requires module sweep.,AnimateDiff motion models; context options; optional camera/PIA/LCM models,rag_only_do_not_generate_until_schema_confirmed,no,yes,"mapping_only,animatediff,video,needs_schema_sweep",turn179file0;turn180file0,
PASS_02D,24,AnimateDiff Evolved,Kosinkadink/ComfyUI-AnimateDiff-Evolved,ADE_LoopedUniformContextOptions,ADE_LoopedUniformContextOptions,AnimateDiff Evolved,mapping_confirmed,active,mapping confirmed; exact INPUT_TYPES not fully audited this pass,unknown until module sweep,AnimateDiff motion/context/sampling support node; exact schema requires module sweep.,AnimateDiff motion models; context options; optional camera/PIA/LCM models,rag_only_do_not_generate_until_schema_confirmed,no,yes,"mapping_only,animatediff,video,needs_schema_sweep",turn179file0;turn180file0,
PASS_02D,24,AnimateDiff Evolved,Kosinkadink/ComfyUI-AnimateDiff-Evolved,ADE_LoopedUniformViewOptions,ADE_LoopedUniformViewOptions,AnimateDiff Evolved,mapping_confirmed,active,mapping confirmed; exact INPUT_TYPES not fully audited this pass,unknown until module sweep,AnimateDiff motion/context/sampling support node; exact schema requires module sweep.,AnimateDiff motion models; context options; optional camera/PIA/LCM models,rag_only_do_not_generate_until_schema_confirmed,no,yes,"mapping_only,animatediff,video,needs_schema_sweep",turn179file0;turn180file0,
PASS_02D,24,AnimateDiff Evolved,Kosinkadink/ComfyUI-AnimateDiff-Evolved,ADE_LoraHookKeyframe,ADE_LoraHookKeyframe,AnimateDiff Evolved,mapping_confirmed,deprecated,mapping confirmed; exact INPUT_TYPES not fully audited this pass,unknown until module sweep,Deprecated AnimateDiff compatibility node.,AnimateDiff legacy workflows,do_not_generate,no,yes,"deprecated,animatediff,red_node_risk",turn179file0;turn180file0,"Keep only for workflow repair and migration, not new JSON."
PASS_02D,24,AnimateDiff Evolved,Kosinkadink/ComfyUI-AnimateDiff-Evolved,ADE_LoraHookKeyframeFromStrengthList,ADE_LoraHookKeyframeFromStrengthList,AnimateDiff Evolved,mapping_confirmed,deprecated,mapping confirmed; exact INPUT_TYPES not fully audited this pass,unknown until module sweep,Deprecated AnimateDiff compatibility node.,AnimateDiff legacy workflows,do_not_generate,no,yes,"deprecated,animatediff,red_node_risk",turn179file0;turn180file0,"Keep only for workflow repair and migration, not new JSON."
PASS_02D,24,AnimateDiff Evolved,Kosinkadink/ComfyUI-AnimateDiff-Evolved,ADE_LoraHookKeyframeInterpolation,ADE_LoraHookKeyframeInterpolation,AnimateDiff Evolved,mapping_confirmed,deprecated,mapping confirmed; exact INPUT_TYPES not fully audited this pass,unknown until module sweep,Deprecated AnimateDiff compatibility node.,AnimateDiff legacy workflows,do_not_generate,no,yes,"deprecated,animatediff,red_node_risk",turn179file0;turn180file0,"Keep only for workflow repair and migration, not new JSON."
PASS_02D,24,AnimateDiff Evolved,Kosinkadink/ComfyUI-AnimateDiff-Evolved,ADE_MultivalConvertToMask,ADE_MultivalConvertToMask,AnimateDiff Evolved,mapping_confirmed,active,mapping confirmed; exact INPUT_TYPES not fully audited this pass,unknown until module sweep,AnimateDiff motion/context/sampling support node; exact schema requires module sweep.,AnimateDiff motion models; context options; optional camera/PIA/LCM models,rag_only_do_not_generate_until_schema_confirmed,no,yes,"mapping_only,animatediff,video,needs_schema_sweep",turn179file0;turn180file0,
PASS_02D,24,AnimateDiff Evolved,Kosinkadink/ComfyUI-AnimateDiff-Evolved,ADE_MultivalDynamic,ADE_MultivalDynamic,AnimateDiff Evolved,mapping_confirmed,active,mapping confirmed; exact INPUT_TYPES not fully audited this pass,unknown until module sweep,AnimateDiff motion/context/sampling support node; exact schema requires module sweep.,AnimateDiff motion models; context options; optional camera/PIA/LCM models,rag_only_do_not_generate_until_schema_confirmed,no,yes,"mapping_only,animatediff,video,needs_schema_sweep",turn179file0;turn180file0,
PASS_02D,24,AnimateDiff Evolved,Kosinkadink/ComfyUI-AnimateDiff-Evolved,ADE_MultivalDynamicFloatInput,ADE_MultivalDynamicFloatInput,AnimateDiff Evolved,mapping_confirmed,active,mapping confirmed; exact INPUT_TYPES not fully audited this pass,unknown until module sweep,AnimateDiff motion/context/sampling support node; exact schema requires module sweep.,AnimateDiff motion models; context options; optional camera/PIA/LCM models,rag_only_do_not_generate_until_schema_confirmed,no,yes,"mapping_only,animatediff,video,needs_schema_sweep",turn179file0;turn180file0,
PASS_02D,24,AnimateDiff Evolved,Kosinkadink/ComfyUI-AnimateDiff-Evolved,ADE_MultivalDynamicFloats,ADE_MultivalDynamicFloats,AnimateDiff Evolved,mapping_confirmed,active,mapping confirmed; exact INPUT_TYPES not fully audited this pass,unknown until module sweep,AnimateDiff motion/context/sampling support node; exact schema requires module sweep.,AnimateDiff motion models; context options; optional camera/PIA/LCM models,rag_only_do_not_generate_until_schema_confirmed,no,yes,"mapping_only,animatediff,video,needs_schema_sweep",turn179file0;turn180file0,
PASS_02D,24,AnimateDiff Evolved,Kosinkadink/ComfyUI-AnimateDiff-Evolved,ADE_MultivalScaledMask,ADE_MultivalScaledMask,AnimateDiff Evolved,mapping_confirmed,active,mapping confirmed; exact INPUT_TYPES not fully audited this pass,unknown until module sweep,AnimateDiff motion/context/sampling support node; exact schema requires module sweep.,AnimateDiff motion models; context options; optional camera/PIA/LCM models,rag_only_do_not_generate_until_schema_confirmed,no,yes,"mapping_only,animatediff,video,needs_schema_sweep",turn179file0;turn180file0,
PASS_02D,24,AnimateDiff Evolved,Kosinkadink/ComfyUI-AnimateDiff-Evolved,ADE_NoiseLayerAdd,ADE_NoiseLayerAdd,AnimateDiff Evolved,mapping_confirmed,active,mapping confirmed; exact INPUT_TYPES not fully audited this pass,unknown until module sweep,AnimateDiff motion/context/sampling support node; exact schema requires module sweep.,AnimateDiff motion models; context options; optional camera/PIA/LCM models,rag_only_do_not_generate_until_schema_confirmed,no,yes,"mapping_only,animatediff,video,needs_schema_sweep",turn179file0;turn180file0,
PASS_02D,24,AnimateDiff Evolved,Kosinkadink/ComfyUI-AnimateDiff-Evolved,ADE_NoiseLayerAddWeighted,ADE_NoiseLayerAddWeighted,AnimateDiff Evolved,mapping_confirmed,active,mapping confirmed; exact INPUT_TYPES not fully audited this pass,unknown until module sweep,AnimateDiff motion/context/sampling support node; exact schema requires module sweep.,AnimateDiff motion models; context options; optional camera/PIA/LCM models,rag_only_do_not_generate_until_schema_confirmed,no,yes,"mapping_only,animatediff,video,needs_schema_sweep",turn179file0;turn180file0,
PASS_02D,24,AnimateDiff Evolved,Kosinkadink/ComfyUI-AnimateDiff-Evolved,ADE_NoiseLayerNormalizedSum,ADE_NoiseLayerNormalizedSum,AnimateDiff Evolved,mapping_confirmed,active,mapping confirmed; exact INPUT_TYPES not fully audited this pass,unknown until module sweep,AnimateDiff motion/context/sampling support node; exact schema requires module sweep.,AnimateDiff motion models; context options; optional camera/PIA/LCM models,rag_only_do_not_generate_until_schema_confirmed,no,yes,"mapping_only,animatediff,video,needs_schema_sweep",turn179file0;turn180file0,
PASS_02D,24,AnimateDiff Evolved,Kosinkadink/ComfyUI-AnimateDiff-Evolved,ADE_NoiseLayerReplace,ADE_NoiseLayerReplace,AnimateDiff Evolved,mapping_confirmed,active,mapping confirmed; exact INPUT_TYPES not fully audited this pass,unknown until module sweep,AnimateDiff motion/context/sampling support node; exact schema requires module sweep.,AnimateDiff motion models; context options; optional camera/PIA/LCM models,rag_only_do_not_generate_until_schema_confirmed,no,yes,"mapping_only,animatediff,video,needs_schema_sweep",turn179file0;turn180file0,
PASS_02D,24,AnimateDiff Evolved,Kosinkadink/ComfyUI-AnimateDiff-Evolved,ADE_NoisedImageInjectOptions,ADE_NoisedImageInjectOptions,AnimateDiff Evolved,mapping_confirmed,active,mapping confirmed; exact INPUT_TYPES not fully audited this pass,unknown until module sweep,AnimateDiff motion/context/sampling support node; exact schema requires module sweep.,AnimateDiff motion models; context options; optional camera/PIA/LCM models,rag_only_do_not_generate_until_schema_confirmed,no,yes,"mapping_only,animatediff,video,needs_schema_sweep",turn179file0;turn180file0,
PASS_02D,24,AnimateDiff Evolved,Kosinkadink/ComfyUI-AnimateDiff-Evolved,ADE_NoisedImageInjection,ADE_NoisedImageInjection,AnimateDiff Evolved,mapping_confirmed,active,mapping confirmed; exact INPUT_TYPES not fully audited this pass,unknown until module sweep,AnimateDiff motion/context/sampling support node; exact schema requires module sweep.,AnimateDiff motion models; context options; optional camera/PIA/LCM models,rag_only_do_not_generate_until_schema_confirmed,no,yes,"mapping_only,animatediff,video,needs_schema_sweep",turn179file0;turn180file0,
PASS_02D,24,AnimateDiff Evolved,Kosinkadink/ComfyUI-AnimateDiff-Evolved,ADE_PIA_AnimateDiffKeyframe,ADE_PIA_AnimateDiffKeyframe,AnimateDiff Evolved,mapping_confirmed,active,mapping confirmed; exact INPUT_TYPES not fully audited this pass,unknown until module sweep,AnimateDiff motion/context/sampling support node; exact schema requires module sweep.,AnimateDiff motion models; context options; optional camera/PIA/LCM models,rag_only_do_not_generate_until_schema_confirmed,no,yes,"mapping_only,animatediff,video,needs_schema_sweep",turn179file0;turn180file0,
PASS_02D,24,AnimateDiff Evolved,Kosinkadink/ComfyUI-AnimateDiff-Evolved,ADE_PairedConditioningCombine,ADE_PairedConditioningCombine,AnimateDiff Evolved,mapping_confirmed,deprecated,mapping confirmed; exact INPUT_TYPES not fully audited this pass,unknown until module sweep,Deprecated AnimateDiff compatibility node.,AnimateDiff legacy workflows,do_not_generate,no,yes,"deprecated,animatediff,red_node_risk",turn179file0;turn180file0,"Keep only for workflow repair and migration, not new JSON."
PASS_02D,24,AnimateDiff Evolved,Kosinkadink/ComfyUI-AnimateDiff-Evolved,ADE_PairedConditioningSetMask,ADE_PairedConditioningSetMask,AnimateDiff Evolved,mapping_confirmed,deprecated,mapping confirmed; exact INPUT_TYPES not fully audited this pass,unknown until module sweep,Deprecated AnimateDiff compatibility node.,AnimateDiff legacy workflows,do_not_generate,no,yes,"deprecated,animatediff,red_node_risk",turn179file0;turn180file0,"Keep only for workflow repair and migration, not new JSON."
PASS_02D,24,AnimateDiff Evolved,Kosinkadink/ComfyUI-AnimateDiff-Evolved,ADE_PairedConditioningSetMaskAndCombine,ADE_PairedConditioningSetMaskAndCombine,AnimateDiff Evolved,mapping_confirmed,deprecated,mapping confirmed; exact INPUT_TYPES not fully audited this pass,unknown until module sweep,Deprecated AnimateDiff compatibility node.,AnimateDiff legacy workflows,do_not_generate,no,yes,"deprecated,animatediff,red_node_risk",turn179file0;turn180file0,"Keep only for workflow repair and migration, not new JSON."
PASS_02D,24,AnimateDiff Evolved,Kosinkadink/ComfyUI-AnimateDiff-Evolved,ADE_PairedConditioningSetUnmaskedAndCombine,ADE_PairedConditioningSetUnmaskedAndCombine,AnimateDiff Evolved,mapping_confirmed,deprecated,mapping confirmed; exact INPUT_TYPES not fully audited this pass,unknown until module sweep,Deprecated AnimateDiff compatibility node.,AnimateDiff legacy workflows,do_not_generate,no,yes,"deprecated,animatediff,red_node_risk",turn179file0;turn180file0,"Keep only for workflow repair and migration, not new JSON."
PASS_02D,24,AnimateDiff Evolved,Kosinkadink/ComfyUI-AnimateDiff-Evolved,ADE_PerturbedAttentionGuidanceMultival,ADE_PerturbedAttentionGuidanceMultival,AnimateDiff Evolved,mapping_confirmed,active,mapping confirmed; exact INPUT_TYPES not fully audited this pass,unknown until module sweep,AnimateDiff motion/context/sampling support node; exact schema requires module sweep.,AnimateDiff motion models; context options; optional camera/PIA/LCM models,rag_only_do_not_generate_until_schema_confirmed,no,yes,"mapping_only,animatediff,video,needs_schema_sweep",turn179file0;turn180file0,
PASS_02D,24,AnimateDiff Evolved,Kosinkadink/ComfyUI-AnimateDiff-Evolved,ADE_RawSigmaSchedule,ADE_RawSigmaSchedule,AnimateDiff Evolved,mapping_confirmed,active,mapping confirmed; exact INPUT_TYPES not fully audited this pass,unknown until module sweep,AnimateDiff motion/context/sampling support node; exact schema requires module sweep.,AnimateDiff motion models; context options; optional camera/PIA/LCM models,rag_only_do_not_generate_until_schema_confirmed,no,yes,"mapping_only,animatediff,video,needs_schema_sweep",turn179file0;turn180file0,
PASS_02D,24,AnimateDiff Evolved,Kosinkadink/ComfyUI-AnimateDiff-Evolved,ADE_RegisterLoraHook,ADE_RegisterLoraHook,AnimateDiff Evolved,mapping_confirmed,deprecated,mapping confirmed; exact INPUT_TYPES not fully audited this pass,unknown until module sweep,Deprecated AnimateDiff compatibility node.,AnimateDiff legacy workflows,do_not_generate,no,yes,"deprecated,animatediff,red_node_risk",turn179file0;turn180file0,"Keep only for workflow repair and migration, not new JSON."
PASS_02D,24,AnimateDiff Evolved,Kosinkadink/ComfyUI-AnimateDiff-Evolved,ADE_RegisterLoraHookModelOnly,ADE_RegisterLoraHookModelOnly,AnimateDiff Evolved,mapping_confirmed,deprecated,mapping confirmed; exact INPUT_TYPES not fully audited this pass,unknown until module sweep,Deprecated AnimateDiff compatibility node.,AnimateDiff legacy workflows,do_not_generate,no,yes,"deprecated,animatediff,red_node_risk",turn179file0;turn180file0,"Keep only for workflow repair and migration, not new JSON."
PASS_02D,24,AnimateDiff Evolved,Kosinkadink/ComfyUI-AnimateDiff-Evolved,ADE_RegisterModelAsLoraHook,ADE_RegisterModelAsLoraHook,AnimateDiff Evolved,mapping_confirmed,deprecated,mapping confirmed; exact INPUT_TYPES not fully audited this pass,unknown until module sweep,Deprecated AnimateDiff compatibility node.,AnimateDiff legacy workflows,do_not_generate,no,yes,"deprecated,animatediff,red_node_risk",turn179file0;turn180file0,"Keep only for workflow repair and migration, not new JSON."
PASS_02D,24,AnimateDiff Evolved,Kosinkadink/ComfyUI-AnimateDiff-Evolved,ADE_RegisterModelAsLoraHookModelOnly,ADE_RegisterModelAsLoraHookModelOnly,AnimateDiff Evolved,mapping_confirmed,deprecated,mapping confirmed; exact INPUT_TYPES not fully audited this pass,unknown until module sweep,Deprecated AnimateDiff compatibility node.,AnimateDiff legacy workflows,do_not_generate,no,yes,"deprecated,animatediff,red_node_risk",turn179file0;turn180file0,"Keep only for workflow repair and migration, not new JSON."
PASS_02D,24,AnimateDiff Evolved,Kosinkadink/ComfyUI-AnimateDiff-Evolved,ADE_ReplaceCameraParameters,ADE_ReplaceCameraParameters,AnimateDiff Evolved,mapping_confirmed,active,mapping confirmed; exact INPUT_TYPES not fully audited this pass,unknown until module sweep,AnimateDiff motion/context/sampling support node; exact schema requires module sweep.,AnimateDiff motion models; context options; optional camera/PIA/LCM models,rag_only_do_not_generate_until_schema_confirmed,no,yes,"mapping_only,animatediff,video,needs_schema_sweep",turn179file0;turn180file0,
PASS_02D,24,AnimateDiff Evolved,Kosinkadink/ComfyUI-AnimateDiff-Evolved,ADE_ReplaceOriginalPoseAspectRatio,ADE_ReplaceOriginalPoseAspectRatio,AnimateDiff Evolved,mapping_confirmed,active,mapping confirmed; exact INPUT_TYPES not fully audited this pass,unknown until module sweep,AnimateDiff motion/context/sampling support node; exact schema requires module sweep.,AnimateDiff motion models; context options; optional camera/PIA/LCM models,rag_only_do_not_generate_until_schema_confirmed,no,yes,"mapping_only,animatediff,video,needs_schema_sweep",turn179file0;turn180file0,
PASS_02D,24,AnimateDiff Evolved,Kosinkadink/ComfyUI-AnimateDiff-Evolved,ADE_RescaleCFGMultival,ADE_RescaleCFGMultival,AnimateDiff Evolved,mapping_confirmed,active,mapping confirmed; exact INPUT_TYPES not fully audited this pass,unknown until module sweep,AnimateDiff motion/context/sampling support node; exact schema requires module sweep.,AnimateDiff motion models; context options; optional camera/PIA/LCM models,rag_only_do_not_generate_until_schema_confirmed,no,yes,"mapping_only,animatediff,video,needs_schema_sweep",turn179file0;turn180file0,
PASS_02D,24,AnimateDiff Evolved,Kosinkadink/ComfyUI-AnimateDiff-Evolved,ADE_SetLoraHookKeyframe,ADE_SetLoraHookKeyframe,AnimateDiff Evolved,mapping_confirmed,deprecated,mapping confirmed; exact INPUT_TYPES not fully audited this pass,unknown until module sweep,Deprecated AnimateDiff compatibility node.,AnimateDiff legacy workflows,do_not_generate,no,yes,"deprecated,animatediff,red_node_risk",turn179file0;turn180file0,"Keep only for workflow repair and migration, not new JSON."
PASS_02D,24,AnimateDiff Evolved,Kosinkadink/ComfyUI-AnimateDiff-Evolved,ADE_SigmaSchedule,ADE_SigmaSchedule,AnimateDiff Evolved,mapping_confirmed,active,mapping confirmed; exact INPUT_TYPES not fully audited this pass,unknown until module sweep,AnimateDiff motion/context/sampling support node; exact schema requires module sweep.,AnimateDiff motion models; context options; optional camera/PIA/LCM models,rag_only_do_not_generate_until_schema_confirmed,no,yes,"mapping_only,animatediff,video,needs_schema_sweep",turn179file0;turn180file0,
PASS_02D,24,AnimateDiff Evolved,Kosinkadink/ComfyUI-AnimateDiff-Evolved,ADE_SigmaScheduleSplitAndCombine,ADE_SigmaScheduleSplitAndCombine,AnimateDiff Evolved,mapping_confirmed,active,mapping confirmed; exact INPUT_TYPES not fully audited this pass,unknown until module sweep,AnimateDiff motion/context/sampling support node; exact schema requires module sweep.,AnimateDiff motion models; context options; optional camera/PIA/LCM models,rag_only_do_not_generate_until_schema_confirmed,no,yes,"mapping_only,animatediff,video,needs_schema_sweep",turn179file0;turn180file0,
PASS_02D,24,AnimateDiff Evolved,Kosinkadink/ComfyUI-AnimateDiff-Evolved,ADE_SigmaScheduleToSigmas,ADE_SigmaScheduleToSigmas,AnimateDiff Evolved,mapping_confirmed,active,mapping confirmed; exact INPUT_TYPES not fully audited this pass,unknown until module sweep,AnimateDiff motion/context/sampling support node; exact schema requires module sweep.,AnimateDiff motion models; context options; optional camera/PIA/LCM models,rag_only_do_not_generate_until_schema_confirmed,no,yes,"mapping_only,animatediff,video,needs_schema_sweep",turn179file0;turn180file0,
PASS_02D,24,AnimateDiff Evolved,Kosinkadink/ComfyUI-AnimateDiff-Evolved,ADE_SigmaScheduleWeightedAverage,ADE_SigmaScheduleWeightedAverage,AnimateDiff Evolved,mapping_confirmed,active,mapping confirmed; exact INPUT_TYPES not fully audited this pass,unknown until module sweep,AnimateDiff motion/context/sampling support node; exact schema requires module sweep.,AnimateDiff motion models; context options; optional camera/PIA/LCM models,rag_only_do_not_generate_until_schema_confirmed,no,yes,"mapping_only,animatediff,video,needs_schema_sweep",turn179file0;turn180file0,
PASS_02D,24,AnimateDiff Evolved,Kosinkadink/ComfyUI-AnimateDiff-Evolved,ADE_SigmaScheduleWeightedAverageInterp,ADE_SigmaScheduleWeightedAverageInterp,AnimateDiff Evolved,mapping_confirmed,active,mapping confirmed; exact INPUT_TYPES not fully audited this pass,unknown until module sweep,AnimateDiff motion/context/sampling support node; exact schema requires module sweep.,AnimateDiff motion models; context options; optional camera/PIA/LCM models,rag_only_do_not_generate_until_schema_confirmed,no,yes,"mapping_only,animatediff,video,needs_schema_sweep",turn179file0;turn180file0,
PASS_02D,24,AnimateDiff Evolved,Kosinkadink/ComfyUI-AnimateDiff-Evolved,ADE_StandardStaticContextOptions,ADE_StandardStaticContextOptions,AnimateDiff Evolved,mapping_confirmed,active,mapping confirmed; exact INPUT_TYPES not fully audited this pass,unknown until module sweep,AnimateDiff motion/context/sampling support node; exact schema requires module sweep.,AnimateDiff motion models; context options; optional camera/PIA/LCM models,rag_only_do_not_generate_until_schema_confirmed,no,yes,"mapping_only,animatediff,video,needs_schema_sweep",turn179file0;turn180file0,
PASS_02D,24,AnimateDiff Evolved,Kosinkadink/ComfyUI-AnimateDiff-Evolved,ADE_StandardStaticViewOptions,ADE_StandardStaticViewOptions,AnimateDiff Evolved,mapping_confirmed,active,mapping confirmed; exact INPUT_TYPES not fully audited this pass,unknown until module sweep,AnimateDiff motion/context/sampling support node; exact schema requires module sweep.,AnimateDiff motion models; context options; optional camera/PIA/LCM models,rag_only_do_not_generate_until_schema_confirmed,no,yes,"mapping_only,animatediff,video,needs_schema_sweep",turn179file0;turn180file0,
PASS_02D,24,AnimateDiff Evolved,Kosinkadink/ComfyUI-AnimateDiff-Evolved,ADE_StandardUniformContextOptions,ADE_StandardUniformContextOptions,AnimateDiff Evolved,mapping_confirmed,active,mapping confirmed; exact INPUT_TYPES not fully audited this pass,unknown until module sweep,AnimateDiff motion/context/sampling support node; exact schema requires module sweep.,AnimateDiff motion models; context options; optional camera/PIA/LCM models,rag_only_do_not_generate_until_schema_confirmed,no,yes,"mapping_only,animatediff,video,needs_schema_sweep",turn179file0;turn180file0,
PASS_02D,24,AnimateDiff Evolved,Kosinkadink/ComfyUI-AnimateDiff-Evolved,ADE_StandardUniformViewOptions,ADE_StandardUniformViewOptions,AnimateDiff Evolved,mapping_confirmed,active,mapping confirmed; exact INPUT_TYPES not fully audited this pass,unknown until module sweep,AnimateDiff motion/context/sampling support node; exact schema requires module sweep.,AnimateDiff motion models; context options; optional camera/PIA/LCM models,rag_only_do_not_generate_until_schema_confirmed,no,yes,"mapping_only,animatediff,video,needs_schema_sweep",turn179file0;turn180file0,
PASS_02D,24,AnimateDiff Evolved,Kosinkadink/ComfyUI-AnimateDiff-Evolved,ADE_TimestepsConditioning,ADE_TimestepsConditioning,AnimateDiff Evolved,mapping_confirmed,deprecated,mapping confirmed; exact INPUT_TYPES not fully audited this pass,unknown until module sweep,Deprecated AnimateDiff compatibility node.,AnimateDiff legacy workflows,do_not_generate,no,yes,"deprecated,animatediff,red_node_risk",turn179file0;turn180file0,"Keep only for workflow repair and migration, not new JSON."
PASS_02D,24,AnimateDiff Evolved,Kosinkadink/ComfyUI-AnimateDiff-Evolved,ADE_UpscaleAndVAEEncode,ADE_UpscaleAndVAEEncode,AnimateDiff Evolved,mapping_confirmed,active,mapping confirmed; exact INPUT_TYPES not fully audited this pass,unknown until module sweep,AnimateDiff motion/context/sampling support node; exact schema requires module sweep.,AnimateDiff motion models; context options; optional camera/PIA/LCM models,rag_only_do_not_generate_until_schema_confirmed,no,yes,"mapping_only,animatediff,video,needs_schema_sweep",turn179file0;turn180file0,
PASS_02D,24,AnimateDiff Evolved,Kosinkadink/ComfyUI-AnimateDiff-Evolved,ADE_UseEvolvedSampling,ADE_UseEvolvedSampling,AnimateDiff Evolved,mapping_confirmed,active,mapping confirmed; exact INPUT_TYPES not fully audited this pass,unknown until module sweep,AnimateDiff motion/context/sampling support node; exact schema requires module sweep.,AnimateDiff motion models; context options; optional camera/PIA/LCM models,rag_only_do_not_generate_until_schema_confirmed,no,yes,"mapping_only,animatediff,video,needs_schema_sweep",turn179file0;turn180file0,
PASS_02D,24,AnimateDiff Evolved,Kosinkadink/ComfyUI-AnimateDiff-Evolved,ADE_ViewsOnlyContextOptions,ADE_ViewsOnlyContextOptions,AnimateDiff Evolved,mapping_confirmed,active,mapping confirmed; exact INPUT_TYPES not fully audited this pass,unknown until module sweep,AnimateDiff motion/context/sampling support node; exact schema requires module sweep.,AnimateDiff motion models; context options; optional camera/PIA/LCM models,rag_only_do_not_generate_until_schema_confirmed,no,yes,"mapping_only,animatediff,video,needs_schema_sweep",turn179file0;turn180file0,
PASS_02D,24,AnimateDiff Evolved,Kosinkadink/ComfyUI-AnimateDiff-Evolved,ADE_VisualizeContextOptionsK,ADE_VisualizeContextOptionsK,AnimateDiff Evolved,mapping_confirmed,active,mapping confirmed; exact INPUT_TYPES not fully audited this pass,unknown until module sweep,AnimateDiff motion/context/sampling support node; exact schema requires module sweep.,AnimateDiff motion models; context options; optional camera/PIA/LCM models,rag_only_do_not_generate_until_schema_confirmed,no,yes,"mapping_only,animatediff,video,needs_schema_sweep",turn179file0;turn180file0,
PASS_02D,24,AnimateDiff Evolved,Kosinkadink/ComfyUI-AnimateDiff-Evolved,ADE_VisualizeContextOptionsKAdv,ADE_VisualizeContextOptionsKAdv,AnimateDiff Evolved,mapping_confirmed,active,mapping confirmed; exact INPUT_TYPES not fully audited this pass,unknown until module sweep,AnimateDiff motion/context/sampling support node; exact schema requires module sweep.,AnimateDiff motion models; context options; optional camera/PIA/LCM models,rag_only_do_not_generate_until_schema_confirmed,no,yes,"mapping_only,animatediff,video,needs_schema_sweep",turn179file0;turn180file0,
PASS_02D,24,AnimateDiff Evolved,Kosinkadink/ComfyUI-AnimateDiff-Evolved,ADE_VisualizeContextOptionsSCustom,ADE_VisualizeContextOptionsSCustom,AnimateDiff Evolved,mapping_confirmed,active,mapping confirmed; exact INPUT_TYPES not fully audited this pass,unknown until module sweep,AnimateDiff motion/context/sampling support node; exact schema requires module sweep.,AnimateDiff motion models; context options; optional camera/PIA/LCM models,rag_only_do_not_generate_until_schema_confirmed,no,yes,"mapping_only,animatediff,video,needs_schema_sweep",turn179file0;turn180file0,
PASS_02D,24,AnimateDiff Evolved,Kosinkadink/ComfyUI-AnimateDiff-Evolved,AnimateDiffLoaderV1,AnimateDiffLoaderV1,AnimateDiff Evolved,mapping_confirmed,deprecated,mapping confirmed; exact INPUT_TYPES not fully audited this pass,unknown until module sweep,Deprecated AnimateDiff compatibility node.,AnimateDiff legacy workflows,do_not_generate,no,yes,"deprecated,animatediff,red_node_risk",turn179file0;turn180file0,"Keep only for workflow repair and migration, not new JSON."
PASS_02D,24,AnimateDiff Evolved,Kosinkadink/ComfyUI-AnimateDiff-Evolved,CheckpointLoaderSimpleWithNoiseSelect,CheckpointLoaderSimpleWithNoiseSelect,AnimateDiff Evolved,mapping_confirmed,active,mapping confirmed; exact INPUT_TYPES not fully audited this pass,unknown until module sweep,AnimateDiff motion/context/sampling support node; exact schema requires module sweep.,AnimateDiff motion models; context options; optional camera/PIA/LCM models,rag_only_do_not_generate_until_schema_confirmed,no,yes,"mapping_only,animatediff,video,needs_schema_sweep",turn179file0;turn180file0,
PASS_02D,25,ComfyUI-SUPIR,kijai/ComfyUI-SUPIR,SUPIR_Upscale,SUPIR_Upscale,SUPIR,mapping_confirmed,deprecated,legacy upscale node; exact schema in nodes.py not audited this pass,IMAGE,Legacy one-node SUPIR upscale.,SUPIR legacy node,do_not_generate_legacy_unless_repairing,no,yes,"supir,legacy,needs_schema_sweep",turn181file0;turn182file0,
PASS_02D,25,ComfyUI-SUPIR,kijai/ComfyUI-SUPIR,SUPIR_conditioner,SUPIR_conditioner,SUPIR,schema_confirmed,active,SUPIR_model; latents; positive_prompt; negative_prompt; optional captions,"SUPIR_cond_pos, SUPIR_cond_neg",Build SUPIR conditioning.,SUPIR model conditioner,guarded_generate_after_local_test,no,yes,"supir,conditioning",turn181file0;turn182file0,
PASS_02D,25,ComfyUI-SUPIR,kijai/ComfyUI-SUPIR,SUPIR_decode,SUPIR_decode,SUPIR,schema_confirmed,active,SUPIR_VAE; latents; use_tiled_vae; decoder_tile_size; optional decoder_dtype,IMAGE,Decode SUPIR latent to image.,SUPIR VAE,guarded_generate_after_local_test,no,yes,"supir,vae_decode,high_vram",turn181file0;turn182file0,
PASS_02D,25,ComfyUI-SUPIR,kijai/ComfyUI-SUPIR,SUPIR_encode,SUPIR_encode,SUPIR,schema_confirmed,active,SUPIR_VAE; image; use_tiled_vae; encoder_tile_size; encoder_dtype,LATENT,Encode image to SUPIR latent.,SUPIR VAE,guarded_generate_after_local_test,no,yes,"supir,vae_encode,high_vram",turn181file0;turn182file0,
PASS_02D,25,ComfyUI-SUPIR,kijai/ComfyUI-SUPIR,SUPIR_first_stage,SUPIR_first_stage,SUPIR,schema_confirmed,active,SUPIR_VAE; image; tiled VAE options; encoder/decoder tile sizes; dtype,"SUPIRVAE, IMAGE, LATENT",SUPIR first-stage denoise/blur preprocessing.,SUPIR VAE,guarded_generate_after_local_test,no,yes,"supir,first_stage,high_vram",turn181file0;turn182file0,
PASS_02D,25,ComfyUI-SUPIR,kijai/ComfyUI-SUPIR,SUPIR_model_loader,SUPIR_model_loader,SUPIR,mapping_confirmed,deprecated,legacy loader; supir_model; sdxl_model; fp8_unet; diffusion_dtype,"SUPIRMODEL, SUPIRVAE",Legacy SUPIR model loader.,SUPIR checkpoint and SDXL checkpoint,do_not_generate_legacy_unless_repairing,no,yes,"supir,legacy,model_loader",turn181file0;turn182file0,
PASS_02D,25,ComfyUI-SUPIR,kijai/ComfyUI-SUPIR,SUPIR_model_loader_v2,SUPIR_model_loader_v2,SUPIR,mapping_confirmed,active,loader for SUPIR v2; exact lines not fully captured in this pass,"SUPIRMODEL, SUPIRVAE",Load SUPIR v2 model.,"SUPIR/SDXL checkpoints, CLIP components",rag_only_do_not_generate_until_schema_confirmed,no,yes,"supir,model_loader,needs_schema_sweep",turn181file0;turn182file0,
PASS_02D,25,ComfyUI-SUPIR,kijai/ComfyUI-SUPIR,SUPIR_model_loader_v2_clip,SUPIR_model_loader_v2_clip,SUPIR,mapping_confirmed,active,loader for SUPIR v2 with CLIP; exact lines not fully captured in this pass,"SUPIRMODEL, SUPIRVAE",Load SUPIR v2 with CLIP.,SUPIR/SDXL/CLIP,rag_only_do_not_generate_until_schema_confirmed,no,yes,"supir,model_loader,needs_schema_sweep",turn181file0;turn182file0,
PASS_02D,25,ComfyUI-SUPIR,kijai/ComfyUI-SUPIR,SUPIR_sample,SUPIR_sample,SUPIR,schema_confirmed,active,SUPIR_model; latents; positive/negative SUPIR cond; seed/steps/cfg/control/restore/tile sampler options,LATENT,SUPIR restoration/upscale sampling.,SUPIR model; sampler variants,guarded_generate_after_local_test,no,yes,"supir,sampler,high_vram,tiled_sampling",turn181file0;turn182file0,
PASS_02D,25,ComfyUI-SUPIR,kijai/ComfyUI-SUPIR,SUPIR_tiles,SUPIR_tiles,SUPIR,mapping_confirmed,active,tile preview settings from SUPIR v2 module; exact schema needs follow-up lines,IMAGE/caption helper output varies,Preview tile layout for SUPIR tiled sampling.,SUPIR tiled sampler,rag_only_do_not_generate_until_schema_confirmed,no,yes,"supir,mapping_only,needs_schema_sweep",turn181file0;turn182file0,
PASS_02D,26,UltimateSDUpscale,ssitu/ComfyUI_UltimateSDUpscale,UltimateSDUpscale,UltimateSDUpscale,image/upscaling,schema_confirmed,active,"image, model, positive, negative, vae, upscale_by, seed, steps, cfg, sampler_name, scheduler, denoise, upscale_model, tile/seam/batch options",IMAGE,Upscale image and run img2img per tile.,Upscale model; wraps original A1111 USDU script,guarded_generate_after_local_test,no,yes,"upscale,tiled,A1111_wrapper,global_state",turn183file0;turn184file0,Uses patched A1111 script/shared state; requires local install test before publishing workflow.
PASS_02D,26,UltimateSDUpscale,ssitu/ComfyUI_UltimateSDUpscale,UltimateSDUpscaleCustomSample,UltimateSDUpscaleCustomSample,image/upscaling,schema_confirmed,active,"image, model, conditioning, vae, upscale_by, seed, steps, cfg, sampler/scheduler, optional upscaler/custom_sampler/custom_sigmas",IMAGE,Tiled upscale/refine with optional custom sampler/sigmas.,Upscale model; wraps original A1111 USDU script,guarded_generate_after_local_test,no,yes,"upscale,tiled,A1111_wrapper,global_state",turn183file0;turn184file0,Uses patched A1111 script/shared state; requires local install test before publishing workflow.
PASS_02D,26,UltimateSDUpscale,ssitu/ComfyUI_UltimateSDUpscale,UltimateSDUpscaleNoUpscale,UltimateSDUpscaleNoUpscale,image/upscaling,schema_confirmed,active,"upscaled_image, model, positive, negative, vae, seed, steps, cfg, sampler/scheduler/denoise, tile/seam/batch options",IMAGE,Run tiled img2img refinement without separate upscaler.,Upscale model; wraps original A1111 USDU script,guarded_generate_after_local_test,no,yes,"upscale,tiled,A1111_wrapper,global_state",turn183file0;turn184file0,Uses patched A1111 script/shared state; requires local install test before publishing workflow.
PASS_02D,27,ComfyUI-nunchaku,nunchaku-ai/ComfyUI-nunchaku,NunchakuDepthPreprocessor,NunchakuDepthPreprocessor,Nunchaku,mapping_confirmed,active,mapping confirmed; exact INPUT_TYPES not fully audited this pass,unknown until module sweep,Nunchaku acceleration/control/model helper; exact schema needs module sweep.,nunchaku package; model-family-specific files,rag_only_do_not_generate_until_schema_confirmed,no,yes,"mapping_only,nunchaku,cuda_arch_sensitive,needs_schema_sweep",turn187file0,
PASS_02D,27,ComfyUI-nunchaku,nunchaku-ai/ComfyUI-nunchaku,NunchakuFluxDiTLoader,Nunchaku FLUX DiT Loader,Nunchaku,schema_confirmed,active,model_path; cache_threshold; attention; cpu_offload; device_id; data_type; optional i2f_mode,MODEL,Load Nunchaku quantized FLUX transformer into Comfy MODEL.,nunchaku package; SVDQ/int4/fp4 FLUX model; CUDA architecture sensitive,guarded_generate_after_local_test,no,yes,"nunchaku,flux,quantized_model,cuda_arch_sensitive",turn187file0;turn188file0,"Original master-list URL pointed to mit-han-lab, but current accessible repo is nunchaku-ai/ComfyUI-nunchaku."
PASS_02D,27,ComfyUI-nunchaku,nunchaku-ai/ComfyUI-nunchaku,NunchakuFluxIPAdapterApply,NunchakuFluxIPAdapterApply,Nunchaku,mapping_confirmed,active,mapping confirmed; exact INPUT_TYPES not fully audited this pass,unknown until module sweep,Nunchaku acceleration/control/model helper; exact schema needs module sweep.,nunchaku package; model-family-specific files,rag_only_do_not_generate_until_schema_confirmed,no,yes,"mapping_only,nunchaku,cuda_arch_sensitive,needs_schema_sweep",turn187file0,
PASS_02D,27,ComfyUI-nunchaku,nunchaku-ai/ComfyUI-nunchaku,NunchakuFluxLoraLoader,NunchakuFluxLoraLoader,Nunchaku,mapping_confirmed,active,mapping confirmed; exact INPUT_TYPES not fully audited this pass,unknown until module sweep,Nunchaku acceleration/control/model helper; exact schema needs module sweep.,nunchaku package; model-family-specific files,rag_only_do_not_generate_until_schema_confirmed,no,yes,"mapping_only,nunchaku,cuda_arch_sensitive,needs_schema_sweep",turn187file0,
PASS_02D,27,ComfyUI-nunchaku,nunchaku-ai/ComfyUI-nunchaku,NunchakuFluxLoraStack,NunchakuFluxLoraStack,Nunchaku,mapping_confirmed,active,mapping confirmed; exact INPUT_TYPES not fully audited this pass,unknown until module sweep,Nunchaku acceleration/control/model helper; exact schema needs module sweep.,nunchaku package; model-family-specific files,rag_only_do_not_generate_until_schema_confirmed,no,yes,"mapping_only,nunchaku,cuda_arch_sensitive,needs_schema_sweep",turn187file0,
PASS_02D,27,ComfyUI-nunchaku,nunchaku-ai/ComfyUI-nunchaku,NunchakuFluxPuLIDApplyV2,NunchakuFluxPuLIDApplyV2,Nunchaku,mapping_confirmed,active,mapping confirmed; exact INPUT_TYPES not fully audited this pass,unknown until module sweep,Nunchaku acceleration/control/model helper; exact schema needs module sweep.,nunchaku package; model-family-specific files,rag_only_do_not_generate_until_schema_confirmed,no,yes,"mapping_only,nunchaku,cuda_arch_sensitive,needs_schema_sweep",turn187file0,
PASS_02D,27,ComfyUI-nunchaku,nunchaku-ai/ComfyUI-nunchaku,NunchakuIPAdapterLoader,NunchakuIPAdapterLoader,Nunchaku,mapping_confirmed,active,mapping confirmed; exact INPUT_TYPES not fully audited this pass,unknown until module sweep,Nunchaku acceleration/control/model helper; exact schema needs module sweep.,nunchaku package; model-family-specific files,rag_only_do_not_generate_until_schema_confirmed,no,yes,"mapping_only,nunchaku,cuda_arch_sensitive,needs_schema_sweep",turn187file0,
PASS_02D,27,ComfyUI-nunchaku,nunchaku-ai/ComfyUI-nunchaku,NunchakuModelMerger,NunchakuModelMerger,Nunchaku,mapping_confirmed,active,mapping confirmed; exact INPUT_TYPES not fully audited this pass,unknown until module sweep,Nunchaku acceleration/control/model helper; exact schema needs module sweep.,nunchaku package; model-family-specific files,rag_only_do_not_generate_until_schema_confirmed,no,yes,"mapping_only,nunchaku,cuda_arch_sensitive,needs_schema_sweep",turn187file0,
PASS_02D,27,ComfyUI-nunchaku,nunchaku-ai/ComfyUI-nunchaku,NunchakuPuLIDLoaderV2,NunchakuPuLIDLoaderV2,Nunchaku,mapping_confirmed,active,mapping confirmed; exact INPUT_TYPES not fully audited this pass,unknown until module sweep,Nunchaku acceleration/control/model helper; exact schema needs module sweep.,nunchaku package; model-family-specific files,rag_only_do_not_generate_until_schema_confirmed,no,yes,"mapping_only,nunchaku,cuda_arch_sensitive,needs_schema_sweep",turn187file0,
PASS_02D,27,ComfyUI-nunchaku,nunchaku-ai/ComfyUI-nunchaku,NunchakuPulidApply,NunchakuPulidApply,Nunchaku,mapping_confirmed,active,mapping confirmed; exact INPUT_TYPES not fully audited this pass,unknown until module sweep,Nunchaku acceleration/control/model helper; exact schema needs module sweep.,nunchaku package; model-family-specific files,rag_only_do_not_generate_until_schema_confirmed,no,yes,"mapping_only,nunchaku,cuda_arch_sensitive,needs_schema_sweep",turn187file0,
PASS_02D,27,ComfyUI-nunchaku,nunchaku-ai/ComfyUI-nunchaku,NunchakuPulidLoader,NunchakuPulidLoader,Nunchaku,mapping_confirmed,active,mapping confirmed; exact INPUT_TYPES not fully audited this pass,unknown until module sweep,Nunchaku acceleration/control/model helper; exact schema needs module sweep.,nunchaku package; model-family-specific files,rag_only_do_not_generate_until_schema_confirmed,no,yes,"mapping_only,nunchaku,cuda_arch_sensitive,needs_schema_sweep",turn187file0,
PASS_02D,27,ComfyUI-nunchaku,nunchaku-ai/ComfyUI-nunchaku,NunchakuQwenImageDiTLoader,NunchakuQwenImageDiTLoader,Nunchaku,mapping_confirmed,active,mapping confirmed; exact INPUT_TYPES not fully audited this pass,unknown until module sweep,Nunchaku acceleration/control/model helper; exact schema needs module sweep.,nunchaku package; model-family-specific files,rag_only_do_not_generate_until_schema_confirmed,no,yes,"mapping_only,nunchaku,cuda_arch_sensitive,needs_schema_sweep",turn187file0,
PASS_02D,27,ComfyUI-nunchaku,nunchaku-ai/ComfyUI-nunchaku,NunchakuTextEncoderLoader,NunchakuTextEncoderLoader,Nunchaku,mapping_confirmed,active,mapping confirmed; exact INPUT_TYPES not fully audited this pass,unknown until module sweep,Nunchaku acceleration/control/model helper; exact schema needs module sweep.,nunchaku package; model-family-specific files,rag_only_do_not_generate_until_schema_confirmed,no,yes,"mapping_only,nunchaku,cuda_arch_sensitive,needs_schema_sweep",turn187file0,
PASS_02D,27,ComfyUI-nunchaku,nunchaku-ai/ComfyUI-nunchaku,NunchakuTextEncoderLoaderV2,NunchakuTextEncoderLoaderV2,Nunchaku,mapping_confirmed,active,mapping confirmed; exact INPUT_TYPES not fully audited this pass,unknown until module sweep,Nunchaku acceleration/control/model helper; exact schema needs module sweep.,nunchaku package; model-family-specific files,rag_only_do_not_generate_until_schema_confirmed,no,yes,"mapping_only,nunchaku,cuda_arch_sensitive,needs_schema_sweep",turn187file0,
PASS_02D,27,ComfyUI-nunchaku,nunchaku-ai/ComfyUI-nunchaku,NunchakuWheelInstaller,NunchakuWheelInstaller,Nunchaku,mapping_confirmed,installer,installer/tool node; not a generation workflow node,installer status/output varies,Install/check Nunchaku wheel.,Python wheel/network/environment,do_not_generate,no,yes,"installer,environment_mutation,do_not_generate",turn187file0;turn186file2,
PASS_02D,27,ComfyUI-nunchaku,nunchaku-ai/ComfyUI-nunchaku,NunchakuZImageDiTLoader,NunchakuZImageDiTLoader,Nunchaku,mapping_confirmed,active,mapping confirmed; exact INPUT_TYPES not fully audited this pass,unknown until module sweep,Nunchaku acceleration/control/model helper; exact schema needs module sweep.,nunchaku package; model-family-specific files,rag_only_do_not_generate_until_schema_confirmed,no,yes,"mapping_only,nunchaku,cuda_arch_sensitive,needs_schema_sweep",turn187file0,
PASS_02D,28,x-flux-comfyui,XLabs-AI/x-flux-comfyui,ApplyAdvancedFluxControlNet,ApplyAdvancedFluxControlNet,XLabsNodes,schema_confirmed,active,controlnet; image; strength; start; end; optional controlnet_condition,ControlNetCondition,Build timed Flux control condition.,XLabs Flux ControlNet,guarded_generate_after_local_test,no,yes,"flux,controlnet,timing,xlabs",turn189file0;turn190file0,
PASS_02D,28,x-flux-comfyui,XLabs-AI/x-flux-comfyui,ApplyAdvancedFluxIPAdapter,ApplyAdvancedFluxIPAdapter,XLabsNodes,schema_confirmed,active,model; ip_adapter_flux; image; begin_strength; end_strength; smothing_type,MODEL,Apply scheduled Flux IPAdapter strength.,XLabs Flux IPAdapter,guarded_generate_after_local_test,no,yes,"flux,ipadapter,model_patch,typo_smothing",turn189file0;turn190file0,
PASS_02D,28,x-flux-comfyui,XLabs-AI/x-flux-comfyui,ApplyFluxControlNet,ApplyFluxControlNet,XLabsNodes,schema_confirmed,active,controlnet; image; strength; optional controlnet_condition,ControlNetCondition,Build Flux control condition.,XLabs Flux ControlNet,guarded_generate_after_local_test,no,yes,"flux,controlnet,xlabs",turn189file0;turn190file0,
PASS_02D,28,x-flux-comfyui,XLabs-AI/x-flux-comfyui,ApplyFluxIPAdapter,ApplyFluxIPAdapter,XLabsNodes,schema_confirmed,active,model; ip_adapter_flux; image; ip_scale,MODEL,Apply Flux IPAdapter to model.,XLabs Flux IPAdapter,guarded_generate_after_local_test,no,yes,"flux,ipadapter,model_patch",turn189file0;turn190file0,
PASS_02D,28,x-flux-comfyui,XLabs-AI/x-flux-comfyui,LoadFluxControlNet,LoadFluxControlNet,XLabsNodes,schema_confirmed,active,model_name flux-dev/flux-dev-fp8/flux-schnell; controlnet_path from xlabs_controlnets,FluxControlNet,Load XLabs Flux ControlNet.,models/xlabs/controlnets,guarded_generate_after_local_test,no,yes,"flux,controlnet,xlabs",turn189file0;turn190file0,
PASS_02D,28,x-flux-comfyui,XLabs-AI/x-flux-comfyui,LoadFluxIPAdapter,LoadFluxIPAdapter,XLabsNodes,schema_confirmed,active,ipadatper from xlabs_ipadapters; clip_vision; provider CPU/GPU,IP_ADAPTER_FLUX,Load XLabs Flux IPAdapter.,models/xlabs/ipadapters; clip_vision,guarded_generate_after_local_test,no,yes,"flux,ipadapter,xlabs,typo_input_ipadatper",turn189file0;turn190file0,
PASS_02D,28,x-flux-comfyui,XLabs-AI/x-flux-comfyui,LoadFluxLora,LoadFluxLora,XLabsNodes,schema_confirmed,active,model; lora_name from xlabs_loras; strength_model,MODEL,Patch XLabs Flux LoRA into model.,models/xlabs/loras,guarded_generate_after_local_test,no,yes,"flux,lora,xlabs,model_patch",turn189file0;turn190file0,
PASS_02D,28,x-flux-comfyui,XLabs-AI/x-flux-comfyui,XlabsSampler,XlabsSampler,XLabsNodes,schema_confirmed,active,model; conditioning; neg_conditioning; noise_seed; steps; timestep_to_start_cfg; true_gs; image_to_image_strength; denoise_strength; optional latent_image/controlnet_condition,LATENT,Sample Flux with XLabs sampler/control path.,XLabs Flux model/control condition,rag_only_or_expert_local_test,no,yes,"flux,sampler,custom_pipeline",turn189file0;turn190file0,
PASS_02D,29,ComfyUI-Fluxtapoz,logtd/ComfyUI-Fluxtapoz,ApplyRegionalConds,ApplyRegionalConds,Fluxtapoz/Flux,mapping_confirmed,active,mapping confirmed; exact INPUT_TYPES not fully audited this pass,unknown until module sweep,Flux inversion/edit/regional/attention helper; exact schema needs node-file sweep.,"Flux model, RF inversion/edit or regional attention workflows",rag_only_do_not_generate_until_schema_confirmed,no,yes,"mapping_only,flux,expert,needs_schema_sweep",turn194file0,
PASS_02D,29,ComfyUI-Fluxtapoz,logtd/ComfyUI-Fluxtapoz,ConfigureModifiedFlux,ConfigureModifiedFlux,Fluxtapoz/Flux,mapping_confirmed,active,mapping confirmed; exact INPUT_TYPES not fully audited this pass,unknown until module sweep,Flux inversion/edit/regional/attention helper; exact schema needs node-file sweep.,"Flux model, RF inversion/edit or regional attention workflows",rag_only_do_not_generate_until_schema_confirmed,no,yes,"mapping_only,flux,expert,needs_schema_sweep",turn194file0,
PASS_02D,29,ComfyUI-Fluxtapoz,logtd/ComfyUI-Fluxtapoz,CreateRegionalCond,CreateRegionalCond,Fluxtapoz/Flux,mapping_confirmed,active,mapping confirmed; exact INPUT_TYPES not fully audited this pass,unknown until module sweep,Flux inversion/edit/regional/attention helper; exact schema needs node-file sweep.,"Flux model, RF inversion/edit or regional attention workflows",rag_only_do_not_generate_until_schema_confirmed,no,yes,"mapping_only,flux,expert,needs_schema_sweep",turn194file0,
PASS_02D,29,ComfyUI-Fluxtapoz,logtd/ComfyUI-Fluxtapoz,FlowEditForwardSampler,FlowEditForwardSampler,Fluxtapoz/Flux,mapping_confirmed,active,mapping confirmed; exact INPUT_TYPES not fully audited this pass,unknown until module sweep,Flux inversion/edit/regional/attention helper; exact schema needs node-file sweep.,"Flux model, RF inversion/edit or regional attention workflows",rag_only_do_not_generate_until_schema_confirmed,no,yes,"mapping_only,flux,expert,needs_schema_sweep",turn194file0,
PASS_02D,29,ComfyUI-Fluxtapoz,logtd/ComfyUI-Fluxtapoz,FlowEditGuider,FlowEditGuider,Fluxtapoz/Flux,mapping_confirmed,active,mapping confirmed; exact INPUT_TYPES not fully audited this pass,unknown until module sweep,Flux inversion/edit/regional/attention helper; exact schema needs node-file sweep.,"Flux model, RF inversion/edit or regional attention workflows",rag_only_do_not_generate_until_schema_confirmed,no,yes,"mapping_only,flux,expert,needs_schema_sweep",turn194file0,
PASS_02D,29,ComfyUI-Fluxtapoz,logtd/ComfyUI-Fluxtapoz,FlowEditReverseSampler,FlowEditReverseSampler,Fluxtapoz/Flux,mapping_confirmed,active,mapping confirmed; exact INPUT_TYPES not fully audited this pass,unknown until module sweep,Flux inversion/edit/regional/attention helper; exact schema needs node-file sweep.,"Flux model, RF inversion/edit or regional attention workflows",rag_only_do_not_generate_until_schema_confirmed,no,yes,"mapping_only,flux,expert,needs_schema_sweep",turn194file0,
PASS_02D,29,ComfyUI-Fluxtapoz,logtd/ComfyUI-Fluxtapoz,FlowEditSampler,FlowEditSampler,Fluxtapoz/Flux,mapping_confirmed,active,mapping confirmed; exact INPUT_TYPES not fully audited this pass,unknown until module sweep,Flux inversion/edit/regional/attention helper; exact schema needs node-file sweep.,"Flux model, RF inversion/edit or regional attention workflows",rag_only_do_not_generate_until_schema_confirmed,no,yes,"mapping_only,flux,expert,needs_schema_sweep",turn194file0,
PASS_02D,29,ComfyUI-Fluxtapoz,logtd/ComfyUI-Fluxtapoz,FluxAttnOverride,FluxAttnOverride,Fluxtapoz/Flux,mapping_confirmed,active,mapping confirmed; exact INPUT_TYPES not fully audited this pass,unknown until module sweep,Flux inversion/edit/regional/attention helper; exact schema needs node-file sweep.,"Flux model, RF inversion/edit or regional attention workflows",rag_only_do_not_generate_until_schema_confirmed,no,yes,"mapping_only,flux,expert,needs_schema_sweep",turn194file0,
PASS_02D,29,ComfyUI-Fluxtapoz,logtd/ComfyUI-Fluxtapoz,FluxDeGuidance,FluxDeGuidance,Fluxtapoz/Flux,mapping_confirmed,active,mapping confirmed; exact INPUT_TYPES not fully audited this pass,unknown until module sweep,Flux inversion/edit/regional/attention helper; exact schema needs node-file sweep.,"Flux model, RF inversion/edit or regional attention workflows",rag_only_do_not_generate_until_schema_confirmed,no,yes,"mapping_only,flux,expert,needs_schema_sweep",turn194file0,
PASS_02D,29,ComfyUI-Fluxtapoz,logtd/ComfyUI-Fluxtapoz,FluxForwardODESampler,FluxForwardODESampler,Fluxtapoz/Flux,mapping_confirmed,active,mapping confirmed; exact INPUT_TYPES not fully audited this pass,unknown until module sweep,Flux inversion/edit/regional/attention helper; exact schema needs node-file sweep.,"Flux model, RF inversion/edit or regional attention workflows",rag_only_do_not_generate_until_schema_confirmed,no,yes,"mapping_only,flux,expert,needs_schema_sweep",turn194file0,
PASS_02D,29,ComfyUI-Fluxtapoz,logtd/ComfyUI-Fluxtapoz,FluxInverseSampler,FluxInverseSampler,Fluxtapoz/Flux,mapping_confirmed,active,mapping confirmed; exact INPUT_TYPES not fully audited this pass,unknown until module sweep,Flux inversion/edit/regional/attention helper; exact schema needs node-file sweep.,"Flux model, RF inversion/edit or regional attention workflows",rag_only_do_not_generate_until_schema_confirmed,no,yes,"mapping_only,flux,expert,needs_schema_sweep",turn194file0,
PASS_02D,29,ComfyUI-Fluxtapoz,logtd/ComfyUI-Fluxtapoz,FluxNoiseMixer,FluxNoiseMixer,Fluxtapoz/Flux,mapping_confirmed,active,mapping confirmed; exact INPUT_TYPES not fully audited this pass,unknown until module sweep,Flux inversion/edit/regional/attention helper; exact schema needs node-file sweep.,"Flux model, RF inversion/edit or regional attention workflows",rag_only_do_not_generate_until_schema_confirmed,no,yes,"mapping_only,flux,expert,needs_schema_sweep",turn194file0,
PASS_02D,29,ComfyUI-Fluxtapoz,logtd/ComfyUI-Fluxtapoz,FluxReverseODESampler,FluxReverseODESampler,Fluxtapoz/Flux,mapping_confirmed,active,mapping confirmed; exact INPUT_TYPES not fully audited this pass,unknown until module sweep,Flux inversion/edit/regional/attention helper; exact schema needs node-file sweep.,"Flux model, RF inversion/edit or regional attention workflows",rag_only_do_not_generate_until_schema_confirmed,no,yes,"mapping_only,flux,expert,needs_schema_sweep",turn194file0,
PASS_02D,29,ComfyUI-Fluxtapoz,logtd/ComfyUI-Fluxtapoz,InFluxFlipSigmas,InFluxFlipSigmas,Fluxtapoz/Flux,mapping_confirmed,active,mapping confirmed; exact INPUT_TYPES not fully audited this pass,unknown until module sweep,Flux inversion/edit/regional/attention helper; exact schema needs node-file sweep.,"Flux model, RF inversion/edit or regional attention workflows",rag_only_do_not_generate_until_schema_confirmed,no,yes,"mapping_only,flux,expert,needs_schema_sweep",turn194file0,
PASS_02D,29,ComfyUI-Fluxtapoz,logtd/ComfyUI-Fluxtapoz,InFluxModelSamplingPred,InFluxModelSamplingPred,Fluxtapoz/Flux,mapping_confirmed,active,mapping confirmed; exact INPUT_TYPES not fully audited this pass,unknown until module sweep,Flux inversion/edit/regional/attention helper; exact schema needs node-file sweep.,"Flux model, RF inversion/edit or regional attention workflows",rag_only_do_not_generate_until_schema_confirmed,no,yes,"mapping_only,flux,expert,needs_schema_sweep",turn194file0,
PASS_02D,29,ComfyUI-Fluxtapoz,logtd/ComfyUI-Fluxtapoz,OutFluxModelSamplingPred,OutFluxModelSamplingPred,Fluxtapoz/Flux,mapping_confirmed,active,mapping confirmed; exact INPUT_TYPES not fully audited this pass,unknown until module sweep,Flux inversion/edit/regional/attention helper; exact schema needs node-file sweep.,"Flux model, RF inversion/edit or regional attention workflows",rag_only_do_not_generate_until_schema_confirmed,no,yes,"mapping_only,flux,expert,needs_schema_sweep",turn194file0,
PASS_02D,29,ComfyUI-Fluxtapoz,logtd/ComfyUI-Fluxtapoz,PAGAttention,PAGAttention,Fluxtapoz/Flux,mapping_confirmed,active,mapping confirmed; exact INPUT_TYPES not fully audited this pass,unknown until module sweep,Flux inversion/edit/regional/attention helper; exact schema needs node-file sweep.,"Flux model, RF inversion/edit or regional attention workflows",rag_only_do_not_generate_until_schema_confirmed,no,yes,"mapping_only,flux,expert,needs_schema_sweep",turn194file0,
PASS_02D,29,ComfyUI-Fluxtapoz,logtd/ComfyUI-Fluxtapoz,PrepareAttnBank,PrepareAttnBank,Fluxtapoz/Flux,mapping_confirmed,active,mapping confirmed; exact INPUT_TYPES not fully audited this pass,unknown until module sweep,Flux inversion/edit/regional/attention helper; exact schema needs node-file sweep.,"Flux model, RF inversion/edit or regional attention workflows",rag_only_do_not_generate_until_schema_confirmed,no,yes,"mapping_only,flux,expert,needs_schema_sweep",turn194file0,
PASS_02D,29,ComfyUI-Fluxtapoz,logtd/ComfyUI-Fluxtapoz,RFDoubleBlocksOverride,RFDoubleBlocksOverride,Fluxtapoz/Flux,mapping_confirmed,active,mapping confirmed; exact INPUT_TYPES not fully audited this pass,unknown until module sweep,Flux inversion/edit/regional/attention helper; exact schema needs node-file sweep.,"Flux model, RF inversion/edit or regional attention workflows",rag_only_do_not_generate_until_schema_confirmed,no,yes,"mapping_only,flux,expert,needs_schema_sweep",turn194file0,
PASS_02D,29,ComfyUI-Fluxtapoz,logtd/ComfyUI-Fluxtapoz,RFSingleBlocksOverride,RFSingleBlocksOverride,Fluxtapoz/Flux,mapping_confirmed,active,mapping confirmed; exact INPUT_TYPES not fully audited this pass,unknown until module sweep,Flux inversion/edit/regional/attention helper; exact schema needs node-file sweep.,"Flux model, RF inversion/edit or regional attention workflows",rag_only_do_not_generate_until_schema_confirmed,no,yes,"mapping_only,flux,expert,needs_schema_sweep",turn194file0,
PASS_02D,29,ComfyUI-Fluxtapoz,logtd/ComfyUI-Fluxtapoz,RegionalStyleModelApply,RegionalStyleModelApply,Fluxtapoz/Flux,mapping_confirmed,active,mapping confirmed; exact INPUT_TYPES not fully audited this pass,unknown until module sweep,Flux inversion/edit/regional/attention helper; exact schema needs node-file sweep.,"Flux model, RF inversion/edit or regional attention workflows",rag_only_do_not_generate_until_schema_confirmed,no,yes,"mapping_only,flux,expert,needs_schema_sweep",turn194file0,
PASS_02D,29,ComfyUI-Fluxtapoz,logtd/ComfyUI-Fluxtapoz,SEGAttention,SEGAttention,Fluxtapoz/Flux,mapping_confirmed,active,mapping confirmed; exact INPUT_TYPES not fully audited this pass,unknown until module sweep,Flux inversion/edit/regional/attention helper; exact schema needs node-file sweep.,"Flux model, RF inversion/edit or regional attention workflows",rag_only_do_not_generate_until_schema_confirmed,no,yes,"mapping_only,flux,expert,needs_schema_sweep",turn194file0,
PASS_02D,30,ComfyUI-FluxTrainer,kijai/ComfyUI-FluxTrainer,FluxTrainModelSelect,FluxTrainModelSelect,FluxTrainer,schema_confirmed,active,"transformer, vae, clip_l, t5; optional lora_path",TRAIN_FLUX_MODELS,Select Flux training model paths.,"models/unet, models/vae, models/clip",rag_only_training_workflow,no,yes,"training,flux,paths",turn196file0;turn197file0,Not for inference workflow JSON; keep for training guide/workflows.
PASS_02D,30,ComfyUI-FluxTrainer,kijai/ComfyUI-FluxTrainer,FluxTrainerLossConfig,FluxTrainerLossConfig,FluxTrainer,schema_confirmed,active,loss_type; huber_schedule; huber_c; huber_scale,ARGS,Flux training loss settings.,training loss config,rag_only_training_workflow,no,yes,"training,loss",turn196file0;turn197file0,Not for inference workflow JSON; keep for training guide/workflows.
PASS_02D,30,ComfyUI-FluxTrainer,kijai/ComfyUI-FluxTrainer,InitFluxLoRATraining,InitFluxLoRATraining,FluxTrainer,schema_confirmed,active,flux_models; dataset; optimizer_settings; output; network dim/alpha; learning rate; steps; cache/blockswap/weighting/timestep/dtype/attention/sample prompts; optional args,training job / outputs vary,Initialize/run Flux LoRA training from ComfyUI.,FluxTrainer training scripts; dataset folders; high VRAM/long process,rag_only_training_workflow,no,yes,"training,process_launcher,local_paths,high_vram",turn196file0;turn197file0,Not for inference workflow JSON; keep for training guide/workflows.
PASS_02D,30,ComfyUI-FluxTrainer,kijai/ComfyUI-FluxTrainer,OptimizerConfig,OptimizerConfig,FluxTrainer,schema_confirmed,active,optimizer_type; max_grad_norm; scheduler settings; min_snr_gamma; extra_optimizer_args,ARGS,General optimizer settings.,training optimizer deps,rag_only_training_workflow,no,yes,"training,optimizer",turn196file0;turn197file0,Not for inference workflow JSON; keep for training guide/workflows.
PASS_02D,30,ComfyUI-FluxTrainer,kijai/ComfyUI-FluxTrainer,OptimizerConfigAdafactor,OptimizerConfigAdafactor,FluxTrainer,schema_confirmed,active,adafactor scheduler/relative/scale/warmup/clip settings; min_snr_gamma; extra args,ARGS,Adafactor optimizer settings.,training optimizer deps,rag_only_training_workflow,no,yes,"training,optimizer",turn196file0;turn197file0,Not for inference workflow JSON; keep for training guide/workflows.
PASS_02D,30,ComfyUI-FluxTrainer,kijai/ComfyUI-FluxTrainer,OptimizerConfigProdigy,OptimizerConfigProdigy,FluxTrainer,schema_confirmed,active,prodigy optimizer settings; scheduler; weight_decay; decouple; min_snr_gamma,ARGS,Prodigy optimizer settings.,training optimizer deps,rag_only_training_workflow,no,yes,"training,optimizer",turn196file0;turn197file0,Not for inference workflow JSON; keep for training guide/workflows.
PASS_02D,30,ComfyUI-FluxTrainer,kijai/ComfyUI-FluxTrainer,OptimizerConfigProdigyPlusScheduleFree,OptimizerConfigProdigyPlusScheduleFree,FluxTrainer,schema_confirmed,active,"lr, prodigy_steps, d0, d_coef, stableadam/cautious/adopt/grams/etc.; extra args",ARGS,ProdigyPlusScheduleFree optimizer settings.,training optimizer deps,rag_only_training_workflow,no,yes,"training,optimizer,experimental",turn196file0;turn197file0,Not for inference workflow JSON; keep for training guide/workflows.
PASS_02D,30,ComfyUI-FluxTrainer,kijai/ComfyUI-FluxTrainer,SD3 training nodes,SD3 training nodes,FluxTrainer,module_inventory_confirmed,active,mapping confirmed; exact INPUT_TYPES not fully audited this pass,unknown until module sweep,Training module imported from nodes_sd3/nodes_sdxl; exact rows require separate training pass.,SD3/SDXL training scripts,rag_only_training_workflow,no,yes,"training,module_inventory,needs_schema_sweep",turn196file0,
PASS_02D,30,ComfyUI-FluxTrainer,kijai/ComfyUI-FluxTrainer,SDXL training nodes,SDXL training nodes,FluxTrainer,module_inventory_confirmed,active,mapping confirmed; exact INPUT_TYPES not fully audited this pass,unknown until module sweep,Training module imported from nodes_sd3/nodes_sdxl; exact rows require separate training pass.,SD3/SDXL training scripts,rag_only_training_workflow,no,yes,"training,module_inventory,needs_schema_sweep",turn196file0,
PASS_02D,30,ComfyUI-FluxTrainer,kijai/ComfyUI-FluxTrainer,TrainDatasetAdd,TrainDatasetAdd,FluxTrainer,schema_confirmed,active,dataset_config; width/height/batch_size; dataset_path; class_tokens; bucket settings; optional regularization,JSON,Append dataset subset to training config.,image dataset folders/captions,rag_only_training_workflow,no,yes,"training,dataset_config,bucketing",turn196file0;turn197file0,Not for inference workflow JSON; keep for training guide/workflows.
PASS_02D,30,ComfyUI-FluxTrainer,kijai/ComfyUI-FluxTrainer,TrainDatasetGeneralConfig,TrainDatasetGeneralConfig,FluxTrainer,schema_confirmed,active,"color_aug, flip_aug, shuffle_caption, caption_dropout_rate, alpha_mask; optional reset_on_queue/caption_extension",JSON,Create general dataset config.,training dataset folders/captions,rag_only_training_workflow,no,yes,"training,dataset_config",turn196file0;turn197file0,Not for inference workflow JSON; keep for training guide/workflows.
PASS_02D,30,ComfyUI-FluxTrainer,kijai/ComfyUI-FluxTrainer,TrainDatasetRegularization,TrainDatasetRegularization,FluxTrainer,schema_confirmed,active,"dataset_path, class_tokens, num_repeats",JSON,Create regularization subset config.,regularization images/captions,rag_only_training_workflow,no,yes,"training,regularization",turn196file0;turn197file0,Not for inference workflow JSON; keep for training guide/workflows.
PASS_02D,30,ComfyUI-FluxTrainer,kijai/ComfyUI-FluxTrainer,TrainNetworkConfig,TrainNetworkConfig,FluxTrainer,schema_confirmed,active,network_type; lycoris_preset; factor; extra_network_args,NETWORK_CONFIG,Create LoRA/LyCORIS network config.,kohya/lycoris modules,rag_only_training_workflow,no,yes,"training,lora,lycoris",turn196file0;turn197file0,Not for inference workflow JSON; keep for training guide/workflows.
PASS_02E,31,Efficiency Nodes for ComfyUI Version 2.0+,jags111/efficiency-nodes-comfyui,TSC_Apply_ControlNet_Stack,Apply ControlNet Stack,Efficiency Nodes/Stackers,schema_confirmed,active,"positive, negative, optional CONTROL_NET_STACK","CONDITIONING, CONDITIONING",Apply stacked ControlNets to conditioning.,ControlNetApplyAdvanced,guarded_generate_after_schema_check,no,yes,"legacy_stack,controlnet",turn206file0,Good repair knowledge; not default AIWF workflow shape.
PASS_02E,31,Efficiency Nodes for ComfyUI Version 2.0+,jags111/efficiency-nodes-comfyui,TSC_Control_Net_Stacker,ControlNet Stacker,Efficiency Nodes/Stackers,schema_confirmed,active,"control_net, image, strength, start/end percent; optional existing stack",CONTROL_NET_STACK,Legacy ControlNet stack builder.,"CONTROL_NET, IMAGE",guarded_generate_after_schema_check,no,yes,"legacy_stack,controlnet",turn206file0,Prefer Advanced-ControlNet or core ControlNet nodes for clean new workflows.
PASS_02E,31,Efficiency Nodes for ComfyUI Version 2.0+,jags111/efficiency-nodes-comfyui,TSC_EfficientLoader,Efficient Loader,Efficiency Nodes/Loaders,schema_confirmed,active,"ckpt, vae, clip_skip, LoRA, positive/negative, token normalization, latent size, batch; optional LoRA/CNet stack","MODEL, positive/negative CONDITIONING, LATENT, VAE, CLIP, DEPENDENCIES",Compact checkpoint/prompt/latent loader wrapper for legacy efficiency workflows.,"checkpoints, vae, loras, optional controlnet stack",rag_only_prefer_core_or_aiwf_wrappers,no,yes,"legacy_wrapper,cache,hidden_flow",turn205file0;turn206file0,Good compatibility knowledge; not preferred for clean AIWF foundation workflows because it hides core ComfyUI flow.
PASS_02E,31,Efficiency Nodes for ComfyUI Version 2.0+,jags111/efficiency-nodes-comfyui,TSC_EfficientLoaderSDXL,Efficient Loader SDXL,Efficiency Nodes/Loaders,schema_confirmed,active,"base/refiner ckpt, clip skips, ascores, vae, prompts, token normalization, latent size, batch; optional LoRA/CNet stack","SDXL_TUPLE, LATENT, VAE, DEPENDENCIES",Compact SDXL base/refiner loader wrapper.,"checkpoints, vae, loras, controlnet",rag_only_prefer_core_or_aiwf_wrappers,no,yes,"legacy_wrapper,sdxl_tuple,hidden_flow",turn205file0;turn206file0,Keep for old workflow repair; prefer core SDXL base/refiner graphs for teaching.
PASS_02E,31,Efficiency Nodes for ComfyUI Version 2.0+,jags111/efficiency-nodes-comfyui,TSC_KSampler,KSampler Efficient,Efficiency Nodes/Sampling,schema_confirmed,active,"model, seed, steps, cfg, sampler, scheduler, conditioning, latent, denoise, preview_method, vae_decode; optional VAE/script","MODEL, CONDITIONING, LATENT, VAE, IMAGE",All-in-one sampler wrapper with preview/decode/script hooks.,"core KSampler, VAE, optional scripts; monkey patches schedulers/preview/noise in places",rag_only_prefer_core_or_aiwf_wrappers,no,yes,"legacy_wrapper,monkey_patch,script_hooks",turn206file0,Do not use as default JSON foundation; useful for repairing older workflows.
PASS_02E,31,Efficiency Nodes for ComfyUI Version 2.0+,jags111/efficiency-nodes-comfyui,TSC_LoRA_Stacker,LoRA Stacker,Efficiency Nodes/Stackers,schema_confirmed,active,"input_mode, lora_count, dynamic lora_name/weights/model_str/clip_str rows; optional stack",LORA_STACK,Legacy LoRA stacking helper.,models/loras,guarded_generate_after_schema_check,no,yes,"legacy_stack,dynamic_inputs",turn206file0,Use rgthree Power Lora Loader or core LoRA nodes for new teaching graphs.
PASS_02E,32,WAS Node Suite Revised,ltdrdata/was-node-suite-comfyui,WAS_CONFIG_AND_WHITELIST,WAS config / whitelist behavior,WAS Suite,schema_confirmed,active,was_suite_config.json; whitelist-dirs.list; environment variable WAS_CONFIG_DIR,runtime config behavior,Documents setup/security behavior for WAS nodes that touch files and downloads.,"local filesystem, config files, optional downloads, whitelist dirs",rag_only_runtime_policy,no,yes,"filesystem,auto_install,downloads,security_relevant",turn208file0,"Important for AIWF troubleshooting: WAS can create config files, history DB, whitelist dirs, and optionally download/install resources."
PASS_02E,32,WAS Node Suite Revised,ltdrdata/was-node-suite-comfyui,WAS_NODE_SUITE_MODULE,WAS Node Suite module,WAS Suite,module_inventory_confirmed,active,single monolithic WAS_Node_Suite.py with config/history/style/wildcard setup and >180 nodes,many node-specific outputs,Huge legacy utility/mask/text/image suite; compatibility target.,"PIL, numpy, numba, requests, SAM URLs, local config files, wildcard/config databases",rag_only_needs_node_schema_sweep,no,yes,"huge_legacy_pack,auto_config,filesystem,optional_downloads",turn207file0;turn208file0,"Source says revised by Dr.Lt.Data after original author retired; treat as common legacy dependency, not new workflow foundation."
PASS_02E,33,MTB Nodes,melMass/comfy_mtb,/mtb status routes,MTB status/debug/manage routes,mtb/server,schema_confirmed,active,"PromptServer routes /mtb, /mtb/status, /mtb/manage, /mtb/server-info",web/json responses,Troubleshooting target for MTB-specific red/missing nodes.,aiohttp PromptServer; optional cachetools,rag_only_runtime_policy,no,yes,"server_routes,local_ui",turn210file0,Not workflow JSON nodes; useful for diagnostics and user support.
PASS_02E,33,MTB Nodes,melMass/comfy_mtb,MTB_DYNAMIC_NODE_LOADER,MTB dynamic node loader,mtb,module_inventory_confirmed,active,"loads every .py in nodes/ using __nodes__; labels class names as ""<label> (mtb)""",dynamic node mappings,Common utility pack with dynamic imports and /mtb status/debug routes.,optional per-node dependencies; PromptServer routes; web extensions,rag_only_needs_node_schema_sweep,no,yes,"dynamic_import,server_routes,dependency_sensitive",turn210file0,Use /mtb/status for local load failures; exact node list depends on installed dependencies.
PASS_02E,34,Comfyroll Studio,Suzie1/ComfyUI_Comfyroll_CustomNodes,COMFYROLL_MODULE_GROUPS,Comfyroll module groups,Comfyroll,module_inventory_confirmed,active,imports core/aspect/list/lora/controlnet/pipe/sdxl/upscale/xygrid/graphics/animation/utils modules,large NODE_CLASS_MAPPINGS,"Broad legacy/common utility pack: aspect ratios, LoRA, ControlNet, pipes, graphics, animation, text, switches.",many internal modules; optional import blocks,rag_only_needs_node_schema_sweep,no,yes,"huge_legacy_pack,wrapper_nodes",turn203file16;turn211file0,Mapping is broad enough for red-node identification; exact schema needs per-module pass.
PASS_02E,34,Comfyroll Studio,Suzie1/ComfyUI_Comfyroll_CustomNodes,CR Apply Multi-ControlNet,CR Apply Multi-ControlNet,Comfyroll,mapping_confirmed,active,mapping confirmed; exact INPUT_TYPES not audited in this pass,unknown until module sweep,Apply stacked ControlNets,Comfyroll modules,rag_only_needs_node_schema_sweep,no,yes,"controlnet_stack,legacy_wrapper",turn211file0,Representative mapping row from Comfyroll master node_mappings.py.
PASS_02E,34,Comfyroll Studio,Suzie1/ComfyUI_Comfyroll_CustomNodes,CR Image Input Switch,CR Image Input Switch,Comfyroll,mapping_confirmed,active,mapping confirmed; exact INPUT_TYPES not audited in this pass,unknown until module sweep,Image routing/switching,Comfyroll modules,rag_only_needs_node_schema_sweep,no,yes,"router,switch",turn211file0,Representative mapping row from Comfyroll master node_mappings.py.
PASS_02E,34,Comfyroll Studio,Suzie1/ComfyUI_Comfyroll_CustomNodes,CR LoRA Stack,CR LoRA Stack,Comfyroll,mapping_confirmed,active,mapping confirmed; exact INPUT_TYPES not audited in this pass,unknown until module sweep,Build LoRA stack,Comfyroll modules,rag_only_needs_node_schema_sweep,no,yes,"lora_stack,legacy_wrapper",turn211file0,Representative mapping row from Comfyroll master node_mappings.py.
PASS_02E,34,Comfyroll Studio,Suzie1/ComfyUI_Comfyroll_CustomNodes,CR Overlay Text,CR Overlay Text,Comfyroll,mapping_confirmed,active,mapping confirmed; exact INPUT_TYPES not audited in this pass,unknown until module sweep,Overlay text onto images,Comfyroll modules,rag_only_needs_node_schema_sweep,no,yes,"graphics,text",turn211file0,Representative mapping row from Comfyroll master node_mappings.py.
PASS_02E,34,Comfyroll Studio,Suzie1/ComfyUI_Comfyroll_CustomNodes,CR SDXL Aspect Ratio,CR SDXL Aspect Ratio,Comfyroll,mapping_confirmed,active,mapping confirmed; exact INPUT_TYPES not audited in this pass,unknown until module sweep,SDXL aspect/latent dimension helper,Comfyroll modules,rag_only_needs_node_schema_sweep,no,yes,"aspect_ratio,legacy_wrapper",turn211file0,Representative mapping row from Comfyroll master node_mappings.py.
PASS_02E,34,Comfyroll Studio,Suzie1/ComfyUI_Comfyroll_CustomNodes,CR XY Save Grid Image,CR XY Save Grid Image,Comfyroll,mapping_confirmed,active,mapping confirmed; exact INPUT_TYPES not audited in this pass,unknown until module sweep,XY/grid output helper,Comfyroll modules,rag_only_needs_node_schema_sweep,no,yes,"xy_grid,output",turn211file0,Representative mapping row from Comfyroll master node_mappings.py.
PASS_02E,35,ComfyUI_tinyterraNodes,TinyTerra/ComfyUI_tinyterraNodes,ttN highResFix,ttN highResFix,ttN,key_behavior_confirmed,active,behavior referenced in tinyterraNodes.py; exact INPUT_TYPES not fully isolated this pass,pipe/image/latent outputs vary,Hires-fix wrapper path,"checkpoints, vae, loras, controlnet, upscale_models",rag_only_needs_node_schema_sweep,no,yes,"pipeline_wrapper,cache,hidden_flow",turn212file0;turn213file0,Name/behavior captured for RAG and workflow repair; run dedicated schema sweep before generating.
PASS_02E,35,ComfyUI_tinyterraNodes,TinyTerra/ComfyUI_tinyterraNodes,ttN pipeLoaderSDXL_v2,ttN pipeLoader SDXL v2,ttN,key_behavior_confirmed,active,behavior referenced in tinyterraNodes.py; exact INPUT_TYPES not fully isolated this pass,pipe/image/latent outputs vary,SDXL pipeline loader/cache behavior,"checkpoints, vae, loras, controlnet, upscale_models",rag_only_needs_node_schema_sweep,no,yes,"pipeline_wrapper,cache,hidden_flow",turn212file0;turn213file0,Name/behavior captured for RAG and workflow repair; run dedicated schema sweep before generating.
PASS_02E,35,ComfyUI_tinyterraNodes,TinyTerra/ComfyUI_tinyterraNodes,ttN pipeLoader_v2,ttN pipeLoader v2,ttN,key_behavior_confirmed,active,behavior referenced in tinyterraNodes.py; exact INPUT_TYPES not fully isolated this pass,pipe/image/latent outputs vary,Pipeline loader/cache behavior,"checkpoints, vae, loras, controlnet, upscale_models",rag_only_needs_node_schema_sweep,no,yes,"pipeline_wrapper,cache,hidden_flow",turn212file0;turn213file0,Name/behavior captured for RAG and workflow repair; run dedicated schema sweep before generating.
PASS_02E,35,ComfyUI_tinyterraNodes,TinyTerra/ComfyUI_tinyterraNodes,ttN xyPlot,ttN xyPlot,ttN,key_behavior_confirmed,active,behavior referenced in tinyterraNodes.py; exact INPUT_TYPES not fully isolated this pass,pipe/image/latent outputs vary,Advanced xyPlot execution,"checkpoints, vae, loras, controlnet, upscale_models",rag_only_needs_node_schema_sweep,no,yes,"pipeline_wrapper,cache,hidden_flow",turn212file0;turn213file0,Name/behavior captured for RAG and workflow repair; run dedicated schema sweep before generating.
PASS_02E,35,ComfyUI_tinyterraNodes,TinyTerra/ComfyUI_tinyterraNodes,ttN_MAIN_AND_LEGACY_MODULES,tinyterra main/legacy/dev mappings,ttN,module_inventory_confirmed,active,"__init__ merges TTN main, legacy, and optionally dev node mappings based on config.ini",dynamic merged NODE_CLASS_MAPPINGS,"Pipe nodes, xyPlot, dynamic widgets, fullscreen viewer, interface customization.","config.ini, JS web extensions, optional git pull autoupdate",rag_only_needs_node_schema_sweep,no,yes,"dynamic_widgets,autoupdate_option,legacy_nodes",turn212file0;turn213file0,Config can enable/disable UI features and dev nodes; exact class IDs need dedicated ttN pass.
PASS_02E,36,ComfyUI Browser,talesofai/comfyui-browser,DifyTextGenerator //Browser,Dify Text Generator,Browser,mapping_confirmed,active,mapping confirmed; likely external Dify API config,STRING/text output likely,Generate text through Dify integration.,network/API dependency,rag_only_external_api,no,yes,"external_api,network_io",turn219file0,Do not use as offline/default AIWF node.
PASS_02E,36,ComfyUI Browser,talesofai/comfyui-browser,LoadImageByUrl //Browser,Load Image By URL,Browser,mapping_confirmed,active,mapping confirmed; exact node module not swept,IMAGE likely,Load image from URL for browser-managed workflows.,"PromptServer subapp, browser files/downloads/routes",guarded_generate_after_schema_check,no,yes,"network_io,server_routes,ui_extension",turn219file0,Potentially useful but not portable/offline default.
PASS_02E,36,ComfyUI Browser,talesofai/comfyui-browser,SelectInputs //Browser,Select Node Inputs,Browser,mapping_confirmed,active,mapping confirmed; exact node module not swept,varies,Select inputs for browser/XYZ workflows.,browser routes,rag_only_needs_node_schema_sweep,no,yes,ui_extension,turn219file0,Needs exact module pass.
PASS_02E,36,ComfyUI Browser,talesofai/comfyui-browser,UploadToRemote //Browser,Upload To Remote,Browser,mapping_confirmed,active,mapping confirmed; exact module not swept,remote upload result,Upload outputs to remote service.,network/API/filesystem,rag_only_external_api,no,yes,"external_api,upload,network_io",turn219file0,Not portable; avoid default workflows.
PASS_02E,36,ComfyUI Browser,talesofai/comfyui-browser,XyzPlot //Browser,XYZ Plot,Browser,mapping_confirmed,active,mapping confirmed; exact node module not swept,plot output varies,Browser-provided XYZ plot workflow helper.,browser routes and score/stat APIs,rag_only_needs_node_schema_sweep,no,yes,"xyz_plot,ui_extension",turn219file0,Needs exact module pass.
PASS_02E,37,ComfyUI Workspace Manager - Comfyspace,11cafe/comfyui-workspace-manager,NO_WORKFLOW_NODES,No workflow nodes; workspace UI extension,workspace,schema_confirmed,active,NODE_CLASS_MAPPINGS = {}; registers PromptServer workspace routes,none,Workflow/project manager and missing model/node helper; not a workflow node pack.,"PromptServer routes, filesystem, send2trash optional",rag_only_runtime_policy,no,yes,"server_routes,filesystem,workflow_manager",turn220file0,Useful for AIWF user workflow library management; no class_type to put in workflow JSON.
PASS_02E,38,ComfyUI-Copilot,AIDC-AI/ComfyUI-Copilot,NO_WORKFLOW_NODES,No workflow nodes; Copilot UI/API extension,copilot,schema_confirmed,active,NODE_CLASS_MAPPINGS = {}; registers copilot web/static and backend APIs,none,AI assistant layer for ComfyUI; evaluate against AIWF tooltip/help overlay before duplicating.,"openai-agents aliasing, backend APIs, PromptServer web UI",rag_only_runtime_policy,no,yes,"ai_assistant,server_routes,external_llm_possible",turn221file0,Not a workflow JSON node pack; relevant to product strategy and one-click assistant UX.
PASS_02E,39,ComfyUI-Image-Selector,SLAPaper/ComfyUI-Image-Selector,ImageDuplicator,ImageDuplicator,image,schema_confirmed,active,images IMAGE; dup_times INT 1-16,IMAGE,Duplicate image batch entries.,torch only,safe_generate_when_installed,yes,no,batch_utility,turn214file0,Simple portable utility.
PASS_02E,39,ComfyUI-Image-Selector,SLAPaper/ComfyUI-Image-Selector,ImageSelector,ImageSelector,image,schema_confirmed,active,"images IMAGE; selected_indexes STRING, 1-based comma/range syntax",IMAGE,Select subset of an image batch.,torch only,safe_generate_when_installed,yes,no,batch_selection,turn214file0,Simple and useful for compare/router workflows; 1-based selection syntax.
PASS_02E,39,ComfyUI-Image-Selector,SLAPaper/ComfyUI-Image-Selector,LatentDuplicator,LatentDuplicator,latent,schema_confirmed,active,latent_image LATENT; dup_times INT 1-16,LATENT,Duplicate latent samples.,torch only,safe_generate_when_installed,yes,no,latent_batch_utility,turn214file0,Simple portable utility.
PASS_02E,39,ComfyUI-Image-Selector,SLAPaper/ComfyUI-Image-Selector,LatentSelector,LatentSelector,latent,schema_confirmed,active,"latent_image LATENT; selected_indexes STRING, 1-based comma/range syntax",LATENT,Select subset of latent batch samples.,torch only,safe_generate_when_installed,yes,no,latent_batch_selection,turn214file0,Preserves only samples key; verify if workflows rely on extra latent metadata.
PASS_02E,40,ImagesGrid,LEv145/images-grid-comfy-plugin,GridAnnotation,GridAnnotation,image/grid,mapping_confirmed,active,mapping confirmed; exact schema not audited,GRID_ANNOTATION,Create annotation object for grid nodes.,plugin src modules,guarded_generate_after_schema_check,no,yes,"annotation,needs_schema",turn215file0,Fetch src node before generating.
PASS_02E,40,ImagesGrid,LEv145/images-grid-comfy-plugin,ImageCombine,ImageCombine,image/grid,mapping_confirmed,active,mapping confirmed; exact schema not audited,IMAGE likely,Combine images outside row/column grid helpers.,plugin src modules,guarded_generate_after_schema_check,no,yes,"image_grid,needs_schema",turn215file0,Fetch src node before generating.
PASS_02E,40,ImagesGrid,LEv145/images-grid-comfy-plugin,ImagesGridByColumns,ImagesGridByColumns,image/grid,schema_confirmed,active,images IMAGE; gap INT; max_columns INT; optional GRID_ANNOTATION,IMAGE,Create review/contact-sheet grid by max columns.,PIL/torch; annotation optional,safe_generate_when_installed,yes,no,"grid,review,contact_sheet",turn215file0;turn218file0,Good AIWF comparison output candidate.
PASS_02E,40,ImagesGrid,LEv145/images-grid-comfy-plugin,ImagesGridByRows,ImagesGridByRows,image/grid,schema_confirmed,active,images IMAGE; gap INT; max_rows INT; optional GRID_ANNOTATION,IMAGE,Create review/contact-sheet grid by max rows.,PIL/torch; annotation optional,safe_generate_when_installed,yes,no,"grid,review,contact_sheet",turn215file0;turn218file0,Good AIWF comparison output candidate.
PASS_02E,40,ImagesGrid,LEv145/images-grid-comfy-plugin,LatentCombine,LatentCombine,latent/grid,mapping_confirmed,active,mapping confirmed; exact schema not audited,LATENT likely,Combine latents for grid/review workflows.,plugin src modules,guarded_generate_after_schema_check,no,yes,"latent_grid,needs_schema",turn215file0,Fetch src node before generating.
PASS_02F,41,Save Image with Generation Metadata,giriss/comfy-image-saver,Cfg Literal,Cfg Literal,ImageSaverTools,schema_confirmed_light,active,float cfg,FLOAT,Pass CFG metadata,"piexif, PIL, Comfy metadata, checkpoint hash reading",safe_generate,yes,no,primitive,turn230file0;turn231file0,Simple helper.
PASS_02F,41,Save Image with Generation Metadata,giriss/comfy-image-saver,Checkpoint Selector,Checkpoint Selector,ImageSaverTools,schema_confirmed_light,active,ckpt_name selector,checkpoint name string,Expose checkpoint name for metadata saver,"piexif, PIL, Comfy metadata, checkpoint hash reading",safe_generate,yes,no,metadata_helper,turn230file0;turn231file0,Utility selector only.
PASS_02F,41,Save Image with Generation Metadata,giriss/comfy-image-saver,Int Literal,Int Literal,ImageSaverTools,schema_confirmed_light,active,int generic,INT,Pass generic integer metadata,"piexif, PIL, Comfy metadata, checkpoint hash reading",safe_generate,yes,no,primitive,turn230file0;turn231file0,Simple helper.
PASS_02F,41,Save Image with Generation Metadata,giriss/comfy-image-saver,Sampler Selector,Sampler Selector,ImageSaverTools,schema_confirmed_light,active,sampler_name selector,sampler name string,Expose sampler name for metadata saver,"piexif, PIL, Comfy metadata, checkpoint hash reading",safe_generate,yes,no,metadata_helper,turn230file0;turn231file0,Utility selector only.
PASS_02F,41,Save Image with Generation Metadata,giriss/comfy-image-saver,Save Image w/Metadata,Save Image w/Metadata,ImageSaverTools,schema_confirmed,active,"images, filename/path templates, extension, sampler/settings fields, optional prompts/seed/size/quality",output image file only,Save PNG/JPEG/WebP with A1111-like parameters and Comfy workflow metadata,"piexif, PIL, Comfy metadata, checkpoint hash reading",safe_generate,yes,no,"metadata,output_node",turn230file0;turn231file0,Strong AIWF candidate for repeatability and gallery audit workflows.
PASS_02F,41,Save Image with Generation Metadata,giriss/comfy-image-saver,Scheduler Selector,Scheduler Selector,ImageSaverTools,schema_confirmed_light,active,scheduler selector,scheduler string,Expose scheduler for metadata saver,"piexif, PIL, Comfy metadata, checkpoint hash reading",safe_generate,yes,no,metadata_helper,turn230file0;turn231file0,Utility selector only.
PASS_02F,41,Save Image with Generation Metadata,giriss/comfy-image-saver,Seed Generator,Seed Generator,ImageSaverTools,schema_confirmed_light,active,seed INT,INT,Pass seed into metadata workflows,"piexif, PIL, Comfy metadata, checkpoint hash reading",safe_generate,yes,no,primitive,turn230file0;turn231file0,Simple helper.
PASS_02F,41,Save Image with Generation Metadata,giriss/comfy-image-saver,String Literal,String Literal,ImageSaverTools,schema_confirmed_light,active,string multiline,STRING,Pass prompt metadata text,"piexif, PIL, Comfy metadata, checkpoint hash reading",safe_generate,yes,no,primitive,turn230file0;turn231file0,Simple helper.
PASS_02F,41,Save Image with Generation Metadata,giriss/comfy-image-saver,Width/Height Literal,Width/Height Literal,ImageSaverTools,schema_confirmed_light,active,int size,INT,Pass width or height metadata,"piexif, PIL, Comfy metadata, checkpoint hash reading",safe_generate,yes,no,primitive,turn230file0;turn231file0,Simple helper.
PASS_02F,42,SD Prompt Reader,receyuki/comfyui-prompt-reader-node,SDPromptReader,SD Prompt Reader,SD Prompt Reader,schema_confirmed,active,"image file from input, optional parameter_index","IMAGE, MASK, positive, negative, seed, steps, cfg, width, height, model, filename, settings",Read metadata from generated images and recover generation settings,"stable_diffusion_prompt_reader core, PIL, piexif",safe_generate,yes,no,"metadata,reverse_engineering,compatibility",turn232file0,"High value for workflow audit, provenance checking, and migrating old PNGs into RAG/workflows."
PASS_02F,42,SD Prompt Reader,receyuki/comfyui-prompt-reader-node,SDPromptSaver,SD Prompt Saver,SD Prompt Reader,schema_confirmed,active,images plus optional filename/path/model/vae/seed/steps/cfg/sampler/lora/positive/negative/extension/hash options,"filename, file path, metadata",Save images with compatible metadata and optional sidecar metadata file,"PIL, piexif, checkpoint/vae/lora hash lookup",safe_generate,yes,no,"metadata,output_node,hashing",turn232file0,Complements ImageSaver; stronger for multi-tool metadata compatibility.
PASS_02F,43,DynamicPrompts Custom Nodes,adieyal/comfyui-dynamicprompts,DPCombinatorialGenerator,Combinatorial Prompts,prompting,mapping_confirmed,active,prompt/template/random settings vary by node,STRING,"Prompt variation and templating for labs, prompt batches, and wildcard-style experiments","dynamicprompts, optional Jinja/MagicPrompt dependencies",safe_generate_after_user_choice,yes,no,combinatorial_explosion,turn233file0,"Light coverage; use for teaching variation, not canonical prompt construction."
PASS_02F,43,DynamicPrompts Custom Nodes,adieyal/comfyui-dynamicprompts,DPFeelingLucky,I'm Feeling Lucky,prompting,mapping_confirmed,active,prompt/template/random settings vary by node,STRING,"Prompt variation and templating for labs, prompt batches, and wildcard-style experiments","dynamicprompts, optional Jinja/MagicPrompt dependencies",guarded_generate_after_local_test,no,yes,external_model_or_randomness,turn233file0,"Light coverage; use for teaching variation, not canonical prompt construction."
PASS_02F,43,DynamicPrompts Custom Nodes,adieyal/comfyui-dynamicprompts,DPJinja,Jinja2 Templates,prompting,mapping_confirmed,active,prompt/template/random settings vary by node,STRING,"Prompt variation and templating for labs, prompt batches, and wildcard-style experiments","dynamicprompts, optional Jinja/MagicPrompt dependencies",safe_generate_after_user_choice,yes,no,template_execution,turn233file0,"Light coverage; use for teaching variation, not canonical prompt construction."
PASS_02F,43,DynamicPrompts Custom Nodes,adieyal/comfyui-dynamicprompts,DPMagicPrompt,Magic Prompt,prompting,mapping_confirmed,active,prompt/template/random settings vary by node,STRING,"Prompt variation and templating for labs, prompt batches, and wildcard-style experiments","dynamicprompts, optional Jinja/MagicPrompt dependencies",guarded_generate_after_local_test,no,yes,model_download_or_external_dep,turn233file0,"Light coverage; use for teaching variation, not canonical prompt construction."
PASS_02F,43,DynamicPrompts Custom Nodes,adieyal/comfyui-dynamicprompts,DPOutput,OutputString,prompting,mapping_confirmed,active,prompt/template/random settings vary by node,STRING,"Prompt variation and templating for labs, prompt batches, and wildcard-style experiments","dynamicprompts, optional Jinja/MagicPrompt dependencies",safe_generate,yes,no,primitive,turn233file0,"Light coverage; use for teaching variation, not canonical prompt construction."
PASS_02F,43,DynamicPrompts Custom Nodes,adieyal/comfyui-dynamicprompts,DPRandomGenerator,Random Prompts,prompting,mapping_confirmed,active,prompt/template/random settings vary by node,STRING,"Prompt variation and templating for labs, prompt batches, and wildcard-style experiments","dynamicprompts, optional Jinja/MagicPrompt dependencies",safe_generate_after_user_choice,yes,no,random_prompting,turn233file0,"Light coverage; use for teaching variation, not canonical prompt construction."
PASS_02F,44,One Button Prompt,AIrjen/OneButtonPrompt,CreatePromptVariant,Create Prompt Variant,OneButtonPrompt,schema_confirmed_light,active,prompt_input plus optional insanitylevel and seed,prompt,Generate a variant of an existing prompt,internal prompt builder,guarded_generate_after_user_choice,no,no,"random_prompting,style_bias",turn243file0,Good for creative exploration; keep out of deterministic benchmark workflows.
PASS_02F,44,One Button Prompt,AIrjen/OneButtonPrompt,OneButtonPrompt,One Button Prompt,OneButtonPrompt,schema_confirmed_light,active,"insanitylevel plus optional artist, imagetype, subject, custom subject/outfit, prefix/suffix, base_model, seed","prompt, prompt_g, prompt_l",Beginner one-click prompt generator for SDXL/SD1.5/anime/stable cascade style labs,"internal CSVs/presets, optional prompt enhancer",guarded_generate_after_user_choice,no,no,"random_prompting,style_bias,possibly_nsfw_terms",turn234file0;turn243file0,Useful as optional lab node; not default AIWF prompt-teaching path because it hides prompt construction logic.
PASS_02F,45,SDXL Prompt Styler,twri/sdxl_prompt_styler,SDXLPromptStyler,SDXL Prompt Styler,utils,schema_confirmed,active,"positive text, negative text, style from JSON, style positive/negative toggles",positive and negative prompt strings,Apply reusable SDXL style templates to prompt text,local JSON style files,safe_generate_after_user_choice,yes,no,"style_template,sdxl_prompting",turn235file0;turn244file0,Common older workflow node; useful for compatibility and style-template teaching.
PASS_02F,45,SDXL Prompt Styler,twri/sdxl_prompt_styler,SDXLPromptStylerAdvanced,SDXL Prompt Styler Advanced,utils,schema_confirmed,active,"positive_g, positive_l, negative, style, negative destination, copy_to_l",G/L/combined positive and negative strings,Apply SDXL dual-encoder style templates,local JSON style files,safe_generate_after_user_choice,yes,no,"style_template,sdxl_dual_encoder",turn244file0,More useful for SDXL teaching than the simple node because it exposes G/L split behavior.
PASS_02F,46,comfyui-prompt-composer,florestefano1975/comfyui-prompt-composer,PACK_OVERVIEW,Prompt Composer,prompting,pack_inventory_light,active,modular prompt-composition nodes found by mapping search,STRING prompt pieces,"Prompt sequencing/modular assembly; overlap with DynamicPrompts, Essentials text, and Custom-Scripts text nodes",unknown until dense pass,rag_only_needs_schema,no,yes,"prompting,needs_schema",turn227file2,Light coverage only; dense pass only if user starts relying on its specific nodes.
PASS_02I,47,ComfyUI Prompt Control,asagi4/comfyui-prompt-control,PCAddMaskToCLIP,PC: Attach Mask,promptcontrol/tools,schema_confirmed,active,clip CLIP; optional mask MASK,CLIP,Attach one mask to CLIP for IMASK prompt references,Prompt Control mask macros,guarded_generate_after_local_test,no,yes,"mask_prompting,clip_mutation",turn302file0,Advanced regional/masked prompt control path.
PASS_02I,47,ComfyUI Prompt Control,asagi4/comfyui-prompt-control,PCAddMaskToCLIPMany,PC: Attach Mask (multi),promptcontrol/tools,schema_confirmed,active,clip CLIP; optional mask1-mask4 MASK,CLIP,Attach multiple masks to CLIP for prompt macro references,Prompt Control mask macros,guarded_generate_after_local_test,no,yes,"mask_prompting,clip_mutation",turn302file0,Could support AIWF regional prompt experiments after local test.
PASS_02I,47,ComfyUI Prompt Control,asagi4/comfyui-prompt-control,PCExtractScheduledPrompt,PC: Extract Scheduled Prompt,promptcontrol/tools,schema_confirmed,active,text STRING; at FLOAT; tags STRING optional,STRING,Parse a scheduled prompt and output text active at a point,Prompt Control scheduler parser,safe_generate_utility,yes,yes,"prompt_schedule,debug_utility",turn302file0,Useful teaching/debug node; no model dependency.
PASS_02I,47,ComfyUI Prompt Control,asagi4/comfyui-prompt-control,PCMacroExpand,PC: Expand Macros,promptcontrol/tools,schema_confirmed,active,text STRING multiline,STRING,Expand DEF macros in Prompt Control text,Prompt Control macro parser,safe_generate_utility,yes,yes,"prompt_macros,debug_utility",turn302file0,Useful for inspecting complex prompt strings.
PASS_02I,47,ComfyUI Prompt Control,asagi4/comfyui-prompt-control,PCSetLogLevel,PC: Configure Logging (for debug),promptcontrol/tools,schema_confirmed,active,clip CLIP; level INFO/DEBUG/WARNING/ERROR,CLIP,Pass-through debug logging control,Prompt Control logging,rag_only_utility,no,no,"debug,ui_utility",turn302file0,Not needed in portable workflows unless debugging Prompt Control.
PASS_02I,47,ComfyUI Prompt Control,asagi4/comfyui-prompt-control,PCSetPCTextEncodeSettings,PC: Configure PCTextEncode,promptcontrol/tools,schema_confirmed,active,clip CLIP; mask size and SDXL width/height/crop/target ints,CLIP,Set Prompt Control defaults for mask and SDXL encoding metadata,SDXL prompt sizing settings,guarded_generate_after_local_test,no,yes,"sdxl,clip_mutation,prompt_settings",turn302file0,Important if using PCTextEncode with SDXL and masks.
PASS_02I,47,ComfyUI Prompt Control,asagi4/comfyui-prompt-control,PCTextEncode,PC: Text Encode (no scheduling),promptcontrol,schema_confirmed,active,clip CLIP; text STRING multiline,CONDITIONING,Encode prompt with Prompt Control syntax but without scheduling,Prompt Control parser/macros,guarded_generate_after_local_test,no,yes,"prompt_parser,conditioning",turn301file0,Good advanced teaching node after base CLIPTextEncode is understood.
PASS_02I,47,ComfyUI Prompt Control,asagi4/comfyui-prompt-control,PCTextEncodeWithRange,PC: Text Encode with Range (no scheduling),promptcontrol/tools,schema_confirmed,active,clip CLIP; text STRING; start/end FLOAT 0..1,CONDITIONING,Encode a prompt for a specified timestep range; useful with scheduled LoRA CLIP behavior,Prompt Control parser/macros,guarded_generate_after_local_test,no,yes,"prompt_parser,timestep_range,conditioning",turn301file0,Use only after exact range behavior is locally tested.
PASS_02I,47,ComfyUI Prompt Control,asagi4/comfyui-prompt-control,PROMPT_CONTROL_V3_EXTENSION,Prompt Control V3 extension,promptcontrol,module_inventory,active,Imports v3 modules base/hooks/tools/lazy/anima through ComfyExtension get_node_list,V3 node list,"Prompt scheduling, LoRA scheduling, regional prompt and advanced text encoding via prompt text",ComfyUI V3 API / comfy_api.latest,rag_only_until_workflow_smoke_test,no,yes,"v3_api,dynamic_graph,prompt_parser,advanced_prompting",turn273file0,"No NODE_CLASS_MAPPINGS; uses ComfyExtension entrypoint. Treat as modern extension, not legacy mapping pack."
PASS_02F,49,Quick Connections,niknah/quick-connections,PACK_OVERVIEW,Quick Connections,UI,ui_extension_inventory,active,frontend/connection helper extension,UI behavior,Quality-of-life connection helper; overlaps with rgthree/Use Everywhere workflows,ComfyUI frontend extension,do_not_generate_ui_extension,no,yes,"ui_extension,no_workflow_node_default",turn227file0,"Useful for install/UX notes, not JSON node generation."
PASS_02F,50,AIGODLIKE-ComfyUI-Studio,AIGODLIKE/AIGODLIKE-ComfyUI-Studio,PACK_OVERVIEW,AIGODLIKE Studio,UI / management,ui_extension_inventory,active,studio/model-thumbnail management extension,UI behavior,Model browsing/management and UX; useful for one-click install/user-product ideas,ComfyUI frontend/backend extension,do_not_generate_ui_extension,no,yes,"ui_extension,management",turn227file3,Product-reference value; not workflow-node foundation.
PASS_02F,51,AIGODLIKE-COMFYUI-TRANSLATION,AIGODLIKE/AIGODLIKE-ComfyUI-Translation,PACK_OVERVIEW,AIGODLIKE Translation,UI / localization,ui_extension_inventory,active,translation/localization extension,UI behavior,Localization support for broader distribution and translated node UI,ComfyUI frontend translation extension,do_not_generate_ui_extension,no,yes,"ui_extension,localization",turn227file1,"Useful for international distribution notes, not workflow JSON."
PASS_02F,52,ComfyUI-RMBG,1038lab/ComfyUI-RMBG,AILab_BiRefNet_MODULE,BiRefNet module,image_advanced_control / inpaint,module_inventory,active,varies by auto-discovered module,varies: IMAGE/MASK/SEGS-like outputs,High-value segmentation/removal suite: BiRefNet saliency/matting,multiple local/HF models; dynamic import; model downloads likely,guarded_generate_after_dense_schema,no,yes,"segmentation,background_removal,dynamic_import,model_download",turn236file0;turn223file5;turn223file7;turn223file10;turn223file11;turn223file12;turn223file13;turn223file14;turn223file15;turn223file16;turn223file17;turn223file18;turn223file19;turn223file20;turn223file21;turn223file22;turn223file23;turn223file24;turn223file25,"Exception pack: dense review justified later because it is a capability hub, not just a utility pack."
PASS_02F,52,ComfyUI-RMBG,1038lab/ComfyUI-RMBG,AILab_Face_Body_Fashion_Cloth_SEGMENT_MODULES,Face/body/fashion/cloth segmentation modules,image_advanced_control / inpaint,module_inventory,active,varies by auto-discovered module,varies: IMAGE/MASK/SEGS-like outputs,High-value segmentation/removal suite: human/garment/body mask generation,multiple local/HF models; dynamic import; model downloads likely,guarded_generate_after_dense_schema,no,yes,"segmentation,background_removal,dynamic_import,model_download",turn236file0;turn223file5;turn223file7;turn223file10;turn223file11;turn223file12;turn223file13;turn223file14;turn223file15;turn223file16;turn223file17;turn223file18;turn223file19;turn223file20;turn223file21;turn223file22;turn223file23;turn223file24;turn223file25,"Exception pack: dense review justified later because it is a capability hub, not just a utility pack."
PASS_02F,52,ComfyUI-RMBG,1038lab/ComfyUI-RMBG,AILab_Florence2_MODULE,Florence2 module,image_advanced_control / inpaint,module_inventory,active,varies by auto-discovered module,varies: IMAGE/MASK/SEGS-like outputs,High-value segmentation/removal suite: prompt/box/coordinate vision-language helper,multiple local/HF models; dynamic import; model downloads likely,guarded_generate_after_dense_schema,no,yes,"segmentation,background_removal,dynamic_import,model_download",turn236file0;turn223file5;turn223file7;turn223file10;turn223file11;turn223file12;turn223file13;turn223file14;turn223file15;turn223file16;turn223file17;turn223file18;turn223file19;turn223file20;turn223file21;turn223file22;turn223file23;turn223file24;turn223file25,"Exception pack: dense review justified later because it is a capability hub, not just a utility pack."
PASS_02F,52,ComfyUI-RMBG,1038lab/ComfyUI-RMBG,AILab_ImageMaskTools_MODULE,Image/mask tools module,image_advanced_control / inpaint,module_inventory,active,varies by auto-discovered module,varies: IMAGE/MASK/SEGS-like outputs,High-value segmentation/removal suite: mask transforms and compositing helpers,multiple local/HF models; dynamic import; model downloads likely,guarded_generate_after_dense_schema,no,yes,"segmentation,background_removal,dynamic_import,model_download",turn236file0;turn223file5;turn223file7;turn223file10;turn223file11;turn223file12;turn223file13;turn223file14;turn223file15;turn223file16;turn223file17;turn223file18;turn223file19;turn223file20;turn223file21;turn223file22;turn223file23;turn223file24;turn223file25,"Exception pack: dense review justified later because it is a capability hub, not just a utility pack."
PASS_02F,52,ComfyUI-RMBG,1038lab/ComfyUI-RMBG,AILab_LamaRemover_MODULE,LaMa remover module,image_advanced_control / inpaint,module_inventory,active,varies by auto-discovered module,varies: IMAGE/MASK/SEGS-like outputs,High-value segmentation/removal suite: object/removal/inpaint preprocessing,multiple local/HF models; dynamic import; model downloads likely,guarded_generate_after_dense_schema,no,yes,"segmentation,background_removal,dynamic_import,model_download",turn236file0;turn223file5;turn223file7;turn223file10;turn223file11;turn223file12;turn223file13;turn223file14;turn223file15;turn223file16;turn223file17;turn223file18;turn223file19;turn223file20;turn223file21;turn223file22;turn223file23;turn223file24;turn223file25,"Exception pack: dense review justified later because it is a capability hub, not just a utility pack."
PASS_02F,52,ComfyUI-RMBG,1038lab/ComfyUI-RMBG,AILab_RMBG_MODULE,RMBG / background removal modules,image_advanced_control / inpaint,module_inventory,active,varies by auto-discovered module,varies: IMAGE/MASK/SEGS-like outputs,High-value segmentation/removal suite: background removal and matting,multiple local/HF models; dynamic import; model downloads likely,guarded_generate_after_dense_schema,no,yes,"segmentation,background_removal,dynamic_import,model_download",turn236file0;turn223file5;turn223file7;turn223file10;turn223file11;turn223file12;turn223file13;turn223file14;turn223file15;turn223file16;turn223file17;turn223file18;turn223file19;turn223file20;turn223file21;turn223file22;turn223file23;turn223file24;turn223file25,"Exception pack: dense review justified later because it is a capability hub, not just a utility pack."
PASS_02F,52,ComfyUI-RMBG,1038lab/ComfyUI-RMBG,AILab_SAM2_MODULE,SAM2 segmentation module,image_advanced_control / inpaint,module_inventory,active,varies by auto-discovered module,varies: IMAGE/MASK/SEGS-like outputs,High-value segmentation/removal suite: SAM2 object segmentation,multiple local/HF models; dynamic import; model downloads likely,guarded_generate_after_dense_schema,no,yes,"segmentation,background_removal,dynamic_import,model_download",turn236file0;turn223file5;turn223file7;turn223file10;turn223file11;turn223file12;turn223file13;turn223file14;turn223file15;turn223file16;turn223file17;turn223file18;turn223file19;turn223file20;turn223file21;turn223file22;turn223file23;turn223file24;turn223file25,"Exception pack: dense review justified later because it is a capability hub, not just a utility pack."
PASS_02F,52,ComfyUI-RMBG,1038lab/ComfyUI-RMBG,AILab_SAM3_MODULE,SAM3 segmentation module,image_advanced_control / inpaint,module_inventory,active,varies by auto-discovered module,varies: IMAGE/MASK/SEGS-like outputs,High-value segmentation/removal suite: SAM3/object segmentation,multiple local/HF models; dynamic import; model downloads likely,guarded_generate_after_dense_schema,no,yes,"segmentation,background_removal,dynamic_import,model_download",turn236file0;turn223file5;turn223file7;turn223file10;turn223file11;turn223file12;turn223file13;turn223file14;turn223file15;turn223file16;turn223file17;turn223file18;turn223file19;turn223file20;turn223file21;turn223file22;turn223file23;turn223file24;turn223file25,"Exception pack: dense review justified later because it is a capability hub, not just a utility pack."
PASS_02F,52,ComfyUI-RMBG,1038lab/ComfyUI-RMBG,AILab_YoloV8_MODULE,YOLOv8 module,image_advanced_control / inpaint,module_inventory,active,varies by auto-discovered module,varies: IMAGE/MASK/SEGS-like outputs,High-value segmentation/removal suite: detector-backed segmentation,multiple local/HF models; dynamic import; model downloads likely,guarded_generate_after_dense_schema,no,yes,"segmentation,background_removal,dynamic_import,model_download",turn236file0;turn223file5;turn223file7;turn223file10;turn223file11;turn223file12;turn223file13;turn223file14;turn223file15;turn223file16;turn223file17;turn223file18;turn223file19;turn223file20;turn223file21;turn223file22;turn223file23;turn223file24;turn223file25,"Exception pack: dense review justified later because it is a capability hub, not just a utility pack."
PASS_02F,53,ComfyUI-BiRefNet-Hugo,MoonHugo/ComfyUI-BiRefNet-Hugo,BiRefNet_Hugo,BiRefNet,🔥BiRefNet,schema_confirmed,active,"image, model choice, load_local_model, background_color_name, device, optional local_model_path",IMAGE with removed/recolored background and MASK,BiRefNet-based background removal/matting,"transformers AutoModelForImageSegmentation, ZhengPeng7/BiRefNet variants, local model path",guarded_generate_after_local_test,no,yes,"background_removal,birefnet,hf_download,device_sensitive",turn237file0,Good rembg replacement candidate; denser review only if chosen for AIWF default background-removal path.
PASS_02F,54,ComfyUI_BiRefNet_ll,lldacing/ComfyUI_BiRefNet_ll,PACK_OVERVIEW,Background removal / matting pack,image_advanced_control,pack_inventory_light,active,background removal/matting node family detected,IMAGE/MASK-like outputs,"Alternative background-removal path; compare against Essentials rembg, BiRefNet, RMBG suite, and BRIA",model download likely,guarded_generate_after_schema,no,yes,"background_removal,model_download,needs_schema",turn223file4;turn223file9,BiRefNet alternative/autodownload path; light coverage only until schema fetched.
PASS_02F,55,ComfyUI-Inspyrenet-Rembg,john-mnz/ComfyUI-Inspyrenet-Rembg,PACK_OVERVIEW,Background removal / matting pack,image_advanced_control,pack_inventory_light,active,background removal/matting node family detected,IMAGE/MASK-like outputs,"Alternative background-removal path; compare against Essentials rembg, BiRefNet, RMBG suite, and BRIA",model download likely,guarded_generate_after_schema,no,yes,"background_removal,model_download,needs_schema",turn223file3,InSPyReNet background removal alternative; likely useful but not first-of-type after BiRefNet/Essentials rembg.
PASS_02F,56,ComfyUI-BRIA_AI-RMBG,ZHO-ZHO-ZHO/ComfyUI-BRIA_AI-RMBG,PACK_OVERVIEW,Background removal / matting pack,image_advanced_control,pack_inventory_light,active,background removal/matting node family detected,IMAGE/MASK-like outputs,"Alternative background-removal path; compare against Essentials rembg, BiRefNet, RMBG suite, and BRIA",model download likely,guarded_generate_after_schema,no,yes,"background_removal,model_download,needs_schema",turn223file1;turn223file6,BRIA RMBG implementation; model/license/dependency details need dense check before recommending.
PASS_02I,57,CLIPSeg,chaoqun789/ComfyUI-CLIPSeg,CLIPSeg,CLIPSeg,image,schema_confirmed,active,"image IMAGE; text STRING; optional blur FLOAT, threshold FLOAT, dilation_factor INT",MASK; IMAGE heatmap; IMAGE BW mask,Text-prompted semantic mask generation with heatmap/BW previews,transformers CLIPSegProcessor/CLIPSegForImageSegmentation; CIDAS/clipseg-rd64-refined; scipy/cv2/matplotlib,guarded_generate_after_local_test,no,yes,"clipseg,semantic_mask,hf_download,model_download",turn279file0;turn280file0,Original time-river repo exists but did not expose fetchable node source through this tool; covered via equivalent ComfyUI-CLIPSeg implementation.
PASS_02I,57,CLIPSeg,chaoqun789/ComfyUI-CLIPSeg,CombineSegMasks,CombineSegMasks,image,schema_confirmed,active,input_image IMAGE; mask_1 MASK; mask_2 MASK; optional mask_3 MASK,MASK; IMAGE heatmap; IMAGE BW mask,Combine two or three segmentation masks with preview overlays,torch/cv2/matplotlib,safe_generate_utility,yes,yes,"mask_combine,preview",turn280file0,Simple utility; watch mask value ranges/clamping locally.
PASS_02F,58,Masquerade Nodes,BadCafeCode/masquerade-nodes-comfyui,BlurNode,Blur,Masquerade Nodes,schema_confirmed_light,active,see source; common IMAGE/MASK inputs,IMAGE or MASK-like output,Low-dependency mask tooling: Gaussian blur utility for mask/image softening,"torch, torchvision; CLIPSeg node may auto-install clipseg and download weights",safe_generate_after_local_test,yes,no,mask_tools,turn239file0,Useful compatibility pack; many functions overlap with Essentials/Impact/KJ mask nodes.
PASS_02F,58,Masquerade Nodes,BadCafeCode/masquerade-nodes-comfyui,ClipSegNode,CLIPSeg Mask,Masquerade Nodes,schema_confirmed_light,active,see source; common IMAGE/MASK inputs,IMAGE or MASK-like output,Low-dependency mask tooling: Text-driven mask generation with positive/negative prompt and threshold,"torch, torchvision; CLIPSeg node may auto-install clipseg and download weights",guarded_generate_after_local_test,no,yes,"mask_tools,auto_install",turn238file0;turn239file0,Useful compatibility pack; many functions overlap with Essentials/Impact/KJ mask nodes.
PASS_02F,58,Masquerade Nodes,BadCafeCode/masquerade-nodes-comfyui,CreateRectMask,Create Rect Mask,Masquerade Nodes,schema_confirmed_light,active,see source; common IMAGE/MASK inputs,IMAGE or MASK-like output,Low-dependency mask tooling: Generate pixel/percent rectangle masks,"torch, torchvision; CLIPSeg node may auto-install clipseg and download weights",safe_generate_after_local_test,yes,no,mask_tools,turn239file0,Useful compatibility pack; many functions overlap with Essentials/Impact/KJ mask nodes.
PASS_02F,58,Masquerade Nodes,BadCafeCode/masquerade-nodes-comfyui,ImageToMask,Image To Mask,Masquerade Nodes,schema_confirmed_light,active,see source; common IMAGE/MASK inputs,IMAGE or MASK-like output,Low-dependency mask tooling: Convert image/alpha/intensity to MASK,"torch, torchvision; CLIPSeg node may auto-install clipseg and download weights",safe_generate_after_local_test,yes,no,mask_tools,turn239file0,Useful compatibility pack; many functions overlap with Essentials/Impact/KJ mask nodes.
PASS_02F,58,Masquerade Nodes,BadCafeCode/masquerade-nodes-comfyui,MaskCombineOp,Mask Combine Op,Masquerade Nodes,schema_confirmed_light,active,see source; common IMAGE/MASK inputs,IMAGE or MASK-like output,Low-dependency mask tooling: Union/intersection/difference/multiply/add comparisons for masks/images,"torch, torchvision; CLIPSeg node may auto-install clipseg and download weights",safe_generate_after_local_test,yes,no,mask_tools,turn239file0,Useful compatibility pack; many functions overlap with Essentials/Impact/KJ mask nodes.
PASS_02F,58,Masquerade Nodes,BadCafeCode/masquerade-nodes-comfyui,MaskMorphologyNode,Mask Morphology,Masquerade Nodes,schema_confirmed_light,active,see source; common IMAGE/MASK inputs,IMAGE or MASK-like output,Low-dependency mask tooling: Dilate/erode/open/close mask operations,"torch, torchvision; CLIPSeg node may auto-install clipseg and download weights",safe_generate_after_local_test,yes,no,mask_tools,turn239file0,Useful compatibility pack; many functions overlap with Essentials/Impact/KJ mask nodes.
PASS_02F,58,Masquerade Nodes,BadCafeCode/masquerade-nodes-comfyui,MixByMask,Mix By Mask,Masquerade Nodes,schema_confirmed_light,active,see source; common IMAGE/MASK inputs,IMAGE or MASK-like output,Low-dependency mask tooling: Composite two images using mask,"torch, torchvision; CLIPSeg node may auto-install clipseg and download weights",safe_generate_after_local_test,yes,no,mask_tools,turn239file0,Useful compatibility pack; many functions overlap with Essentials/Impact/KJ mask nodes.
PASS_02F,58,Masquerade Nodes,BadCafeCode/masquerade-nodes-comfyui,UnaryMaskOp,Unary Mask Op,Masquerade Nodes,schema_confirmed_light,active,see source; common IMAGE/MASK inputs,IMAGE or MASK-like output,Low-dependency mask tooling: Invert/average/round/clamp/abs mask operations,"torch, torchvision; CLIPSeg node may auto-install clipseg and download weights",safe_generate_after_local_test,yes,no,mask_tools,turn239file0,Useful compatibility pack; many functions overlap with Essentials/Impact/KJ mask nodes.
PASS_02F,59,a-person-mask-generator,djbielejeski/a-person-mask-generator,PACK_OVERVIEW,Person Mask Generator,image_advanced_control / face,pack_inventory_light,active,person mask generator node(s) detected,person/body/face/clothes masks,Generate person-part masks for portrait/inpaint/body-swap workflows,segmentation model dependency likely,guarded_generate_after_schema,no,yes,"person_segmentation,needs_schema",turn224file2,First-of-type enough to flag for later dense review if body/cloth masks become core AIWF workflow capability.
PASS_02F,60,ComfyUI YoloWorld-EfficientSAM,ZHO-ZHO-ZHO/ComfyUI-YoloWorld-EfficientSAM,Yoloworld_ESAM_DetectorProvider_Zho,Yoloworld ESAM Detector Provider,🔎YOLOWORLD_ESAM,schema_confirmed,active,"yolo_world_model, categories, iou_threshold, class-agnostic NMS, optional ESAM model",BBOX_DETECTOR and SEGM_DETECTOR,Open-vocabulary detector provider for Impact-style SEGS/detailer paths,"YOLO-World, EfficientSAM, supervision, cv2",guarded_generate_after_local_test,no,yes,"open_vocabulary_detection,segmentation,model_download",turn240file0;turn241file0,High value: bridges text/category detection into detector/detailer workflows; denser pass needed for model loaders.
PASS_02F,61,ComfyUI SAM2(Segment Anything 2),neverbiasu/ComfyUI-SAM2,GroundingDinoModelLoader (segment anything2),Grounding Dino Model Loader,segment anything2,mapping_confirmed,active,mapping confirmed; schema still needs node.py sweep,MASK/model/segmentation outputs,Alternative SAM2/GroundingDINO segmentation: Load GroundingDINO,SAM2 and GroundingDINO model dependencies,guarded_generate_after_schema,no,yes,"sam2,groundingdino,segmentation,needs_schema",turn242file0,We already have Kijai SAM2 dense-ish coverage; this is alternate compatibility coverage.
PASS_02F,61,ComfyUI SAM2(Segment Anything 2),neverbiasu/ComfyUI-SAM2,GroundingDinoSAM2Segment (segment anything2),Grounding Dino SAM2 Segment,segment anything2,mapping_confirmed,active,mapping confirmed; schema still needs node.py sweep,MASK/model/segmentation outputs,Alternative SAM2/GroundingDINO segmentation: Text-prompted GroundingDINO + SAM2 segmentation,SAM2 and GroundingDINO model dependencies,guarded_generate_after_schema,no,yes,"sam2,groundingdino,segmentation,needs_schema",turn242file0,We already have Kijai SAM2 dense-ish coverage; this is alternate compatibility coverage.
PASS_02F,61,ComfyUI SAM2(Segment Anything 2),neverbiasu/ComfyUI-SAM2,InvertMask (segment anything),Invert Mask,segment anything2,mapping_confirmed,active,mapping confirmed; schema still needs node.py sweep,MASK/model/segmentation outputs,Alternative SAM2/GroundingDINO segmentation: Invert generated mask,SAM2 and GroundingDINO model dependencies,guarded_generate_after_schema,no,yes,"sam2,groundingdino,segmentation,needs_schema",turn242file0,We already have Kijai SAM2 dense-ish coverage; this is alternate compatibility coverage.
PASS_02F,61,ComfyUI SAM2(Segment Anything 2),neverbiasu/ComfyUI-SAM2,IsMaskEmpty,Is Mask Empty,segment anything2,mapping_confirmed,active,mapping confirmed; schema still needs node.py sweep,MASK/model/segmentation outputs,Alternative SAM2/GroundingDINO segmentation: Mask validity/empty check,SAM2 and GroundingDINO model dependencies,guarded_generate_after_schema,no,yes,"sam2,groundingdino,segmentation,needs_schema",turn242file0,We already have Kijai SAM2 dense-ish coverage; this is alternate compatibility coverage.
PASS_02F,61,ComfyUI SAM2(Segment Anything 2),neverbiasu/ComfyUI-SAM2,SAM2ModelLoader (segment anything2),SAM2 Model Loader,segment anything2,mapping_confirmed,active,mapping confirmed; schema still needs node.py sweep,MASK/model/segmentation outputs,Alternative SAM2/GroundingDINO segmentation: Load SAM2 model,SAM2 and GroundingDINO model dependencies,guarded_generate_after_schema,no,yes,"sam2,groundingdino,segmentation,needs_schema",turn242file0,We already have Kijai SAM2 dense-ish coverage; this is alternate compatibility coverage.
PASS_02G,62,ComfyUI-ProPainter Nodes,daniabib/ComfyUI_ProPainter_Nodes,ProPainterInpaint,ProPainter Inpainting,ProPainter,schema_confirmed,active,IMAGE frames + MASK + resize/mask/flow/ref_stride/neighbor/subvideo/raft/fp16 controls,"IMAGE, FLOW_MASK, MASK_DILATE",Video object removal / temporal inpainting across frame batches,ProPainter models; RAFT/flow; fp16 VRAM-sensitive,guarded_generate_after_local_test,no,yes,"video_inpaint,temporal,pro_painter,heavy_vram,first_of_type",turn250file0;turn251file0,First-of-type capability in our archive: temporal video inpainting. Dense follow-up recommended before production workflow JSON.
PASS_02G,62,ComfyUI-ProPainter Nodes,daniabib/ComfyUI_ProPainter_Nodes,ProPainterOutpaint,ProPainter Outpainting,ProPainter,schema_confirmed,active,IMAGE frames + width/height + scale/mask/flow/ref_stride/neighbor/subvideo/raft/fp16 controls,"IMAGE, OUTPAINT_MASK, output_width, output_height",Video outpainting / frame expansion with temporal propagation,ProPainter models; RAFT/flow; fp16 VRAM-sensitive,guarded_generate_after_local_test,no,yes,"video_outpaint,temporal,heavy_vram,first_of_type",turn250file0;turn251file0,Useful for AIWF video-restoration experiments; not a beginner default.
PASS_02I,63,ComfyUI-Video-Matting,Fannovel16/ComfyUI-Video-Matting,BRIAAI Matting,BRIAAI Matting,Video Matting,schema_confirmed,active,video_frames IMAGE; version v1.4; fp16 BOOLEAN; bg_color STRING; batch_size INT 1..64,IMAGE foreground/composite; MASK alpha,BRIA RMBG-based batch video matting/removal,Downloads briaai/RMBG-1.4 model.pth; BriaRMBG architecture,guarded_generate_after_local_test,no,yes,"background_removal,video_batch,model_download,fp16",turn252file0;turn296file0,Good alternate to RVM for subject/background removal; compare against RMBG/BiRefNet packs.
PASS_02I,63,ComfyUI-Video-Matting,Fannovel16/ComfyUI-Video-Matting,Robust Video Matting,Robust Video Matting,Video Matting,schema_confirmed,active,video_frames IMAGE; backbone mobilenetv3/resnet50; fp16 BOOLEAN; bg_color STRING; batch_size INT 1..64,IMAGE foreground/composite; MASK alpha,Temporal foreground matting for video frames; RVM model path,Downloads PeterL1n RobustVideoMatting torchscript; GPU/CPU via Comfy model management,guarded_generate_after_local_test,no,yes,"video_matting,temporal,model_download,fp16",turn252file0;turn295file0,First-of-type video matting target; dense enough for workflow draft after local model download test.
PASS_02G,64,ComfyUI-LayerStyle,chflame163/ComfyUI_LayerStyle,LAYERSTYLE_MODULE_DYNAMIC_IMPORT,LayerStyle dynamic module loader,layerstyle/image,module_inventory,active,Dynamic module inventory; exact node IDs need per-file sweep,varies by module,Large Photoshop-like compositing/image utility suite loaded from py/*.py,PIL/OpenCV/numpy and per-module deps,rag_only_until_schema,no,yes,"dynamic_import,large_pack",turn255file0;turn245file0,"Light coverage only; this is a compatibility and capability map, not workflow-ready schema."
PASS_02G,64,ComfyUI-LayerStyle,chflame163/ComfyUI_LayerStyle,LayerStyle color/film modules,Color correction / film post family,layerstyle/image,module_inventory,active,Dynamic module inventory; exact node IDs need per-file sweep,varies by module,"LAB/YUV/auto color correction, color tone, grain, motion blur, film post",PIL/OpenCV/numpy and per-module deps,rag_only_until_schema,no,yes,"color_pipeline,needs_schema",turn245file7;turn245file9;turn245file12;turn245file17;turn245file21;turn245file40,"Light coverage only; this is a compatibility and capability map, not workflow-ready schema."
PASS_02G,64,ComfyUI-LayerStyle,chflame163/ComfyUI_LayerStyle,LayerStyle graphics/layout modules,Graphics overlay/layout family,layerstyle/image,module_inventory,active,Dynamic module inventory; exact node IDs need per-file sweep,varies by module,"Rounded rectangles, color images, pixel spread, watermark-like compositing support",PIL/OpenCV/numpy and per-module deps,rag_only_until_schema,no,yes,"graphics_layout,needs_schema",turn245file29;turn245file32;turn245file44,"Light coverage only; this is a compatibility and capability map, not workflow-ready schema."
PASS_02G,64,ComfyUI-LayerStyle,chflame163/ComfyUI_LayerStyle,LayerStyle image blend/crop/scale modules,Image blend/crop/scale family,layerstyle/image,module_inventory,active,Dynamic module inventory; exact node IDs need per-file sweep,varies by module,"Image blend advanced, crop by mask v3, image scale restore, image reel, image auto crop helpers",PIL/OpenCV/numpy and per-module deps,rag_only_until_schema,no,yes,"image_editing,needs_schema",turn245file15;turn245file19;turn245file39;turn245file42,"Light coverage only; this is a compatibility and capability map, not workflow-ready schema."
PASS_02G,64,ComfyUI-LayerStyle,chflame163/ComfyUI_LayerStyle,LayerStyle mask/composite modules,Mask and alpha utility family,layerstyle/image,module_inventory,active,Dynamic module inventory; exact node IDs need per-file sweep,varies by module,"Mask by color, image-to-mask, mask preview, shadow/highlight masks, strokes/drop shadows",PIL/OpenCV/numpy and per-module deps,rag_only_until_schema,no,yes,"mask_alpha,needs_schema",turn245file28;turn245file33;turn245file35;turn245file46;turn245file48,"Light coverage only; this is a compatibility and capability map, not workflow-ready schema."
PASS_02G,65,ComfyUI_LayerStyle_Advance,chflame163/ComfyUI_LayerStyle_Advance,LAYERSTYLE_ADVANCE_DYNAMIC_IMPORT,LayerStyle Advance dynamic module loader,layerstyle_advance,module_inventory,active,Dynamic module inventory; exact node IDs need per-file sweep,varies by module,Large advanced image/VLM/segmentation/utility suite loaded from py/*.py,"varies: VLM/LLM APIs, segmentation models, OpenCV/PIL, transformers",rag_only_until_schema,no,yes,"dynamic_import,large_pack",turn256file0;turn245file2,Light coverage with flagged dense follow-up for segmentation/captioning/VLM modules.
PASS_02G,65,ComfyUI_LayerStyle_Advance,chflame163/ComfyUI_LayerStyle_Advance,LayerStyle Advance VLM/LLM modules,Qwen/Gemini/DeepSeek/Zhipu image-prompt family,layerstyle_advance,module_inventory,active,Dynamic module inventory; exact node IDs need per-file sweep,varies by module,Image-to-prompt and prompt embellishment using external/local VLM/LLM style nodes,"varies: VLM/LLM APIs, segmentation models, OpenCV/PIL, transformers",rag_only_until_schema,no,yes,"vlm,llm,api_or_model_deps",turn245file2;turn245file22;turn245file24;turn245file27;turn245file43,Light coverage with flagged dense follow-up for segmentation/captioning/VLM modules.
PASS_02G,65,ComfyUI_LayerStyle_Advance,chflame163/ComfyUI_LayerStyle_Advance,LayerStyle Advance captioning modules,JoyCaption / Florence2 family,layerstyle_advance,module_inventory,active,Dynamic module inventory; exact node IDs need per-file sweep,varies by module,"Captioning, visual description, coordinate or prompt helpers","varies: VLM/LLM APIs, segmentation models, OpenCV/PIL, transformers",rag_only_until_schema,no,yes,"captioning,florence2,needs_schema",turn245file25;turn245file49,Light coverage with flagged dense follow-up for segmentation/captioning/VLM modules.
PASS_02G,65,ComfyUI_LayerStyle_Advance,chflame163/ComfyUI_LayerStyle_Advance,LayerStyle Advance segmentation modules,SAM/BiRefNet/person/human-parts family,layerstyle_advance,module_inventory,active,Dynamic module inventory; exact node IDs need per-file sweep,varies by module,"Advanced person/object segmentation, transparent background, BiRefNet, BEN, person/human parts","varies: VLM/LLM APIs, segmentation models, OpenCV/PIL, transformers",rag_only_until_schema,no,yes,"segmentation,first_of_type_overlap",turn245file10;turn245file20;turn245file30;turn245file31;turn245file36;turn245file37;turn245file38,Light coverage with flagged dense follow-up for segmentation/captioning/VLM modules.
PASS_02G,65,ComfyUI_LayerStyle_Advance,chflame163/ComfyUI_LayerStyle_Advance,LayerStyle Advance utility/media modules,PSD/QR/watermark/auto-crop family,layerstyle_advance,module_inventory,active,Dynamic module inventory; exact node IDs need per-file sweep,varies by module,"PSD loading, QR code, watermark, auto crop, color tone v2 utilities","varies: VLM/LLM APIs, segmentation models, OpenCV/PIL, transformers",rag_only_until_schema,no,yes,"media_tools,needs_schema",turn245file6;turn245file16;turn245file23;turn245file34;turn245file45;turn245file47,Light coverage with flagged dense follow-up for segmentation/captioning/VLM modules.
PASS_02G,66,Comfyui-LayerForge,Azornes/Comfyui-LayerForge,LAYERFORGE_MODULE_INVENTORY,LayerForge module inventory,layer/compositing,module_inventory,active,Mapping file located; exact node schema not swept,layer/composite helpers likely,Layered workflow/compositing helper pack,unknown until schema sweep,rag_only_until_schema,no,yes,"layer_compositing,needs_schema",turn245file3,Covered at pack level only.
PASS_02G,67,Canvas Tab,Lerc/canvas_tab,CANVAS_TAB_EXTENSION,Canvas Tab UI extension,ui/extension,module_inventory,active,UI extension mapping located; workflow nodes not schema-swept,UI canvas functionality,Canvas/editing tab extension for ComfyUI UI,frontend JS/server extension likely,rag_only_not_workflow_default,no,yes,"ui_extension,not_portable_workflow",turn246file3,"Product/UI reference, not a workflow JSON default."
PASS_02G,68,comfyui-enricos-nodes,erosDiffusion/ComfyUI-enricos-nodes,ENRICOS_MODULE_INVENTORY,Enrico nodes inventory,utility,module_inventory,active,Mapping located; exact node list/schema not swept,varies,General utility/compatibility node pack,unknown until schema sweep,rag_only_until_schema,no,yes,"utility_pack,needs_schema",turn246file2,Light compatibility coverage only.
PASS_02G,69,ComfyUI AdvancedLivePortrait,PowerHouseMan/ComfyUI-AdvancedLivePortrait,ADVANCED_LIVEPORTRAIT_MAPPING,Advanced LivePortrait mapping,liveportrait/face_animation,mapping_confirmed,active,NODE_CLASS_MAPPINGS located; exact schemas need sweep,face animation/retargeting outputs,Face animation / expression retargeting workflow family,LivePortrait model deps; face analysis/cropper deps,guarded_generate_after_schema,no,yes,"liveportrait,identity,face_animation,needs_schema",turn246file1;turn246file5,First-of-type identity/motion capability; dense follow-up recommended.
PASS_02G,70,ComfyUI-LivePortraitKJ,kijai/ComfyUI-LivePortraitKJ,DownloadAndLoadLivePortraitModels,Download and Load LivePortrait Models,LivePortrait,schema_confirmed,active,optional precision fp16/fp32/auto; mode human/animal,LIVEPORTRAITPIPE,Loads LivePortrait pipeline and downloads Kijai safetensors if missing,LivePortrait safetensors; Hugging Face download; fp16/fp32 device sensitivity,guarded_generate_after_local_test,no,yes,"liveportrait,model_loader,hf_download,identity",turn257file0;turn258file0,Good target for future face-animation workflow after local model verification.
PASS_02G,70,ComfyUI-LivePortraitKJ,kijai/ComfyUI-LivePortraitKJ,LivePortraitComposite,LivePortrait Composite,LivePortrait,schema_confirmed,active,"source_image, cropped_image, liveportrait_out, optional mask","IMAGE full_images, MASK",Composites generated portrait crop back into source frame,LivePortrait output and optional mask,guarded_generate_after_local_test,no,yes,"liveportrait,composite,mask",turn258file0,Important for finishing LP output into full-frame result.
PASS_02G,70,ComfyUI-LivePortraitKJ,kijai/ComfyUI-LivePortraitKJ,LivePortraitLoadCropper,LivePortrait Load Cropper,LivePortrait,schema_confirmed,active,"onnx_device, keep_model_loaded, optional detection_threshold",LPCROPPER,Loads cropper for face crop / detection stage,ONNX device provider; face cropper deps,guarded_generate_after_local_test,no,yes,"liveportrait,cropper,onnx",turn258file0,ONNX provider selection can be a Windows dependency trap.
PASS_02G,70,ComfyUI-LivePortraitKJ,kijai/ComfyUI-LivePortraitKJ,LivePortraitProcess,LivePortrait Process,LivePortrait,schema_confirmed,active,"pipeline, crop_info, source_image, driving_images, lip/stitching/retargeting/motion controls","IMAGE cropped_image, LP_OUT",Runs LivePortrait motion transfer from driving frames/images,LivePortrait pipe; crop info; driving image batch,guarded_generate_after_local_test,no,yes,"liveportrait,driving_video,identity,local_test",turn258file0,Rejects some mismatched inputs; not beginner default.
PASS_02G,71,comfyui-liveportrait,shadowcz007/comfyui-liveportrait,UNRESOLVED_REPO,Unresolved repo entry,liveportrait/face_animation,repo_unresolved,needs_retry,GitHub search did not resolve the listed repo path,none,Stale/incorrect list entry for liveportrait family,unknown,do_not_generate,no,yes,"stale_repo,needs_retry",turn247search,Do not use until resolved; KJ and AdvancedLivePortrait cover the capability class for now.
PASS_02G,72,ComfyUI_InstantID,cubiq/ComfyUI_InstantID,ApplyInstantID,Apply InstantID,InstantID,schema_confirmed,active,"INSTANTID, FACEANALYSIS, CONTROL_NET, IMAGE, MODEL, positive, negative, weight/start/end + optional keypoints/mask","MODEL, positive, negative",Applies InstantID attention patch plus ControlNet conditioning,"InstantID, InsightFace, ControlNet, reference image",guarded_generate_after_local_test,no,yes,"identity,controlnet,attention_patch,local_test",turn254file0,High-value identity path; not canonical until local test.
PASS_02G,72,ComfyUI_InstantID,cubiq/ComfyUI_InstantID,FaceKeypointsPreprocessor,Face Keypoints Preprocessor,InstantID,schema_confirmed,active,FACEANALYSIS + IMAGE,IMAGE keypoints,Creates face keypoint image for InstantID control path,InsightFace detection,guarded_generate_after_local_test,no,yes,"face_keypoints,identity",turn254file0,Returns blank image with warning if no face detected.
PASS_02G,72,ComfyUI_InstantID,cubiq/ComfyUI_InstantID,InstantIDFaceAnalysis,InstantID Face Analysis,InstantID,schema_confirmed,active,provider CPU/CUDA/ROCM/CoreML,FACEANALYSIS,Loads InsightFace antelopev2 for InstantID,insightface; ONNX provider; models/insightface,guarded_generate_after_local_test,no,yes,"insightface,onnx,identity",turn254file0,Windows dependency risk but important for identity workflows.
PASS_02G,72,ComfyUI_InstantID,cubiq/ComfyUI_InstantID,InstantIDModelLoader,InstantID Model Loader,InstantID,schema_confirmed,active,instantid_file from models/instantid,INSTANTID,Loads InstantID adapter model,InstantID model files; safetensors/pt,guarded_generate_after_local_test,no,yes,"identity,instantid,model_loader",turn253file0;turn254file0,Identity conditioning; sensitive to insightface and controlnet install state.
PASS_02G,73,ComfyUI-InstantID,ZHO-ZHO-ZHO/ComfyUI-InstantID,ZHO_INSTANTID_MAPPING,ZHO InstantID mapping,identity/face,mapping_confirmed,active,NODE_CLASS_MAPPINGS/source file located; schema not swept,identity/face outputs vary,Identity/reference-face capability or support pack,InsightFace/CLIPVision/IPAdapter/Flux/PhotoMaker deps vary,guarded_generate_after_schema,no,yes,"identity,face,needs_schema",turn248file1;turn248file6,Alternate InstantID implementation; compatibility/red-node repair coverage.
PASS_02G,74,comfyui-instantId-faceswap,nosiu/comfyui-instantId-faceswap,INSTANTID_FACESWAP_MAPPING,InstantID FaceSwap mapping,identity/face,mapping_confirmed,active,NODE_CLASS_MAPPINGS/source file located; schema not swept,identity/face outputs vary,Identity/reference-face capability or support pack,InsightFace/CLIPVision/IPAdapter/Flux/PhotoMaker deps vary,guarded_generate_after_schema,no,yes,"identity,face,needs_schema",turn248file3;turn248file7,Specialized InstantID face-swap pack; identity-sensitive and dependency-heavy.
PASS_02G,75,PuLID_ComfyUI,cubiq/PuLID_ComfyUI,PULID_MAPPING,PuLID mapping,identity/face,mapping_confirmed,active,NODE_CLASS_MAPPINGS/source file located; schema not swept,identity/face outputs vary,Identity/reference-face capability or support pack,InsightFace/CLIPVision/IPAdapter/Flux/PhotoMaker deps vary,guarded_generate_after_schema,no,yes,"identity,face,needs_schema",turn248file2;turn248file9,PuLID identity conditioning; needs schema pass before workflows.
PASS_02G,76,ComfyUI_PuLID_Flux_ll,lldacing/ComfyUI_PuLID_Flux_ll,PULID_FLUX_LL_MAPPING,PuLID Flux ll mapping,identity/face,mapping_confirmed,active,NODE_CLASS_MAPPINGS/source file located; schema not swept,identity/face outputs vary,Identity/reference-face capability or support pack,InsightFace/CLIPVision/IPAdapter/Flux/PhotoMaker deps vary,guarded_generate_after_schema,no,yes,"identity,face,needs_schema,base_model_specific",turn248file4;turn248file8,"Flux-specific PuLID identity path; base-model-specific, deserves later dense pass."
PASS_02G,77,ComfyUI-PuLID-Flux-Enhanced,sipie800/ComfyUI-PuLID-Flux-Enhanced,PULID_FLUX_ENHANCED_MAPPING,PuLID Flux Enhanced mapping,identity/face,mapping_confirmed,active,NODE_CLASS_MAPPINGS/source file located; schema not swept,identity/face outputs vary,Identity/reference-face capability or support pack,InsightFace/CLIPVision/IPAdapter/Flux/PhotoMaker deps vary,guarded_generate_after_schema,no,yes,"identity,face,needs_schema,base_model_specific",turn249file3;turn249file7,"Enhanced Flux PuLID identity path; base-model-specific, needs dense pass."
PASS_02G,78,ComfyUI-IPAdapter-Flux,Shakker-Labs/ComfyUI-IPAdapter-Flux,IPADAPTER_FLUX_MAPPING,IPAdapter Flux mapping,identity/face,mapping_confirmed,active,NODE_CLASS_MAPPINGS/source file located; schema not swept,identity/face outputs vary,Identity/reference-face capability or support pack,InsightFace/CLIPVision/IPAdapter/Flux/PhotoMaker deps vary,guarded_generate_after_schema,no,yes,"identity,face,needs_schema,base_model_specific",turn249file1;turn249file5;turn249file9,"Flux-specific IPAdapter path; base-model-specific, needs dense pass."
PASS_02G,79,ComfyUI PhotoMaker Plus,shiimizu/ComfyUI-PhotoMaker-Plus,PHOTOMAKER_PLUS_MAPPING,PhotoMaker Plus mapping,identity/face,mapping_confirmed,active,NODE_CLASS_MAPPINGS/source file located; schema not swept,identity/face outputs vary,Identity/reference-face capability or support pack,InsightFace/CLIPVision/IPAdapter/Flux/PhotoMaker deps vary,guarded_generate_after_schema,no,yes,"identity,face,needs_schema",turn249file4;turn249file10,PhotoMaker identity/reference image conditioning; needs schema pass.
PASS_02G,80,ComfyUI PhotoMaker (ZHO),ZHO-ZHO-ZHO/ComfyUI-PhotoMaker-ZHO,PHOTOMAKER_ZHO_MAPPING,PhotoMaker ZHO mapping,identity/face,mapping_confirmed,active,NODE_CLASS_MAPPINGS/source file located; schema not swept,identity/face outputs vary,Identity/reference-face capability or support pack,InsightFace/CLIPVision/IPAdapter/Flux/PhotoMaker deps vary,guarded_generate_after_schema,no,yes,"identity,face,needs_schema",turn249file0;turn249file6,Alternate PhotoMaker implementation; compatibility coverage.
PASS_02G,81,Face Analysis for ComfyUI,cubiq/ComfyUI_FaceAnalysis,FACE_ANALYSIS_MAPPING,Face Analysis mapping,identity/face,mapping_confirmed,active,NODE_CLASS_MAPPINGS/source file located; schema not swept,identity/face outputs vary,Identity/reference-face capability or support pack,InsightFace/CLIPVision/IPAdapter/Flux/PhotoMaker deps vary,guarded_generate_after_schema,no,yes,"identity,face,needs_schema",turn249file2;turn249file8,Face analysis helper pack; may support identity workflows and debugging.
PASS_02H,82,FUSE Face Enhancer,WASasquatch/face-upscaling-and-seamless-embedding,FUSE_FACE_ENHANCER_MAPPING,FUSE Face Enhancer mapping,face/restore,mapping_confirmed,active,NODE_CLASS_MAPPINGS/source file located; light coverage only.,outputs vary by node family,Face upscaling and seamless embedding / face enhancement compatibility pack.,face detection/restoration/upscale stack varies by node,rag_reference_then_schema_if_used,no,yes,"needs_schema,dependency_sensitive",turn260file2;turn260file6,Useful for red-node repair and face restore research; not a default foundation without schema pass.
PASS_02H,83,DZ-FaceDetailer,nicofdga/DZ-FaceDetailer,DZ_FACEDETAILER_MAPPING,DZ FaceDetailer mapping,face/detail,mapping_confirmed,active,NODE_CLASS_MAPPINGS/source file located; light coverage only.,outputs vary by node family,Alternate face detailer path; overlaps Impact FaceDetailer/ReActor/restore packs.,face detection/detailer dependencies vary,rag_reference_then_schema_if_used,no,yes,"needs_schema,dependency_sensitive",turn260file1,Light coverage only; use Impact FaceDetailer as canonical unless this solves a specific issue.
PASS_02H,84,Facerestore CF,mav-rik/facerestore_cf,FACERESTORE_CF_MAPPING,Facerestore CF mapping,face/restore,mapping_confirmed,active,NODE_CLASS_MAPPINGS/source file located; light coverage only.,outputs vary by node family,Face restoration compatibility node pack.,CodeFormer/GFPGAN-like restore dependencies likely,rag_reference_then_schema_if_used,no,yes,"needs_schema,dependency_sensitive",turn260file3,Good to know for old workflows; schema pass needed before generated JSON.
PASS_02H,85,ComfyUI-Portrait-Maker,THtianhao/ComfyUI-Portrait-Maker,PORTRAIT_MAKER_MAPPING,Portrait Maker mapping,face/portrait,mapping_confirmed,active,NODE_CLASS_MAPPINGS/source file located; light coverage only.,outputs vary by node family,Portrait/identity generation support pack.,portrait/reference-model dependencies vary,rag_reference_then_schema_if_used,no,yes,"needs_schema,dependency_sensitive",turn260file5,Identity-related; guarded until schema and model requirements are known.
PASS_02I,86,ComfyUI-InfiniteYou,bytedance/ComfyUI_InfiniteYou,ExtractFacePoseImage,Extract Face Pose Image,infinite_you,schema_confirmed,active,face_detector MODEL; image IMAGE; width/height INT; optional mask MASK,IMAGE,Create face keypoint/pose image for InfiniteYou conditioning,InsightFace face detector; OpenCV keypoints,guarded_generate_after_local_test,no,yes,"identity,pose,keypoints,face_detection",turn298file0,Fails if no face detected; include fallback guidance in workflow notes.
PASS_02I,86,ComfyUI-InfiniteYou,bytedance/ComfyUI_InfiniteYou,ExtractIDEmbedding,Extract ID Embedding,infinite_you,schema_confirmed,active,face_detector MODEL; arcface_model MODEL; image_proj_model MODEL; image IMAGE,CONDITIONING id_embedding dict,Extract ArcFace identity embedding projected for InfiniteYou,facexlib ArcFace; image projection model,guarded_generate_after_local_test,no,yes,"identity,arcface,conditioning",turn298file0,Identity-sensitive; use only with explicit consent workflows.
PASS_02I,86,ComfyUI-InfiniteYou,bytedance/ComfyUI_InfiniteYou,IDEmbeddingModelLoader,ID Embedding Model Loader,infinite_you,schema_confirmed,active,image_proj_model_name; image_proj_num_tokens 8/16; face_analysis_provider CUDA/CPU; det_size AUTO/640/320/160,FACE_DETECTOR; ARCFACE_MODEL; IMAGE_PROJ_MODEL,"Load InfiniteYou face detector, ArcFace, and image projection models",InsightFace antelopev2; facexlib arcface; ByteDance/InfiniteYou HF downloads,guarded_generate_after_local_test,no,yes,"identity,insightface,arcface,hf_download,flux",turn297file0;turn298file0,New identity-control system; not a beginner default.
PASS_02I,86,ComfyUI-InfiniteYou,bytedance/ComfyUI_InfiniteYou,InfuseNetApply,Apply InfuseNet,infinite_you,schema_confirmed,active,positive CONDITIONING; id_embedding CONDITIONING; control_net CONTROL_NET; image IMAGE; strength/start/end; optional negative/VAE/control_mask,CONDITIONING positive; CONDITIONING negative,Apply InfiniteYou identity conditioning through ControlNet-like path,InfuseNet control model; optional VAE/mask,guarded_generate_after_local_test,no,yes,"identity,flux,controlnet,mask",turn298file0,"Strong candidate for a future identity-control workflow, but must be local-tested."
PASS_02I,86,ComfyUI-InfiniteYou,bytedance/ComfyUI_InfiniteYou,InfuseNetLoader,Load InfuseNet,infinite_you,schema_confirmed,active,controlnet_name from infinite_you model folder/defaults,CONTROL_NET,Load InfiniteYou InfuseNet/ControlNet for Flux identity conditioning,ByteDance/InfiniteYou safetensors; Flux control model,guarded_generate_after_local_test,no,yes,"identity,controlnet,flux,hf_download",turn298file0,Model-family-specific: Flux identity control.
PASS_02I,87,ComfyUI-HyperLoRA,bytedance/ComfyUI-HyperLoRA,HyperLoRAApplyLoRA,HyperLoRA Apply LoRA,HyperLoRA,schema_confirmed,active,model MODEL; lora LORA; weight FLOAT,MODEL,Apply generated LoRA to model,models/hyper_lora; insightface; CLIP/ArcFace depending config,guarded_generate_after_local_test,no,yes,"lora_apply,model_patch",turn299file0;turn300file0,"2025+ identity/adaptation system; dense enough for RAG routing, still requires local model install and ethical gating."
PASS_02I,87,ComfyUI-HyperLoRA,bytedance/ComfyUI-HyperLoRA,HyperLoRABaseCond,HyperLoRA Base Cond,HyperLoRA,schema_confirmed,active,hyper_lora; images; face_attr; crop options,BASE_COND; IMAGE,Create base condition for base LoRA generation,models/hyper_lora; insightface; CLIP/ArcFace depending config,guarded_generate_after_local_test,no,yes,"identity,base_lora,face_crop",turn299file0;turn300file0,"2025+ identity/adaptation system; dense enough for RAG routing, still requires local model install and ethical gating."
PASS_02I,87,ComfyUI-HyperLoRA,bytedance/ComfyUI-HyperLoRA,HyperLoRAConfig,HyperLoRA Config,HyperLoRA,schema_confirmed,active,"model architecture/options: image processor, image encoder, resampler dims, encoder types, face analyzer, lora rank",HYPER_LORA_CONFIG,Build HyperLoRA configuration object,models/hyper_lora; insightface; CLIP/ArcFace depending config,rag_only_expert,no,yes,"identity,hypernetwork,lora_config",turn299file0;turn300file0,"2025+ identity/adaptation system; dense enough for RAG routing, still requires local model install and ethical gating."
PASS_02I,87,ComfyUI-HyperLoRA,bytedance/ComfyUI-HyperLoRA,HyperLoRAFaceAttr,HyperLoRA Face Attr,HyperLoRA,schema_confirmed,active,hyper_lora; images IMAGE,FACE_ATTR,Detect face attributes/landmarks for HyperLoRA pipeline,models/hyper_lora; insightface; CLIP/ArcFace depending config,guarded_generate_after_local_test,no,yes,"insightface,face_landmarks",turn299file0;turn300file0,"2025+ identity/adaptation system; dense enough for RAG routing, still requires local model install and ethical gating."
PASS_02I,87,ComfyUI-HyperLoRA,bytedance/ComfyUI-HyperLoRA,HyperLoRAGenerateBaseLoRA,HyperLoRA Generate Base LoRA,HyperLoRA,schema_confirmed,active,hyper_lora; base_cond BASE_COND,LORA,Generate base LoRA weights,models/hyper_lora; insightface; CLIP/ArcFace depending config,guarded_generate_after_local_test,no,yes,"lora_generation,base_condition",turn299file0;turn300file0,"2025+ identity/adaptation system; dense enough for RAG routing, still requires local model install and ethical gating."
PASS_02I,87,ComfyUI-HyperLoRA,bytedance/ComfyUI-HyperLoRA,HyperLoRAGenerateIDLoRA,HyperLoRA Generate ID LoRA,HyperLoRA,schema_confirmed,active,hyper_lora; id_cond ID_COND,LORA,Generate LoRA weights from ID condition,models/hyper_lora; insightface; CLIP/ArcFace depending config,guarded_generate_after_local_test,no,yes,"identity,lora_generation",turn299file0;turn300file0,"2025+ identity/adaptation system; dense enough for RAG routing, still requires local model install and ethical gating."
PASS_02I,87,ComfyUI-HyperLoRA,bytedance/ComfyUI-HyperLoRA,HyperLoRAIDCond,HyperLoRA ID Cond,HyperLoRA,schema_confirmed,active,hyper_lora; images IMAGE; face_attr FACE_ATTR; grayscale; remove_background,ID_COND; IMAGE preview,Create ID condition tensors from face crop/ArcFace/CLIP pipeline,models/hyper_lora; insightface; CLIP/ArcFace depending config,guarded_generate_after_local_test,no,yes,"identity,face_crop,arcface,clip",turn299file0;turn300file0,"2025+ identity/adaptation system; dense enough for RAG routing, still requires local model install and ethical gating."
PASS_02I,87,ComfyUI-HyperLoRA,bytedance/ComfyUI-HyperLoRA,HyperLoRALoader,HyperLoRA Loader,HyperLoRA,schema_confirmed,active,config HYPER_LORA_CONFIG; model folder; dtype fp16/bf16/fp32,HYPER_LORA,Load HyperLoRA modules/resamplers/ID projector/face analyzer,models/hyper_lora; insightface; CLIP/ArcFace depending config,guarded_generate_after_local_test,no,yes,"identity,model_loader,insightface",turn299file0;turn300file0,"2025+ identity/adaptation system; dense enough for RAG routing, still requires local model install and ethical gating."
PASS_02I,87,ComfyUI-HyperLoRA,bytedance/ComfyUI-HyperLoRA,HyperLoRASaveLoRA,HyperLoRA Save LoRA,HyperLoRA,schema_confirmed,active,filename_prefix; lora LORA,OUTPUT_NODE,Save generated LoRA safetensors,models/hyper_lora; insightface; CLIP/ArcFace depending config,rag_only_output,no,yes,"file_output,lora_save",turn299file0;turn300file0,"2025+ identity/adaptation system; dense enough for RAG routing, still requires local model install and ethical gating."
PASS_02I,87,ComfyUI-HyperLoRA,bytedance/ComfyUI-HyperLoRA,HyperLoRAUniGenerateIDLoRA,HyperLoRA Uni Generate ID LoRA,HyperLoRA,schema_confirmed,active,hyper_lora; images; grayscale; remove_background,LORA,Simplified face-attribute -> ID condition -> LoRA generation path,models/hyper_lora; insightface; CLIP/ArcFace depending config,guarded_generate_after_local_test,no,yes,"identity,lora_generation,wrapper",turn299file0;turn300file0,"2025+ identity/adaptation system; dense enough for RAG routing, still requires local model install and ethical gating."
PASS_02I,87,ComfyUI-HyperLoRA,bytedance/ComfyUI-HyperLoRA,HyperLoRAUniLoader,HyperLoRA Uni Loader,HyperLoRA,schema_confirmed,active,image processor/encoder/encoder_types/face_analyzer/model/dtype,HYPER_LORA,Simplified loader wrapper for common config,models/hyper_lora; insightface; CLIP/ArcFace depending config,guarded_generate_after_local_test,no,yes,"identity,loader_wrapper",turn299file0;turn300file0,"2025+ identity/adaptation system; dense enough for RAG routing, still requires local model install and ethical gating."
PASS_02H,88,comfyui-portrait-master,florestefano1975/comfyui-portrait-master,PORTRAIT_MASTER_MAPPING,Portrait Master mapping,prompt/portrait,mapping_confirmed,active,NODE_CLASS_MAPPINGS/source file located; light coverage only.,outputs vary by node family,Portrait prompt control and portrait parameter helpers.,prompt/UI only likely,rag_reference_then_schema_if_used,no,yes,"needs_schema,dependency_sensitive",turn261file3,Useful for prompt scaffolding; not canonical AIWF prompt foundation.
PASS_02H,89,comfyui-portrait-master-zh-cn,ZHO-ZHO-ZHO/comfyui-portrait-master-zh-cn,RETRY_COMFYUI_PORTRAIT_MASTER_ZH_CN,Portrait Master ZH-CN retry marker,prompt/portrait,not_found_retry,needs_retry,Repository/search did not return source in this pass.,not covered,Potential localized Portrait Master fork.,unknown,do_not_generate,no,yes,"needs_retry,stale_or_moved_repo",turn265 search no results,Do not claim coverage until source resolves.
PASS_02H,90,Tiled Diffusion & VAE for ComfyUI,shiimizu/ComfyUI-TiledDiffusion,TILED_DIFFUSION_VAE_MAPPING,Tiled Diffusion / Tiled VAE mapping,upscale/tile,mapping_confirmed,active,NODE_CLASS_MAPPINGS/source file located; light coverage only.,outputs vary by node family,Tiled diffusion and tiled VAE for large-image/VRAM-aware workflows.,tiled diffusion / VAE patching,rag_reference_then_schema_if_used,no,yes,"needs_schema,dependency_sensitive",turn261file1;turn261file4;turn261file6,High workflow value; dense pass needed before generated JSON because tiled samplers alter sampling/decoding behavior.
PASS_02H,91,Tiled sampling for ComfyUI,BlenderNeko/ComfyUI_TiledKSampler,TILED_KSAMPLER_MAPPING,Tiled KSampler mapping,sampler/tile,mapping_confirmed,active,NODE_CLASS_MAPPINGS/source file located; light coverage only.,outputs vary by node family,Tiled KSampler path for large image generation/upscale.,custom tiled sampler implementation,rag_reference_then_schema_if_used,no,yes,"needs_schema,dependency_sensitive",turn261file2;turn261file5,Guarded; tiled sampling affects generation behavior and seam risk.
PASS_02H,92,ComfyUI-CCSR,kijai/ComfyUI-CCSR,CCSR_Model_Select,CCSR_Model_Select,upscale/restoration,schema_confirmed,active,ckpt_name checkpoint selector,CCSRMODEL,Load a local CCSR checkpoint from checkpoints.,CCSR checkpoint; configs/model/ccsr_stage2.yaml,guarded_generate_after_local_test,no,yes,"checkpoint_path,restoration,hardware_sensitive",turn267file0,Uses checkpoint folder; local model placement matters.
PASS_02H,92,ComfyUI-CCSR,kijai/ComfyUI-CCSR,CCSR_Upscale,CCSR_Upscale,upscale/restoration,schema_confirmed,active,"ccsr_model, image, resize_method, scale_by, steps, t_max/t_min, sampling_method, tile_size/stride, VAE tile sizes, color_fix_type, keep_model_loaded, seed",IMAGE upscaled_image,CCSR restoration/upscale with tiled methods and color fix options.,CCSR model; tiled mixdiff/vae methods,guarded_generate_after_local_test,no,yes,"large_model,tiling,restoration,VRAM_sensitive",turn267file0,Dense enough for RAG; still local-test before workflow JSON.
PASS_02H,92,ComfyUI-CCSR,kijai/ComfyUI-CCSR,DownloadAndLoadCCSRModel,DownloadAndLoad CCSRModel,upscale/restoration,schema_confirmed,active,model: real-world_ccsr-fp16.safetensors or real-world_ccsr-fp32.safetensors,CCSRMODEL,Download/load CCSR restoration/upscale model.,Hugging Face Kijai/ccsr-safetensors; CCSR configs,guarded_generate_after_local_test,no,yes,"large_model,restoration,download,hardware_sensitive",turn266file0;turn267file0,Useful for restoration/upscale comparisons; model download and VRAM need local test.
PASS_02H,93,ComfyUI-APISR,ZHO-ZHO-ZHO/ComfyUI-APISR,APISR_MAPPING,APISR mapping,upscale/restoration,mapping_confirmed,active,NODE_CLASS_MAPPINGS/source file located; light coverage only.,outputs vary by node family,Anime/picture super-resolution/restoration style upscale path.,APISR models,rag_reference_then_schema_if_used,no,yes,"needs_schema,dependency_sensitive",turn262file0;turn262file3,High comparison value for upscaler workflows; schema pass if selected.
PASS_02I,94,ComfyUI-SeedVR2_VideoUpscaler,stavzszn/ComfyUI-SeedVR2_VideoUpscaler,SEEDVR2_V3_EXTENSION,SeedVR2 ComfyUI Extension,SEEDVR2,module_inventory,active,"ComfyUI V3 extension returns SeedVR2VideoUpscaler, SeedVR2LoadDiTModel, SeedVR2LoadVAEModel, SeedVR2TorchCompileSettings",V3 node list,Official/active SeedVR2 integration path resolved from retry,comfy_api.latest; Triton compatibility helper,rag_only_until_workflow_smoke_test,no,yes,"v3_api,video_upscale,modern_2026",turn282file0;turn287file0,Original numz path did not resolve; active official-style fork/repo resolved through search.
PASS_02I,94,ComfyUI-SeedVR2_VideoUpscaler,stavzszn/ComfyUI-SeedVR2_VideoUpscaler,SeedVR2LoadDiTModel,SeedVR2 (Down)Load DiT Model,SEEDVR2,schema_confirmed,active,model combo; device; blocks_to_swap; swap_io_components; offload_device; cache_model; attention_mode; optional torch_compile_args,SEEDVR2_DIT,"Configure SeedVR2 DiT model, BlockSwap, attention backend, and compile args",SeedVR2 DiT models; attention backends sdpa/flash/sage; torch.compile optional,guarded_generate_after_local_test,no,yes,"dit,video_upscale,attention_backend,blocks_swap,torch_compile",turn289file0,Hardware-sensitive; excellent diagnostic value for RTX 4070 Ti Super tests.
PASS_02I,94,ComfyUI-SeedVR2_VideoUpscaler,stavzszn/ComfyUI-SeedVR2_VideoUpscaler,SeedVR2LoadVAEModel,SeedVR2 (Down)Load VAE Model,SEEDVR2,schema_confirmed,active,model; device; encode/decode tiled booleans; tile size/overlap; tile_debug; offload_device; cache_model; optional torch_compile_args,SEEDVR2_VAE,Configure SeedVR2 VAE with tiling/offload/compile options,SeedVR2 VAE models; torch.compile optional,guarded_generate_after_local_test,no,yes,"vae,tiling,video_upscale,torch_compile,offload",turn290file0,Useful for AIWF VRAM recipes; not beginner default.
PASS_02I,94,ComfyUI-SeedVR2_VideoUpscaler,stavzszn/ComfyUI-SeedVR2_VideoUpscaler,SeedVR2TorchCompileSettings,SeedVR2 Torch Compile Settings,SEEDVR2,schema_confirmed,active,backend inductor/cudagraphs; mode; fullgraph; dynamic; dynamo cache/recompile limits,TORCH_COMPILE_ARGS,Configure torch.compile for DiT/VAE loaders,"PyTorch 2.0+, Triton for inductor",rag_only_expert_local_test,no,yes,"torch_compile,triton,hardware_sensitive",turn291file0,Expert-only tuning node; document but do not default enable.
PASS_02I,94,ComfyUI-SeedVR2_VideoUpscaler,stavzszn/ComfyUI-SeedVR2_VideoUpscaler,SeedVR2VideoUpscaler,SeedVR2 Video Upscaler,SEEDVR2,schema_confirmed,active,image IMAGE batch; dit SEEDVR2_DIT; vae SEEDVR2_VAE; seed; resolution/max_resolution; batch_size; overlap; prepend; color correction; noise scales; offload_device; debug,IMAGE video frames,Diffusion-based temporal video upscaling with DiT/VAE pipeline,SeedVR2 model weights; DiT/VAE configs; optional tensor/model offloading,guarded_generate_after_local_test,no,yes,"video_upscale,diffusion_transformer,temporal,model_download,high_vram",turn288file0,First-of-type modern video upscale; dense review candidate before JSON generation.
PASS_02H,95,ComfyUI InvSR,yuvraj108c/ComfyUI_InvSR,INVSR_MAPPING,InvSR mapping,upscale/restoration,mapping_confirmed,active,NODE_CLASS_MAPPINGS/source file located; light coverage only.,outputs vary by node family,Inverse super-resolution/restoration pack.,InvSR models,rag_reference_then_schema_if_used,no,yes,"needs_schema,dependency_sensitive",turn262file2,Relevant to restoration comparisons; schema pass if chosen for workflow.
PASS_02H,96,ComfyUI Neural Network Latent Upscale,Ttl/ComfyUi_NNLatentUpscale,NN_LATENT_UPSCALE_MAPPING,NN Latent Upscale mapping,latent/upscale,mapping_confirmed,active,NODE_CLASS_MAPPINGS/source file located; light coverage only.,outputs vary by node family,Latent-space neural upscale helper.,latent upscaler model/implementation,rag_reference_then_schema_if_used,no,yes,"needs_schema,dependency_sensitive",turn262file1,Potential low-VRAM / latent workflow tool; needs schema before JSON.
PASS_02H,97,SD-Latent-Upscaler,city96/SD-Latent-Upscaler,SD_LATENT_UPSCALER_MAPPING,SD Latent Upscaler mapping,latent/upscale,mapping_confirmed,active,NODE_CLASS_MAPPINGS/source file located; light coverage only.,outputs vary by node family,Classic latent upscaler compatibility pack.,SD latent upscaler implementation,rag_reference_then_schema_if_used,no,yes,"needs_schema,dependency_sensitive",turn263file4;turn263file8,Legacy compatibility and latent-upscale comparison.
PASS_02H,98,Latent-Interposer,city96/SD-Latent-Interposer,SD_LATENT_INTERPOSER_MAPPING,SD Latent Interposer mapping,latent/bridge,mapping_confirmed,active,NODE_CLASS_MAPPINGS/source file located; light coverage only.,outputs vary by node family,Latent interposer / latent conversion helper.,latent interposer implementation,rag_reference_then_schema_if_used,no,yes,"needs_schema,dependency_sensitive",turn263file0;turn263file5,Useful for compatibility; not default teaching path.
PASS_02H,99,ComfyUI Flowty LDSR,flowtyone/ComfyUI-Flowty-LDSR,FLOWTY_LDSR_MAPPING,Flowty LDSR mapping,upscale/restoration,mapping_confirmed,active,NODE_CLASS_MAPPINGS/source file located; light coverage only.,outputs vary by node family,LDSR upscale/restoration path.,LDSR models,rag_reference_then_schema_if_used,no,yes,"needs_schema,dependency_sensitive",turn263file3,Older restoration/upscale path; compare against SUPIR/CCSR/APISR/Core upscalers.
PASS_02H,100,AuraSR-ComfyUI,GreenLandisaLie/AuraSR-ComfyUI,AURASR_MAPPING,AuraSR mapping,upscale/restoration,mapping_confirmed,active,NODE_CLASS_MAPPINGS/source file located; light coverage only.,outputs vary by node family,AuraSR super-resolution support.,AuraSR model/deps,rag_reference_then_schema_if_used,no,yes,"needs_schema,dependency_sensitive",turn263file1;turn263file6,Modern SR candidate; schema pass if selected for workflow.
PASS_02H,101,Comfy-Topaz,choey/Comfy-Topaz,TOPAZ_MAPPING,Topaz mapping,upscale/external_app,mapping_confirmed,active,NODE_CLASS_MAPPINGS/source file located; light coverage only.,outputs vary by node family,Bridge to Topaz external upscaling/restoration tooling.,Topaz local install / external binary likely,rag_reference_then_schema_if_used,no,yes,"needs_schema,dependency_sensitive",turn263file2;turn263file7,External-app dependency; not portable default.
PASS_02J,990,ComfyUI Core Native Wan 2.2,Comfy-Org/ComfyUI + Comfy-Org/workflow_templates,UNETLoader,UNETLoader / Diffusion Model Loader,core/video/wan,template_confirmed,active_core,Loads Wan 2.2 diffusion model file from models/diffusion_models; 5B uses wan2.2_ti2v_5B_fp16.safetensors; 14B uses high/low-noise fp8_scaled expert models.,MODEL,Native Wan 2.2 model loading for local ComfyUI video generation.,Wan 2.2 diffusion models; ComfyUI core >= template version 0.3.45 for 5B template.,safe_generate_native_core_after_comfy_version_check,yes,yes,"model_size,download_required,wan22,core_version_sensitive",uploaded_field_report:turn305file0;official_template:turn303file0;official_template:turn304file0,Field report makes native Wan 2.2 the modern-tier default; official template confirms UNETLoader and model file placement.
PASS_02J,990,ComfyUI Core Native Wan 2.2,Comfy-Org/ComfyUI + Comfy-Org/workflow_templates,CLIPLoader,CLIPLoader / Wan UMT5 Text Encoder,core/video/wan,template_confirmed,active_core,clip_name=umt5_xxl_fp8_e4m3fn_scaled.safetensors; type=wan; device option default in official templates.,CLIP,Native Wan text encoder loading.,umt5_xxl_fp8_e4m3fn_scaled.safetensors in models/text_encoders.,safe_generate_native_core_after_comfy_version_check,yes,yes,"text_encoder,wan22,fp8,download_required",uploaded_field_report:turn305file0;official_template:turn303file0;official_template:turn304file0,Use type wan. Report and official templates agree on UMT5 encoder path.
PASS_02J,990,ComfyUI Core Native Wan 2.2,Comfy-Org/ComfyUI + Comfy-Org/workflow_templates,VAELoader,VAELoader / Wan VAE,core/video/wan,template_confirmed,active_core,5B template loads wan2.2_vae.safetensors; 14B T2V template lists wan_2.1_vae.safetensors.,VAE,Native Wan VAE loading for video latent decode/encode paths.,models/vae/wan2.2_vae.safetensors for 5B; models/vae/wan_2.1_vae.safetensors for 14B T2V template.,safe_generate_native_core_after_variant_check,yes,yes,"variant_specific,vae,wan22",uploaded_field_report:turn305file0;official_template:turn303file0;official_template:turn304file0,Do not assume 2.2 VAE for all Wan 2.2 variants; 14B template explicitly lists wan_2.1_vae.
PASS_02J,990,ComfyUI Core Native Wan 2.2,Comfy-Org/ComfyUI + Comfy-Org/workflow_templates,ModelSamplingSD3,ModelSamplingSD3 / Wan shift model sampling,core/video/wan,template_confirmed,active_core,MODEL; shift widget. Official 5B template uses shift=8; report states 14B uses shift=5.,MODEL,Apply Wan-relevant sampling shift before KSampler.,ComfyUI core node.,safe_generate_with_variant_specific_shift,yes,yes,"settings_sensitive,variant_specific,wan22",uploaded_field_report:turn305file0;official_template:turn303file0;official_template:turn304file0,Hardcode shift only per workflow variant: 5B TI2V shift 8; 14B report/template path uses shift 5.
PASS_02J,990,ComfyUI Core Native Wan 2.2,Comfy-Org/ComfyUI + Comfy-Org/workflow_templates,Wan22ImageToVideoLatent,Wan22ImageToVideoLatent,core/video/wan,template_confirmed,active_core,"VAE required; optional start_image IMAGE; widgets width, height, length, batch. Official 5B example: 1280,704,121,1.",LATENT,Native Wan 2.2 5B TI2V/I2V latent creation.,ComfyUI core Wan 2.2 support; optional LoadImage for I2V.,safe_generate_native_core_after_comfy_version_check,yes,yes,"wan22,video_latent,length_memory_sensitive",uploaded_field_report:turn305file0;official_template:turn303file0,Exact class_type has double 2: Wan22ImageToVideoLatent. Strong default for beginner modern-tier video.
PASS_02J,990,ComfyUI Core Native Wan 2.2,Comfy-Org/ComfyUI + Comfy-Org/workflow_templates,KSampler,KSampler / Wan 5B default sampler,core/video/wan,template_confirmed,active_core,"MODEL, positive, negative, latent_image; official 5B template uses 20 steps, cfg 5, uni_pc sampler, simple scheduler, denoise 1.0.",LATENT,Native Wan 2.2 5B sampling.,ComfyUI core; Wan model stack upstream.,safe_generate_with_variant_specific_settings,yes,yes,"sampler_settings,wan22,performance_sensitive",uploaded_field_report:turn305file0;official_template:turn303file0,5B default is conservative/simple; do not confuse with wrapper custom samplers.
PASS_02J,990,ComfyUI Core Native Wan 2.2,Comfy-Org/ComfyUI + Comfy-Org/workflow_templates,CreateVideo,CreateVideo,core/video/output,template_confirmed,active_core,images IMAGE; optional audio AUDIO; fps widget. Official 5B template uses fps=24.,VIDEO,Core video object creation before SaveVideo.,ComfyUI core video output support.,safe_generate_native_core_after_comfy_version_check,yes,yes,"video_output,core_version_sensitive",uploaded_field_report:turn305file0;official_template:turn303file0,Modern core replacement for some simpler video export needs; VHS remains useful for advanced video I/O.
PASS_02J,990,ComfyUI Core Native Wan 2.2,Comfy-Org/ComfyUI + Comfy-Org/workflow_templates,SaveVideo,SaveVideo,core/video/output,template_confirmed,active_core,video VIDEO; filename/preset widgets in official templates.,OUTPUT_NODE,Core video saving.,ComfyUI core video output support.,safe_generate_native_core_after_comfy_version_check,yes,yes,"video_output,codec_environment_sensitive",uploaded_field_report:turn305file0;official_template:turn303file0;official_template:turn304file0,Use core SaveVideo for native Wan templates; use VHS when needing image sequence/video/audio convenience features.
PASS_02J,990,ComfyUI Core Native Wan 2.2,Comfy-Org/ComfyUI + Comfy-Org/workflow_templates,LoraLoaderModelOnly,LoraLoaderModelOnly / Wan 14B Lightning LoRA,core/video/wan,template_report_confirmed,active_core,MODEL plus LoRA name/strength for model-only LoRA application; report notes high/low-noise 14B Lightning LoRA nodes.,MODEL,Apply Wan 2.2 14B high/low noise Lightx2v 4-step LoRAs.,wan2.2_t2v_lightx2v_4steps_lora_v1.1_high_noise.safetensors and low_noise variant in models/loras.,guarded_generate_advanced_variant_after_model_download_check,no,yes,"wan22_14b,lightning_lora,24gb_plus,performance_sensitive",uploaded_field_report:turn305file0;official_template:turn304file0,"Advanced 14B path; not beginner default. Treat as high-fidelity/turbo variant, not the starter workflow."
PASS_02J,990,ComfyUI Core Native Wan 2.2,Comfy-Org/ComfyUI + Comfy-Org/workflow_templates,EmptyHunyuanLatentVideo,EmptyHunyuanLatentVideo / Wan 14B empty latent path,core/video/wan,field_report_claim_needs_template_node_local_check,active_core,Report says Wan 2.2 14B T2V uses EmptyHunyuanLatentVideo for empty latent.,LATENT,Wan 2.2 14B empty video latent creation in native template path.,ComfyUI core; Wan 14B stack.,guarded_generate_after_opening_exact_template_node,no,yes,"field_report_claim,wan22_14b,template_subgraph_hidden",uploaded_field_report:turn305file0;official_template:turn304file0,14B official template uses subgraph in the fetched snippet; exact internal node should be inspected before auto-generating.
PASS_02J,990,ComfyUI Core Native Wan 2.2,Comfy-Org/ComfyUI + Comfy-Org/workflow_templates,WanFirstLastFrameToVideo,WanFirstLastFrameToVideo,core/video/wan,field_report_claim_needs_primary_template_fetch,active_core,Report says Wan 2.2 14B FLF2V workflow uses this class_type.,LATENT/VIDEO_PATH_DEPENDS_ON_TEMPLATE,First/last-frame guided Wan video generation.,Native ComfyUI Wan 2.2 first/last-frame workflow template.,do_not_generate_until_template_schema_fetched,no,yes,"field_report_claim,wan22,first_last_frame,needs_schema",uploaded_field_report:turn305file0,"High-value future workflow target, but needs direct template fetch before JSON generation."
PASS_02L,102,ComfyUI-TopazVideoAI,sh570655308/ComfyUI-TopazVideoAI,TopazVideoAI,Topaz Video AI (Upscale & Frame Interpolation),video,schema_confirmed,covered_light,"IMAGE batch plus Topaz upscale/interpolation controls, fps, model names, Topaz ffmpeg path",IMAGE batch / optional saved MP4 UI,External Topaz Video AI bridge for upscale and frame interpolation after generation,Topaz Video AI installed locally; Topaz ffmpeg filters; ffmpeg; optional CuPy,generate_only_with_local_test_external_app,no,yes,"external_app,commercial_dependency,filesystem_temp_video,ffmpeg_path_sensitive",turn310file0; turn311file0,Useful for users who already own Topaz Video AI; not portable or beginner-default.
PASS_02L,102,ComfyUI-TopazVideoAI,sh570655308/ComfyUI-TopazVideoAI,TopazUpscaleParams,Topaz Upscale Parameters,video,schema_confirmed,covered_light,upscale_factor/model/compression/blend plus previous_upscale,UPSCALE_PARAMS,Chain multiple Topaz upscale parameter passes before TopazVideoAI,Topaz model names are Topaz-specific,generate_only_with_local_test_external_app,no,yes,"external_app,commercial_dependency",turn310file0; turn311file0,Parameter helper only; no image processing by itself.
PASS_02L,103,ComfyUI Bringing Old Photos Back to Life,cdb-boop/ComfyUI-Bringing-Old-Photos-Back-to-Life,BOPBTL_*,Old photo restoration family,restoration,mapping_confirmed_plus_sampled_schema,covered_light,"scratch model, restoration model, dlib face detector, face enhancer, images/masks","masks, restored images, face crops, enhanced faces, blended output","Dedicated old-photo scratch mask, quality restoration, and face enhancement stack","BOPBTL checkpoints, VAEs, dlib shape predictor .dat, restoration/face enhancement models",rag_first_dense_before_workflow_json,no,yes,"model_heavy,dlib_dependency,legacy_restoration_stack",turn312file0; turn313file0,High value for old-photo chapter; should get dense pass before workflow generation because it has many model files and custom return types.
PASS_02L,103,ComfyUI Bringing Old Photos Back to Life,cdb-boop/ComfyUI-Bringing-Old-Photos-Back-to-Life,BOPBTL_ScratchMask,Scratch Mask,restoration/image,schema_confirmed_sample,covered_light,SCRATCH_MODEL + IMAGE + input_size + resize_method,MASK,Detect scratches for restoration mask pipeline,Scratch detection checkpoint,generate_only_with_local_test,no,yes,"model_heavy,restoration_specific",turn313file0,Good first old-photo subworkflow candidate after model setup is documented.
PASS_02L,103,ComfyUI Bringing Old Photos Back to Life,cdb-boop/ComfyUI-Bringing-Old-Photos-Back-to-Life,BOPBTL_RestoreOldPhotos,Restore Old Photos,restoration/image,schema_confirmed_sample,covered_light,BOPBTL_MODELS + IMAGE + pad settings + optional scratch mask,IMAGE,Main restoration pass for old photo quality/scratch restoration,"VAE_A, VAE_B, mapping net; GPU id settings",generate_only_with_local_test,no,yes,"model_heavy,gpu_id_manual,legacy_restoration_stack",turn313file0,Do not auto-generate until model download and placement notes are complete.
PASS_02L,104,ComfyUI_InstantIR_Wrapper,smthemex/ComfyUI_InstantIR_Wrapper,InstantIR_Loader,InstantIR_Loader,restoration,schema_confirmed,covered_light,"SDXL checkpoint, DINO repo, adapter/aggregator/InstantIR LoRA, SDXL LCM LoRA, use_clip_encoder",InstantIR_MODEL,Load InstantIR restoration pipeline,"SDXL checkpoint, DINOv2, InstantIR adapter/aggregator/lora, SDXL LCM LoRA",generate_only_with_local_test,no,yes,"model_heavy,auto_download,diffusers_pipeline,sdxl_specific",turn316file0; turn317file0,Important restoration comparison path; not a default because setup is model-heavy.
PASS_02L,104,ComfyUI_InstantIR_Wrapper,smthemex/ComfyUI_InstantIR_Wrapper,InstantIR_Sampler,InstantIR_Sampler,restoration,schema_confirmed,covered_light,InstantIR_MODEL + image + prompt/negative + seed/steps/cfg + creative flag + size + guidance windows + batch,IMAGE,Run InstantIR restoration on input image,InstantIR loaded model and SDXL/LoRA stack,generate_only_with_local_test,no,yes,"model_heavy,restoration_specific",turn317file0,"Good comparison node for restoration/upscale lab, not beginner baseline."
PASS_02L,105,HandFixer,Xiangyu-CAS/HandFixer,RETRY_NO_REPO_MATCH,HandFixer listed repo unresolved,image_advanced_inpaint / flux_advanced,repo_retry,needs_retry_or_stale_repo,,,"Listed as FLUX/FLUX-Fill hand correction workflow, but repo did not resolve in GitHub search this pass",Unknown,do_not_generate_invalid_or_stale_repo,no,yes,"stale_repo,needs_manual_url",search_repositories:no_results,Keep in ledger; do not remove yet because capability gap exists: automatic hand repair.
PASS_02L,106,ComfyUI-Detail-Daemon,Jonseed/ComfyUI-Detail-Daemon,DetailDaemonSamplerNode,Detail Daemon Sampler,sampling/custom_sampling/samplers,schema_confirmed,covered_light,SAMPLER + detail curve controls + cfg override,SAMPLER,Wrap sampler to adjust sigma schedule for detail control,Comfy custom sampler path; matplotlib for graph node,generate_only_with_local_test,no,yes,"sampler_mutation,advanced_sampling",turn320file0; turn321file0,Potentially high-value detail-control technique; use only in advanced sampler labs.
PASS_02L,106,ComfyUI-Detail-Daemon,Jonseed/ComfyUI-Detail-Daemon,DetailDaemonGraphSigmasNode,Detail Daemon Graph Sigmas,sampling/custom_sampling/sigmas,schema_confirmed,covered_light,SIGMAS + detail curve controls + cfg_scale,UI graph/temp image,Visualize detail schedule applied to sigmas,matplotlib temp image generation,rag_first_optional_visualization,no,yes,"debug_visualization,temp_files",turn320file0; turn321file0,Teaching value for explaining sigma/detail scheduling.
PASS_02L,106,ComfyUI-Detail-Daemon,Jonseed/ComfyUI-Detail-Daemon,MultiplySigmas,Multiply Sigmas (stateless),sampling/custom_sampling/sigmas,schema_confirmed,covered_light,SIGMAS + factor + start/end,SIGMAS,Stateless sigma multiplier over a range,None beyond custom sampler path,generate_only_with_local_test,no,yes,advanced_sampling,turn320file0; turn321file0,Useful but advanced; not a foundation default.
PASS_02L,106,ComfyUI-Detail-Daemon,Jonseed/ComfyUI-Detail-Daemon,LyingSigmaSampler,Lying Sigma Sampler,sampling/custom_sampling,schema_confirmed,covered_light,SAMPLER + dishonesty_factor + optional start/end percent,SAMPLER,Experimental sigma adjustment sampler wrapper,Comfy custom sampler internals,generate_only_with_notes_and_local_test,no,yes,"experimental_sampler,sampler_mutation",turn320file0; turn321file0,Warning-only advanced sampler.
PASS_02L,107,ComfyUI Frame Interpolation,Fannovel16/ComfyUI-Frame-Interpolation,VFI_PACK,Frame interpolation family,video_modern / interpolation,mapping_confirmed,covered_light,IMAGE frame batches with per-model VFI controls depending on selected node,interpolated IMAGE batch,"General frame interpolation pack: RIFE, FILM, AMT, IFRNet, GMFSS, M2M, FLAVR, CAIN, etc.",Model files for each VFI backend,rag_first_dense_before_workflow_json,no,yes,"many_model_backends,video_memory",turn324file0,Important finishing pack; dense only when choosing one default backend.
PASS_02L,107,ComfyUI Frame Interpolation,Fannovel16/ComfyUI-Frame-Interpolation,RIFE VFI,RIFE VFI (recommend rife4.25+),video_modern / interpolation,mapping_confirmed,covered_light,IMAGE sequence + RIFE settings,interpolated IMAGE batch,Most recognizable VFI path for FPS multiplication,RIFE model weights,generate_only_after_schema_sweep,no,yes,"model_backend,video_batch",turn324file0,Likely default comparison target after schema sweep.
PASS_02L,108,ComfyUI-GIMM-VFI,kijai/ComfyUI-GIMM-VFI,DownloadAndLoadGIMMVFIModel,(Down)Load GIMMVFI Model,video_modern / interpolation,schema_confirmed,covered_light,"model selection, precision, optional torch_compile",GIMMVIF_MODEL,Download/load GIMM-VFI model and flow estimator,Kijai/GIMM-VFI_safetensors; RAFT or FlowFormer; optional Triton compile,generate_only_with_local_test,no,yes,"model_heavy,torch_compile_optional,flow_model_dependency",turn325file0; turn326file0,Modern VFI alternative; useful for comparison against RIFE/FILM.
PASS_02L,108,ComfyUI-GIMM-VFI,kijai/ComfyUI-GIMM-VFI,GIMMVFI_interpolate,GIMM-VFI Interpolate,video_modern / interpolation,schema_confirmed,covered_light,GIMMVIF_MODEL + IMAGE batch + ds_factor + interpolation_factor + seed + optional flow output,IMAGE batch + flow_tensors image,Interpolate between frames with optional flow visualization,Loaded GIMM-VFI + flow estimator,generate_only_with_local_test,no,yes,"video_batch,model_heavy",turn326file0,Good modern VFI candidate after local model install.
PASS_02L,109,ComfyUI-fastblend,AInseven/ComfyUI-fastblend,RETRY_NO_REPO_MATCH,ComfyUI-fastblend unresolved,video_modern,repo_retry,needs_retry_or_stale_repo,,,"Listed as video2video/rebatch/blending helper, but repo did not resolve in GitHub search this pass",Unknown,do_not_generate_invalid_or_stale_repo,no,yes,"stale_repo,needs_manual_url",search_repositories:no_results,Keep in ledger; could be renamed or removed.
PASS_02L,110,ComfyUI-DynamiCrafterWrapper,kijai/ComfyUI-DynamiCrafterWrapper,DownloadAndLoadDynamiCrafterModel,Download and Load DynamiCrafter Model,video_modern / legacy_i2v,schema_confirmed_sample,covered_light,"model dropdown, dtype, fp8_unet",DCMODEL,Load DynamiCrafter/ToonCrafter video model variants,Kijai/DynamiCrafter_pruned checkpoints; configs; optional accelerate,generate_only_with_local_test,no,yes,"legacy_video_model,model_heavy",turn328file0; turn329file0,Historical/legacy video comparison; Wan native remains preferred.
PASS_02L,110,ComfyUI-DynamiCrafterWrapper,kijai/ComfyUI-DynamiCrafterWrapper,DynamiCrafterI2V,DynamiCrafter I2V,video_modern / legacy_i2v,schema_confirmed_sample,covered_light,DCMODEL + CLIP_VISION + conditioning + image + steps/cfg/eta/frames/seed/fs + optional second image/mask/window/noise,IMAGE batch + last image,Image-to-video / interpolation-style generation,DynamiCrafter model + CLIP vision + VAE path,generate_only_with_local_test,no,yes,"legacy_video_model,video_memory,model_heavy",turn329file0,Good archival knowledge; not modern default.
PASS_02L,111,ComfyUI-CogVideoXWrapper,kijai/ComfyUI-CogVideoXWrapper,CogVideoX_PACK,CogVideoX wrapper family,video_modern / legacy_video,schema_sampled,covered_light,model loaders/text/image encode/context/trajectory/control/sampler/decode families,CogVideo latents/images/video-related outputs,CogVideoX model support with custom encode/context/sampler helpers,"CogVideo model files, diffusers schedulers, text encoders, VAE, optional LoRA",rag_first_dense_before_workflow_json,no,yes,"legacy_video_model,large_model,wrapper_complex",turn330file0; turn331file0,"Wan 2.2 supersedes for default video, but this remains useful for loading old workflows."
PASS_02L,111,ComfyUI-CogVideoXWrapper,kijai/ComfyUI-CogVideoXWrapper,CogVideoTextEncode,CogVideo Text Encode,CogVideoWrapper,schema_confirmed_sample,covered_light,CLIP + prompt + optional strength/offload,CONDITIONING + CLIP,Text encoding helper for CogVideoX prompt embeddings,T5/CLIP text encoder path,generate_only_with_local_test,no,yes,"legacy_video_model,text_encoder_settings",turn331file0,Needs matching CogVideo loader/sampler graph.
PASS_02L,112,ComfyUI-PyramidFlowWrapper,kijai/ComfyUI-PyramidFlowWrapper,PyramidFlowModelLoader,PyramidFlow Model Loader,PyramidFlowWrapper,schema_confirmed_sample,covered_light,diffusion model + precision + sequential CPU offload + optional compile args,PYRAMIDFLOWMODEL,Load PyramidFlow transformer model,"diffusion_models/pyramidflow files, configs, optional accelerate/torch.compile",generate_only_with_local_test,no,yes,"large_video_model,fp8_precision,torch_compile_optional",turn332file0; turn333file0,Legacy/alternate video model wrapper; not default.
PASS_02L,112,ComfyUI-PyramidFlowWrapper,kijai/ComfyUI-PyramidFlowWrapper,PyramidFlowSampler,PyramidFlow Sampler,PyramidFlowWrapper,schema_confirmed_sample,covered_light,PYRAMIDFLOWMODEL + prompt embeds + width/height + staged steps + temp + guidance + seed + optional latent,LATENT,Sample PyramidFlow text/image-to-video latents,PyramidFlow model + prompt embeds + VAE decode path,generate_only_with_local_test,no,yes,"large_video_model,staged_sampler",turn333file0,Advanced comparison path; dense pass only if building PyramidFlow workflow.
PASS_02L,113,ComfyUI-RH_FramePack,HM-RunningHub/ComfyUI_RH_FramePack,Kiki_FramePack,RunningHub FramePack,video_modern / FramePack,schema_confirmed_sample,covered_light,ref image + prompt + duration + seed + steps + TeaCache + upscale + optional end_image,IMAGE frames + FLOAT fps,FramePack/Hunyuan image-to-video helper with optional end frame,"HunyuanVideo folders, Flux Redux image encoder, FramePackI2V_HY model, diffusers_helper",generate_only_with_local_test,no,yes,"large_model,hardcoded_model_dirs,hunyuan_dependency",turn336file0; turn337file0,Very relevant 2025/2026 technique but implementation is hardcoded and local-test heavy.
PASS_02L,114,ComfyUI-WanVideoStartEndFrames,raindrop313/ComfyUI-WanVideoStartEndFrames,RETRY_NO_REPO_MATCH,Wan start/end frame helper unresolved,video_modern / Wan,repo_retry,needs_retry_or_stale_repo,,,"Listed as Wan start/end frame workflow helper, but repo did not resolve this pass",Unknown,do_not_generate_invalid_or_stale_repo,no,yes,"stale_repo,needs_manual_url,wan_related",search_repositories:no_results,Core/native Wan FLF2V may already cover the need; retry later.
PASS_02L,115,ComfyUI_ControlNeXt-SVD,kijai/ComfyUI-ControlNeXt-SVD,RETRY_NO_REPO_MATCH,ControlNeXt SVD unresolved,video_modern / control,repo_retry,needs_retry_or_stale_repo,,,"Listed as ControlNeXt SVD legacy/experimental pack, but repo did not resolve this pass",Unknown,do_not_generate_invalid_or_stale_repo,no,yes,"stale_repo,legacy_video_control",search_repositories:no_results,Probably lower priority unless old workflows reference it.
PASS_02M,116,Steerable Motion,banodoco/Steerable-Motion,BatchCreativeInterpolationNode,Batch Creative Interpolation,animation / IPAdapter / interpolation,schema_confirmed_sample,covered_light,"positive/negative conditioning, images, model, IPAdapter, CLIP_VISION, frame/keyframe/strength distribution controls","GRAPH, conditioning, model, keyframe positions, batch metadata",IPAdapter-driven creative interpolation between keyframes,Depends on imported IPAdapter Plus and Frame Interpolation FILM helper; matplotlib graph output,rag_first_dense_before_workflow_json,no,yes,"imports_other_packs,ipadapter_dependency,legacy_animation",turn344file0; turn345file0,"Good animation teaching concept, but it bundles/imports other node code and should not be a default workflow foundation."
PASS_02M,117,FizzNodes,FizzleDorf/ComfyUI_FizzNodes,PACK_MAPPING:FizzNodes,FizzNodes schedule/wave/frame family,animation / prompt_schedules,mapping_confirmed,covered_light,"wave generators, value/prompt/string/batch schedules, FizzFrame, helper nodes","scheduled strings, values, prompt encodings, frame schedules",Classic animation scheduling and prompt/value curve utilities,Copies JS extension files; imports scheduled/wave/frame/helper modules,rag_first_schema_before_workflow_json,no,yes,"legacy_animation,frontend_js,prompt_schedule_complexity",turn346file0,"High value for old animation workflows; teach conceptually, but prefer simpler modern parameter controls in beginner graphs."
PASS_02M,118,RyanOnTheInside,ryanontheinside/ComfyUI_RyanOnTheInside,PACK_MODULES:RyanOnTheInside,RyanOnTheInside flex/audio/video/mask module family,animation / audio-reactive / temporal masks,module_inventory,covered_light,"large dynamic module list: audio, MIDI, feature extractors, flex images/video/latents, temporal/optical-flow/particle masks, utility nodes","many feature, mask, image, audio, latent, and video outputs","Advanced audio-reactive animation, temporal masks, feature modulation, MIDI/control workflows",Many optional dependencies; copies web extension files; tooltip layer; module import failures possible,rag_first_dense_before_workflow_json,no,yes,"large_pack,audio_reactive,midi,temporal_masks,dependency_heavy",turn343file0; turn343file4; turn343file6; turn343file8; turn343file9; turn347file0,Very high-value advanced pack; deserves a later dense pass if AIWF builds audio-reactive or temporal-mask chapters.
PASS_02M,119,Jovimetrix,Amorano/Jovimetrix,PACK_LOADER:Jovimetrix,Jovimetrix animation/compositing/procedural pack,animation / realtime / compositing,module_inventory,covered_light,"tick, wave, math, color, adjust, blend, text, crop, flatten, stack, transform, array, route, export, save families","animation ticks, images, masks, vectors, routes, exports",Procedural animation/compositing/live workflow utilities,Uses cozy_comfyui loader; dynamic node loading under core modules,rag_first_schema_before_workflow_json,no,yes,"large_pack,realtime,procedural,compositing",turn348file0,Great conceptual/reference pack; not a beginner workflow default because it is broad and loader-driven.
PASS_02M,120,Deforum Nodes,XmYx/deforum-comfy-nodes,PACK_DYNAMIC_MAPPING:Deforum,Deforum Comfy node family,animation / deforum / legacy,dynamic_mapping_confirmed,covered_light,"imports Deforum audio sync, cache, ControlNet, conditioning, framewarp, hybrid, interpolation, image, iteration, prompt, sampler, schedule visualizer, video nodes","Deforum animation workflow data, schedules, images/video, prompt/sampler outputs",Deforum-style frame-by-frame animation compatibility,Dynamic inspect-based mapping; external Deforum assumptions; legacy-style workflows,rag_first_dense_before_workflow_json,no,yes,"legacy_animation,dynamic_mapping,large_pack",turn343file1; turn349file0,"Useful for red-node repair and historical animation workflows, not modern default."
PASS_02M,121,Depthflow Nodes,akatz-ai/ComfyUI-Depthflow-Nodes,PACK_MAPPING:Depthflow,Depthflow parallax/effects/motion preset family,animation / 2.5D / depthflow,mapping_confirmed,covered_light,"Depthflow, DOF/vignette/inpaint/color effects, motion presets, sine/cosine/linear/triangle/arc/set-target controls",Depthflow rendered frames / effect and motion configs,2.5D parallax/motion from depth maps,Depends on Tremeschin Depthflow library,generate_only_with_local_test,no,yes,"external_library,2_5d_animation,depth_motion",turn351file0,Useful for non-diffusion motion effects; pairs conceptually with depth estimation nodes.
PASS_02M,122,DepthCrafter Nodes,akatz-ai/ComfyUI-DepthCrafter-Nodes,DepthCrafter,DepthCrafter consistent video depth maps,video_modern / depth / control,schema_confirmed_sample,covered_light,"DEPTHCRAFTER_MODEL, IMAGE batch, force_size, steps, guidance, window_size, overlap",IMAGE depth_maps,Generate temporally consistent depth maps for video/control workflows,Downloads Tencent DepthCrafter UNet and SVD img2vid XT files; HF model downloads; fp16/offload modes,generate_only_with_local_test,no,yes,"model_download,svd_dependency,video_depth,control_preprocess",turn352file0; turn353file0,Important first-of-type video-depth node; dense pass recommended before any workflow JSON.
PASS_02M,123,ComfyUI-MotionDiff,Fannovel16/ComfyUI-MotionDiff,MotionDiffLoader; MotionDiffSimpleSampler; MotionDataVisualizer,MotionDiff text-to-motion family,animation / motion_data,schema_confirmed_sample,covered_light,"loader model_dataset, CLIP text encode, empty motion data, sampler name, seed, visualizer settings",MOTION_DATA and IMAGE visualization,Generate/visualize human motion data from text,custom mmcv/motiondiff modules; model dataset configs; dependency-heavy,rag_first_dense_before_workflow_json,no,yes,"legacy_motion,dataset_specific,dependency_heavy",turn354file0,Motion data is valuable conceptually but not a clean AIWF beginner path.
PASS_02M,124,ComfyUI-MimicMotionWrapper,kijai/ComfyUI-MimicMotionWrapper,DownloadAndLoadMimicMotionModel; MimicMotionSampler; MimicMotionGetPoses; MimicMotionDecode,Kijai MimicMotion Wrapper,animation / pose / video,schema_confirmed_sample,covered_light,"model/precision, ref image, pose images, steps, cfg min/max, seed, fps, context size/overlap, optional scheduler/pose strength",LATENT samples and decoded IMAGE frames,Pose-driven video animation using MimicMotion,"Downloads MimicMotion pruned, SVD img2vid XT, DWPose models; diffusers pipeline",generate_only_with_local_test,no,yes,"pose_animation,model_download,svd_dependency,dwpose",turn355file0; turn356file0,Better-maintained alternate to simpler AIFSH wrapper; dense pass if building pose-animation workflows.
PASS_02M,125,ComfyUI-MimicMotion,AIFSH/ComfyUI-MimicMotion,MimicMotionNode; LoadVideo; PreViewVideo,AIFSH MimicMotion basic wrapper,animation / pose / video,schema_confirmed_sample,covered_light,"ref image, ref video path, resolution, stride, tile size/overlap, decode chunk, steps, guidance, fps, seed",VIDEO path/output preview,Simpler MimicMotion workflow using input pose video,Auto-downloads DWPose and SVD/MimicMotion weights into extension models; uses moviepy and cuda_malloc,generate_only_with_local_test,no,yes,"pose_animation,auto_download,hardcoded_models,video_path_io",turn358file0; turn359file0,Simpler but more side-effect-heavy than Kijai wrapper; good red-node repair knowledge.
PASS_02M,126,ComfyUI-AnimateAnyone-Evolved,MrForExample/ComfyUI-AnimateAnyone-Evolved,[AnimateAnyone] Animate Anyone Sampler,AnimateAnyone Evolved sampler/loaders,animation / pose / SD15,schema_confirmed_sample,covered_light,"reference UNet, denoising UNet, ref latent, CLIP vision embeds, pose latent, seed, steps, cfg, context settings, scheduler controls",LATENT video samples,Pose-image sequence to stylized video / AnimateAnyone compatibility,"SD1.5 base UNet folders, reference/denoising/motion/pose weights, diffusers schedulers",generate_only_with_local_test,no,yes,"sd15_legacy,pose_animation,manual_weights,large_graph",turn360file0; turn361file0,Good compatibility target; Wan/MimicMotion/LivePortrait are likely better modern first choices.
PASS_02M,127,Comfyui-MusePose,TMElyralab/Comfyui-MusePose,PACK_SCHEMA_SAMPLE:MusePose,MusePose pose alignment and pose-to-video stack,animation / pose,schema_sampled,covered_light,"reference image/video pose alignment, DWPose/pose detector, model/pipeline parameters",pose-aligned images/video tensors,Pose-controlled virtual human image-to-video,"DWPose, MusePose models, diffusers/SD pipeline, video I/O",generate_only_with_local_test,no,yes,"pose_animation,model_heavy,dwpose,video_io",turn362file0; turn363file0,Important alternate pose-animation pack; dense review only if it beats MimicMotion/LivePortrait for a workflow need.
PASS_02M,128,ComfyUI-MagicAnimate,thecooltechguy/ComfyUI-MagicAnimate,MagicAnimateModelLoader; MagicAnimate,MagicAnimate model loader and generator,animation / pose / legacy,schema_confirmed_sample,covered_light,"controlnet, appearance encoder, motion module, device; image, pose_video, seed, inference_steps",IMAGE frame batch,MagicAnimate character animation from pose video,Requires MagicAnimate checkpoints in models/MagicAnimate; SD1.5/vae/controlnet/motion modules,generate_only_with_local_test,no,yes,"legacy_animation,manual_models,pose_video",turn364file0; turn365file0,Good old-workflow coverage; not modern default.
PASS_02M,129,ComfyUI-ToonCrafter,AIGODLIKE/ComfyUI-ToonCrafter,ToonCrafterNode; ToonCrafterWithSketch,ToonCrafter interpolation/cartoon motion,animation / interpolation / toon,schema_confirmed_sample,covered_light,"start/end images, ckpt, vram opt, prompt, seed, eta, cfg, steps, frame count, fps; optional sketch guides",IMAGE frame batch,Toon/cartoon frame interpolation and guided animation,Doubiiu ToonCrafter checkpoints/configs; OpenCLIP model; XFORMERS_FORCE_DISABLE_TRITON set,generate_only_with_local_test,no,yes,"toon_animation,manual_weights,legacy_video_model",turn366file0,Useful comparison path for stylized interpolation; not native modern default.
PASS_02M,130,ComfyUI-HelloMeme,HelloVision/ComfyUI_HelloMeme,PACK_SEARCH_HIT:HelloMeme,HelloMeme meme/portrait video pack,animation / face,search_mapping_hit,covered_light,meme.py source hit; node family requires deeper fetch for exact schemas,likely portrait/meme video outputs,Meme/portrait video generation compatibility,HelloMeme model dependencies unknown until dense pass,rag_first_fetch_before_workflow_json,no,yes,"needs_deeper_fetch,portrait_video",turn367file3,Covered as repo/source hit only; do not generate workflows until dense pass.
PASS_02M,131,ComfyUI-Sonic,smthemex/ComfyUI_Sonic,SONICTLoader; SONIC_PreData; SONICSampler,SONIC audio-driven portrait animation,animation / audio / talking_head,schema_confirmed_sample,covered_light,base MODEL + sonic UNet + dtype; CLIP_VISION/VAE/audio/image predata; sampler seed/steps/dynamic_scale/fps,IMAGE frames + fps,Audio-perception-driven portrait/talking-head animation,"sonic weights folder, Whisper tiny, audio2token, audio2bucket, YOLO face, SVD-style model conversion",generate_only_with_local_test,no,yes,"audio_driven,face_crop,model_download,identity_sensitive",turn368file0; turn369file0,High-value talking-head pack; dense pass only if AIWF adds audio-driven animation workflows.
PASS_02M,132,ComfyUI_EchoMimic,smthemex/ComfyUI_EchoMimic,PACK_SEARCH_HIT:EchoMimic,EchoMimic talking-head/audio mimic pack,animation / audio / talking_head,search_mapping_hit,covered_light,EchoMimic_node.py source hit; exact schema not fetched this pass,talking-head/video outputs likely,Talking-head/audio mimic compatibility,EchoMimic dependencies unknown until dense pass,rag_first_fetch_before_workflow_json,no,yes,"needs_deeper_fetch,audio_driven,talking_head",turn367file2,Covered as source hit only. Keep below Sonic/LivePortrait unless needed for old workflows.
PASS_02M,133,ComfyUI-LatentSyncWrapper,ShmuelRonen/ComfyUI-LatentSyncWrapper,LatentSyncNode,LatentSync lip-sync wrapper,animation / audio / lipsync,schema_confirmed_sample,covered_light,"IMAGE batch, AUDIO, seed, lips expression, inference steps",IMAGE + AUDIO,ByteDance LatentSync lip sync for video/image batches,"FFmpeg, torchaudio, LatentSync-1.6 checkpoints, temp-directory overrides, auto pip installs",generate_only_with_local_test,no,yes,"audio_lipsync,auto_install,temp_side_effects,ffmpeg,model_download",turn370file0; turn371file0,Powerful but side-effect-heavy; needs isolated venv/testing before recommending.
PASS_02M,134,ComfyUI-MuseTalk,chaojie/ComfyUI-MuseTalk,PACK_MAPPING:MuseTalk,MuseTalk lip-sync pack,animation / audio / lipsync,mapping_confirmed_light,covered_light,__init__ exports NODE_CLASS_MAPPINGS from nodes.py; deeper schema needed,likely lip-sync video/image outputs,MuseTalk lip-sync compatibility,MuseTalk model stack; likely video/audio dependencies,rag_first_fetch_before_workflow_json,no,yes,"lipsync,needs_deeper_fetch,model_heavy",turn373file0; turn374file0,Repo resolved; Kijai MuseTalk-KJ also exists and may be better for later dense review.
PASS_02M,135,ComfyUI-Hallo,AIFSH/ComfyUI-Hallo,RETRY_NO_REPO_MATCH,Hallo talking portrait unresolved,animation / audio / talking_head,repo_retry,needs_retry_or_stale_repo,repo search no result for listed AIFSH path,unknown,Listed as Hallo talking portrait pack but not resolved,unknown,do_not_generate_invalid_or_stale_repo,no,yes,"stale_repo,needs_manual_url,talking_head",search_repositories:no_results,Do not count as covered; retry with alternate owner/fork if user encounters red nodes.
PASS_02M,136,DeepFuze,SamKhoze/ComfyUI-DeepFuze,PACK_SEARCH_HIT:DeepFuze,DeepFuze face/lipsync/video umbrella,animation / face / audio,search_mapping_hit,covered_light,nodes.py source hit; exact schema not fetched this pass,face/video/audio outputs likely,"Face transformation, lipsync, video/voice cloning umbrella compatibility",DeepFuze dependencies likely heavy/external,rag_first_fetch_before_workflow_json,no,yes,"identity_sensitive,audio_video,dependency_heavy,needs_deeper_fetch",turn372file1,Covered only as source hit; keep warning-only until dense review and safety/licensing check.
PASS_02M,137,ComfyUI-TeaCache,welltop-cn/ComfyUI-TeaCache,PACK_SEARCH_HIT:TeaCache,TeaCache acceleration nodes,flux_advanced / video_modern,search_mapping_hit,covered_light,nodes.py and nodes_diffusers.py source hits; exact schemas not fetched this pass,cache/patch outputs,Inference acceleration cache for Flux/video-style models,model-family-specific caching behavior,rag_first_dense_before_workflow_json,no,yes,"acceleration_cache,model_family_sensitive,quality_risk",turn372file0; turn372file3,Important 2026 acceleration concept; dense pass needed before recommending settings.
PASS_02M,138,ComfyUI-MagCache,Zehong-Ma/ComfyUI-MagCache,PACK_SEARCH_HIT:MagCache,MagCache acceleration/calibration nodes,flux_advanced / video_modern,search_mapping_hit,covered_light,nodes.py and calibration nodes source hits; exact schemas not fetched this pass,cache/calibration outputs,MagCache inference acceleration and calibration,official MagCache implementation; model-family sensitive,rag_first_dense_before_workflow_json,no,yes,"acceleration_cache,calibration,quality_risk",turn372file2; turn372file4,Important acceleration concept; dense pass needed before AIWF suggests it in performance workflows.
PASS_02N,991,ComfyUI-Lightning,shenduldh/ComfyUI-Lightning,PACK_RETRY:ComfyUI-Lightning,ComfyUI-Lightning fast Flux inference,flux_advanced / speed,repo_unresolved_this_pass,needs_retry_or_stale_repo,listed repo did not produce mapping/source hit in this pass,unknown,Fast Flux inference candidate from original list,unknown,do_not_generate_until_resolved,no,yes,"needs_retry,flux,fast_inference",,Keep in retry ledger; do not teach or generate until repo is source-verified.
PASS_02N,992,ComfyUI-FluxExt-MZ,MinusZoneAI/ComfyUI-FluxExt-MZ,PACK_SEARCH_HIT:FluxExt-MZ,FluxExt-MZ partial load / Flux extension,flux_advanced / low_vram,search_mapping_hit,covered_light,__init__.py source hit; exact schemas not swept,Flux extension/partial-load helpers likely,Low-VRAM Flux extension compatibility and red-node repair,Flux model-family specific; likely partial load patches,rag_first_fetch_before_workflow_json,no,yes,"flux,low_vram,model_patch,needs_dense_before_workflow",turn376file4,High-value Flux-specific extension; keep advanced/local-test only.
PASS_02N,993,ComfyUI-Kolors-MZ,MinusZoneAI/ComfyUI-Kolors-MZ,PACK_SEARCH_HIT:Kolors-MZ,Kolors-MZ model support,image_basics / modern_models,search_mapping_hit,covered_light,__init__.py and legacy node source hits,Kolors model pipeline outputs,Kolors model-family support and legacy workflow repair,Kolors model files / MZ extension dependencies,rag_first_fetch_before_workflow_json,no,yes,"kolors,model_family_specific,legacy_compat",turn376file0; turn376file3,"Useful for Kolors-specific workflows, not AIWF default."
PASS_02N,994,ComfyUI-KwaiKolorsWrapper,kijai/ComfyUI-KwaiKolorsWrapper,PACK_SEARCH_HIT:KwaiKolorsWrapper,KwaiKolors wrapper,image_basics / modern_models,search_mapping_hit,covered_light,nodes.py source hit; exact schema not swept,Kolors wrapper nodes,Kijai Kolors wrapper compatibility,Kwai/Kolors model files; Kijai wrapper dependencies,rag_first_fetch_before_workflow_json,no,yes,"kolors,kijai_wrapper,model_family_specific",turn376file5,Prefer source-verified Kijai wrapper if user actually needs Kolors.
PASS_02N,995,ComfyUI-ExtraModels,city96/ComfyUI_ExtraModels,PACK_SEARCH_HIT:ExtraModels,city96 ExtraModels,image_basics / modern_models,search_mapping_hit,covered_light,Gemma/offload source hits; huge miscellaneous model-family support pack,model-family loader/helper outputs,Old/experimental workflows using non-core model families,city96 extra model loaders and offload helpers,rag_first_fetch_before_workflow_json,no,yes,"misc_model_support,offload,experimental",turn376file1; turn376file2,RAG compatibility pack; not a default workflow foundation.
PASS_02N,996,ComfyUI_DiT,city96/ComfyUI_DiT,PACK_RETRY:ComfyUI_DiT,city96 DiT testbed,flux_advanced / modern_models,repo_unresolved_this_pass,needs_retry_or_stale_repo,listed repo did not resolve cleanly; search returned city96 profile only,unknown,DiT testbed / experimental model support if found,unknown,do_not_generate_until_resolved,no,yes,"needs_retry,experimental,dit",,Keep as stale/retry entry.
PASS_02N,997,ComfyUI-Scepter,modelscope/scepter,PACK_RETRY:Scepter,Scepter visual generation/editing,image_basics / editing,repo_not_schema_verified,needs_retry_or_stale_repo,broad ModelScope Scepter repo did not return ComfyUI node mapping in this pass,unknown,Visual generation/editing tasks if ComfyUI nodes are present,Scepter project dependencies,do_not_generate_until_schema_verified,no,yes,"needs_retry,broad_project,editing",,May be a broader project rather than a direct ComfyUI node pack; retry with exact custom-node path.
PASS_02N,998,ComfyUI-ACE_Plus,linhoi/ComfyUI-ACE_Plus,PACK_REPO_RESOLVED:ACE_Plus,ACE Plus ComfyUI alternate,image_advanced_inpaint / editing,repo_resolved_no_schema,covered_alternate,original ali-vilab path resolved to active ComfyUI-ACE_Plus alternatives; exact nodes not fetched,editing nodes likely,ACE Plus image editing / subject editing candidate,ACE Plus model files; custom dependencies,rag_first_dense_before_workflow_json,no,yes,"editing,model_family_specific,needs_dense",repo_search_only,Original listed repo path was not source-verified; active ComfyUI wrappers exist.
PASS_02N,999,ICEdit-ComfyUI-official,hayd-zju/ICEdit-ComfyUI-official,PACK_REPO_RESOLVED:ICEdit,ICEdit official ComfyUI,image_advanced_inpaint / editing,repo_resolved_no_schema,covered_light,repo resolved; exact node schemas not swept,ICEdit editing outputs likely,Official ICEdit editing workflow support,ICEdit model dependencies,rag_first_dense_before_workflow_json,no,yes,"editing,icedit,needs_dense",repo_search_only,High-value modern editing pack; schedule dense pass before workflow JSON.
PASS_02N,1000,ComfyUI-easycontrol,jax-explorer/ComfyUI-easycontrol,PACK_RETRY:easycontrol,EasyControl model usage,flux_advanced / control,repo_unresolved_this_pass,needs_retry_or_stale_repo,no usable source hit in this pass,unknown,EasyControl model/control support if repo is resolved,unknown,do_not_generate_until_resolved,no,yes,"needs_retry,control,flux",,Keep on retry ledger.
PASS_02N,1001,ControlNet-LLLite-ComfyUI,kohya-ss/ControlNet-LLLite-ComfyUI,PACK_SEARCH_HIT:ControlNet-LLLite,ControlNet-LLLite loader/apply,flux_advanced / control,search_mapping_hit,covered_light,node_control_net_lllite.py source hit,ControlNet-LLLite conditioning/control outputs,Lightweight ControlNet-LLLite support in legacy/Flux-adjacent workflows,ControlNet-LLLite model files,rag_first_fetch_before_workflow_json,no,yes,"controlnet,model_patch,needs_local_test",turn380file4,Important control compatibility pack; not a default until exact schemas are swept.
PASS_02N,1002,ComfyUI_omost,huchenlei/ComfyUI_omost,PACK_SEARCH_HIT:Omost,Omost regional prompt nodes,flux_advanced / regional,search_mapping_hit,covered_light,omost_nodes.py source hit,regional/scene conditioning outputs,Omost-style regional prompt implementation,Omost dependencies; possible LLM/regional planning,rag_first_fetch_before_workflow_json,no,yes,"regional_prompting,conditioning,needs_dense",turn380file1,"High-level composition/regional prompt system; useful for RAG, advanced local-test."
PASS_02N,1003,RES4LYF,ClownsharkBatwing/RES4LYF,PACK_REPO_RESOLVED:RES4LYF,RES4LYF advanced sampler/noise system,flux_advanced / samplers,repo_resolved_no_schema,covered_light_needs_dense,"repo resolved; huge pack, exact schemas not swept",sampler/noise/unsampling/regional outputs likely,"Advanced samplers, noise tools, RF inversion, regional conditioning",large custom sampler dependency surface,rag_first_dense_before_workflow_json,no,yes,"samplers,noise,rf_inversion,advanced,needs_dense",repo_search_only,Very powerful and complex; dense pass required before any recommendations.
PASS_02N,1004,ComfyUI-ppm,pamparamm/ComfyUI-ppm,PACK_SEARCH_HIT:ppm,ppm sampler/guidance/latent tools,flux_advanced / samplers,search_mapping_hit,covered_light,multiple module source hits: sampler/guidance/latent/FreeU/CLIP utilities,sampler/guidance/latent outputs,"Advanced CFG++, SMEA, FreeU, latent tonemap/misc utilities",sampler/guidance internals,rag_first_dense_before_workflow_json,no,yes,"samplers,guidance,latent,quality_risk,needs_dense",turn380file2; turn380file5; turn380file7; turn380file9; turn380file10; turn380file11,High-value but advanced; treat as RAG-first.
PASS_02N,1005,sd-perturbed-attention,pamparamm/sd-perturbed-attention,PACK_SEARCH_HIT:sd-perturbed-attention,PAG / NAG / TPG / PLADIS guidance,flux_advanced / samplers,search_mapping_hit,covered_light,PAG/NAG/TPG/PLADIS node files found,guidance patch/model outputs,Perturbed-attention and guidance-method experiments,guidance patches; model/sampler-sensitive,rag_first_dense_before_workflow_json,no,yes,"guidance,attention,quality_risk,needs_dense",turn380file0; turn380file3; turn380file6; turn380file8,Important guidance family; dense before settings advice.
PASS_02N,1006,Dynamic Thresholding,mcmonkeyprojects/sd-dynamic-thresholding,PACK_RETRY:DynamicThresholding,Dynamic CFG / thresholding,image_basics / flux_advanced,repo_not_schema_verified,needs_retry_or_stale_repo,no mapping hit in this pass,unknown,Dynamic thresholding for high-CFG workflows,unknown,do_not_generate_until_resolved,no,yes,"needs_retry,cfg,thresholding",,Functionality important but source not verified this pass.
PASS_02N,1007,ComfyUI-AutomaticCFG,Extraltodeus/ComfyUI-AutomaticCFG,NODE_MAPPING:AutomaticCFG,Automatic CFG family,flux_advanced / samplers,mapping_confirmed,covered_light,"NODE_CLASS_MAPPINGS confirmed: Automatic CFG, Negative, Warp Drive, Preset Loader, Advanced, attention modifiers, unpatch",MODEL patch / CFG behavior outputs,Automatic/self-rescaling CFG and attention modifiers,model patching; sampler/guidance-sensitive,rag_first_dense_before_workflow_json,no,yes,"cfg,attention,model_patch,quality_risk",turn384file0,High-value guidance pack; use only after dense settings pass.
PASS_02N,1008,Skimmed_CFG,Extraltodeus/Skimmed_CFG,PACK_RETRY:Skimmed_CFG,Skimmed CFG anti-burn,flux_advanced / samplers,repo_unresolved_this_pass,needs_retry_or_stale_repo,no usable source hit in this pass,unknown,Anti-burn / high-CFG mitigation if repo resolves,unknown,do_not_generate_until_resolved,no,yes,"needs_retry,cfg,anti_burn",,Keep as retry.
PASS_02N,1009,Euler-Smea-Dyn-Sampler,Koishi-Star/Euler-Smea-Dyn-Sampler,PACK_RETRY:Euler-Smea-Dyn-Sampler,Euler SMEA Dyn sampler,flux_advanced / samplers,repo_unresolved_this_pass,needs_retry_or_stale_repo,no usable source hit in this pass,unknown,Adds sampler behavior directly to KSampler if source-verified,unknown,do_not_generate_until_resolved,no,yes,"needs_retry,sampler",,Keep as retry.
PASS_02N,1010,ComfyUI-ConDelta,envy-ai/ComfyUI-ConDelta,PACK_SEARCH_HIT:ConDelta,ConDelta conditioning manipulation,flux_advanced / conditioning,search_mapping_hit,covered_light,nodes.py source hit; exact schemas not swept,conditioning outputs likely,Conditioning manipulation / delta operations,conditioning internals,rag_first_fetch_before_workflow_json,no,yes,"conditioning,advanced,needs_dense",turn381file0,Advanced conditioning utility; not default.
PASS_02N,1011,Advanced Reflux control,kaibioinfo/ComfyUI_AdvancedRefluxControl,PACK_SEARCH_HIT:AdvancedReflux,Advanced Reflux control,flux_advanced / Redux,search_mapping_hit,covered_light,nodes.py source hit; exact schemas not swept,Redux/Reflux control outputs likely,Redux style/content conditioning control,Flux Redux/Reflux model path,rag_first_fetch_before_workflow_json,no,yes,"flux,redux,style_control,needs_dense",turn382file1,"Useful for Flux Redux-style workflows, advanced only."
PASS_02N,1012,Comfyui_Flux_Style_Adjust,yichengup/Comfyui_Flux_Style_Adjust,PACK_RETRY:Flux_Style_Adjust,Flux Style Adjust,flux_advanced / Redux,repo_not_schema_verified,needs_retry_or_stale_repo,no mapping/source hit in this pass,unknown,StyleModelApply controls if source-verified,unknown,do_not_generate_until_resolved,no,yes,"needs_retry,flux,style_model",,Keep as retry.
PASS_02N,1013,ComfyUI-Flux-Continuum,robertvoy/ComfyUI-Flux-Continuum,PACK_RETRY:FluxContinuum,Flux Continuum UI controls,flux_advanced / UI,repo_not_schema_verified,needs_retry_or_stale_repo,no mapping/source hit in this pass,unknown,Modular Flux interface controls if source-verified,unknown,do_not_generate_until_resolved,no,yes,"needs_retry,flux,ui_specific",,Keep as retry.
PASS_02N,1014,Flux Prompt Generator for ComfyUI,fairy-root/Flux-Prompt-Generator,PACK_SEARCH_HIT:FluxPromptGenerator,Flux Prompt Generator,flux_advanced / prompting,search_mapping_hit,covered_light,flux_prompt_generator.py source hit,text prompt outputs,Prompt generation tuned for Flux workflows,prompt generator dependencies,rag_first_fetch_before_workflow_json,no,yes,"prompt_generator,flux,teaching_caution",turn382file0,Useful helper but should not replace teaching prompt mechanics.
